{"type": "FeatureCollection", "features": [{"type": "Feature", "properties": {"code": "0.0", "name": "WATER"}, "geometry": {"type": "Polygon", "coordinates": [[[-85.88869170494016, 47.99524993956031], [-85.74111666848559, 47.93278761040847], [-85.5858110248799, 47.918809942866574], [-85.42054135876215, 47.919323537762736], [-85.27704978256192, 47.95658450259211], [-84.96088731737287, 47.959769439866434], [-84.84685184413627, 47.94545876117995], [-84.83219148637578, 47.91143847889205], [-84.9403553818727, 47.82808521622801], [-84.90299750776487, 47.77877300686669], [-84.94547222755911, 47.729452015515854], [-84.97649258834466, 47.729826158710054], [-85.00249394098138, 47.707069352043376], [-84.97370874243659, 47.66803269805825], [-85.02972854279797, 47.60150987449306], [-84.95492229009714, 47.5640316647283], [-84.94311183491726, 47.529035497227675], [-84.78648447384681, 47.47034552015857], [-84.71202785856642, 47.41337532101573], [-84.69283545525522, 47.36796376083613], [-84.62550880793015, 47.34770602249379], [-84.58812203616097, 47.29920284068072], [-84.65350908498891, 47.238997787961054], [-84.70301455445812, 47.16107539487397], [-84.73816085963755, 47.14369885106749], [-84.71434913788744, 47.1059782289061], [-84.77423274167079, 47.05236432994361], [-84.79263479543769, 46.9929050501128], [-84.73818261919355, 46.95643237408693], [-84.70071077948272, 46.96490881548499], [-84.66617546173488, 46.953191458130874], [-84.65529468741323, 46.9146637901161], [-84.62193870196138, 46.891182679145544], [-84.59882800853072, 46.89705273471522], [-84.60756076980911, 46.925108518566965], [-84.5860379814969, 46.93815001791786], [-84.52180484343745, 46.92376542268882], [-84.46266469807759, 46.93461535078914], [-84.349683609745, 46.875970195094226], [-84.40500587879812, 46.81906947180484], [-84.45711875946431, 46.84311007434008], [-84.55017271739031, 46.81509738930386], [-84.53470674339805, 46.79600165261769], [-84.55436851967525, 46.76291882715695], [-84.54652646695595, 46.74203562018878], [-84.57405011363117, 46.733588538000106], [-84.56552407743763, 46.68931560837875], [-84.52506100176608, 46.69514531219171], [-84.4887585968786, 46.756782813658326], [-84.46947956894753, 46.76087794933705], [-84.42855259705904, 46.73670267169464], [-84.4353957547024, 46.711671161901066], [-84.4185486299254, 46.68927854236202], [-84.59555524844474, 46.574149657151], [-84.5902702322799, 46.52975244915344], [-84.53709621765431, 46.506529918977805], [-84.52452662812073, 46.473882744943246], [-84.47380028902434, 46.463838857414295], [-84.46163305745533, 46.47792816970978], [-84.48164874792523, 46.491419934586055], [-84.42310847339476, 46.51367808975122], [-84.4019877411294, 46.502787533757655], [-84.38075629969458, 46.5218914065283], [-84.26836005865954, 46.497104910572695], [-84.228664440939, 46.53637307812106], [-84.18198924223698, 46.5496176450755], [-84.16917848420509, 46.54414415968005], [-84.17501870226731, 46.530991601843674], [-84.14022768098454, 46.53326709061064], [-84.12299381420404, 46.530237267836114], [-84.07968986338163, 46.49477840368109], [-84.08604963537083, 46.511771108331914], [-84.0348957533958, 46.50971785147726], [-84.07656381531342, 46.492958264373776], [-84.09846143068283, 46.4595695667616], [-84.0945514525497, 46.426448942128594], [-84.13109934733922, 46.39747602385597], [-84.1194182928937, 46.343039255346895], [-84.09673984737707, 46.33152596812945], [-84.11300252590131, 46.34946180701728], [-84.10271348093697, 46.35577189968069], [-84.09085138364988, 46.332638062635425], [-84.08291433621748, 46.344891291202856], [-84.08251363789512, 46.325831270152094], [-84.0517040014829, 46.31359891015235], [-83.91108448791667, 46.33281178944659], [-83.86604891477738, 46.29566682550821], [-83.76212657579308, 46.2914546763794], [-83.70548364872865, 46.267564286305536], [-83.61499910879104, 46.278518480534316], [-83.57207348543348, 46.258807426867975], [-83.56997923277576, 46.238731507255665], [-83.54099976513164, 46.254590682179305], [-83.14676293727037, 46.18425420956879], [-83.10402293725585, 46.19400876755716], [-83.05914965927423, 46.16544062669482], [-82.68596576664443, 46.19896250541929], [-82.70559300849872, 46.172339115975454], [-82.67662505759586, 46.15830930047991], [-82.45158844947481, 46.193377974540084], [-82.32480030711368, 46.183859193169944], [-82.32207078894004, 46.16447826916423], [-82.37972808668566, 46.16920840007583], [-82.40851048394988, 46.15771107632731], [-82.34411348680104, 46.152979271204], [-82.31223031850493, 46.133522728749064], [-82.2356076900788, 46.14020296127555], [-82.14628168708475, 46.104693806064766], [-82.08229638329635, 46.113621293884684], [-81.95601283537684, 46.08952086858154], [-81.71583423784469, 46.09849014428219], [-81.72008563944203, 46.081269862459614], [-81.77685185847989, 46.063510633232546], [-81.7731705596349, 46.005752137052546], [-81.79774986234375, 46.02139153111307], [-81.78621188310899, 46.049716825422124], [-81.80693682264241, 46.055477792467066], [-81.9304575019728, 46.04651687283506], [-81.95095726132178, 46.003460362184555], [-81.89409696089888, 45.98352300016435], [-81.84653399314611, 45.994636560222176], [-81.80745674823919, 45.97734025224366], [-81.78067633902077, 45.98576092190523], [-81.72865819354868, 46.042457077844176], [-81.74349154983544, 46.06277418353408], [-81.64942657770096, 46.06716352352428], [-81.65749161763966, 46.08894193115081], [-81.643992838658, 46.110128526760136], [-81.54167426693579, 46.08912609209945], [-81.53735722997158, 46.04401262211861], [-81.61556009563552, 46.03102128561693], [-81.6147095563597, 46.01882177193128], [-81.65562882108736, 46.00717821449204], [-81.57056047921142, 46.00294866074392], [-81.56326688031577, 45.99150924502308], [-81.68867071639666, 45.93831267882455], [-81.48979930598502, 46.01032914051147], [-81.50711386990547, 45.967792292695094], [-81.40110293775999, 45.987212079566454], [-81.28544484505959, 45.96812853170518], [-81.24976395025736, 45.94852129644914], [-81.18853721648281, 45.95439260233202], [-81.18847293359279, 45.973907936688015], [-81.14770772362805, 45.99679057994182], [-81.14134983770298, 45.978900485877986], [-81.18136758998807, 45.928840988700294], [-81.15694870241731, 45.925587424329244], [-81.0442983552789, 45.95235481319141], [-80.96834496151766, 45.94691188228043], [-80.93513991783784, 45.92624865861514], [-80.88760762570084, 45.937603826510504], [-80.83312539100437, 45.91844929283534], [-80.79394554247527, 45.952233213339966], [-80.78499693502296, 45.92866645583335], [-80.80048654262053, 45.899694888214356], [-80.7652042495405, 45.92146975396672], [-80.73416520145335, 45.914216277447096], [-80.72497244106665, 45.855543151064374], [-80.66808800003972, 45.8395770760017], [-80.71485458569873, 45.83350027857188], [-80.70896388125337, 45.8131389708124], [-80.66932299697193, 45.80848899945481], [-80.6253174350864, 45.76720277698845], [-80.62366076914007, 45.7141502153132], [-80.5855155407451, 45.693718876876396], [-80.59041451064232, 45.66475666029293], [-80.57383280789887, 45.643593829415], [-80.50688898535934, 45.62362804461861], [-80.5200179527644, 45.59947104028471], [-80.49078610854171, 45.5879228017311], [-80.4984610258114, 45.564348701925454], [-80.41697978879382, 45.57945619723381], [-80.40558368382793, 45.60251560372809], [-80.38670653480143, 45.59983340122681], [-80.37064752485512, 45.554745667146975], [-80.39113599537298, 45.48257589355796], [-80.3801965069752, 45.435541063502214], [-80.30555114075526, 45.41890145551946], [-80.30822215196952, 45.38346865771266], [-80.29088575424034, 45.354199067382716], [-80.17042115993303, 45.33245052946673], [-80.17278338468476, 45.35147197797549], [-80.20101659158243, 45.36479219197366], [-80.18714035237068, 45.380864060765795], [-80.15413998429105, 45.399002147919], [-80.06958769046282, 45.39280850008331], [-80.05727617082836, 45.35258933463026], [-80.03014515711439, 45.32979814109075], [-80.04371907444944, 45.28852793445536], [-80.07194859742499, 45.261275861445796], [-80.12484063225581, 45.246787876216004], [-80.13127559997132, 45.229717120677115], [-80.10894496860892, 45.21268342357057], [-80.10906341107862, 45.182016364188605], [-80.06746134320517, 45.200839438476486], [-80.01258902936645, 45.17905326985052], [-80.01179339363705, 45.15373827070218], [-79.99245331307723, 45.14166395341745], [-80.0171346401618, 45.110765160119165], [-80.09377368641815, 45.11906555894985], [-80.05652111685417, 45.092852140203355], [-80.08118222488393, 45.07990354876833], [-80.05491577615479, 45.06150617223771], [-80.00945341426828, 45.06131785605063], [-80.00235191354712, 45.021138190235824], [-79.92686173706069, 44.999740831141246], [-79.9171814400511, 44.932473671950106], [-79.87247192827473, 44.95486468066133], [-79.82460999148174, 44.93206450294976], [-79.843229948518, 44.902636123713506], [-79.79875413532683, 44.88469847846364], [-79.79720341800822, 44.869092767496085], [-79.81970455518426, 44.86372247902586], [-79.81200638589064, 44.855444373157596], [-79.77071384636952, 44.841631125915505], [-79.7891295861074, 44.80745089622122], [-79.73978630630413, 44.7906836091694], [-79.70016259419124, 44.83075685504436], [-79.73889110396645, 44.862130851363816], [-79.68653393772925, 44.86857615307438], [-79.68023092991464, 44.816912483453216], [-79.71213269536615, 44.80565097146122], [-79.71802218862724, 44.781361557642896], [-79.70877353157049, 44.75878794181759], [-79.66802820628347, 44.74821009015688], [-79.7183450328305, 44.75243344705979], [-79.73858668586276, 44.73349815729546], [-79.75603248351885, 44.76243707541572], [-79.79246137362718, 44.738630652675255], [-79.81780705418504, 44.761109227113394], [-79.89178906512934, 44.75255594640247], [-79.86884728184624, 44.78625186836321], [-79.88934495916335, 44.8082538035273], [-79.93804172807398, 44.805325758350456], [-79.90792449791165, 44.83643860475468], [-79.93002085139922, 44.85896125437472], [-80.02906494669703, 44.84435827168089], [-80.05032238740571, 44.79437188400297], [-80.07505856864941, 44.814871516860606], [-80.11834526495045, 44.803142447706676], [-80.12575814769694, 44.74686313675544], [-80.00714259051875, 44.6998552591386], [-79.9871677697938, 44.66269625081366], [-80.00582433309661, 44.60147604831908], [-80.00129080245807, 44.54389200280766], [-80.05565671613572, 44.48809945408961], [-80.09227703804864, 44.472512456485944], [-80.28147599177315, 44.52875373955519], [-80.3869461890154, 44.53487667691405], [-80.49736726999684, 44.59203878674748], [-80.57559008586084, 44.60336694996569], [-80.61740820971855, 44.63493436107213], [-80.6110846445173, 44.674096573222585], [-80.62740938828713, 44.713348869000065], [-80.64498839682263, 44.71981272022766], [-80.76784225375508, 44.7104792241863], [-80.93259914547502, 44.58913878447516], [-80.93780166942818, 44.61013088388737], [-80.88236305564222, 44.74293725192658], [-80.89948956325448, 44.79078861514644], [-80.99310022498015, 44.80724983035809], [-81.10576596587815, 44.74909983291823], [-81.12779812060202, 44.75087225409808], [-81.1110919120494, 44.78296129981314], [-81.01200811228314, 44.85174417926842], [-81.00152855091916, 44.87146885721295], [-81.0174473267834, 44.90253801883027], [-80.96236042085667, 44.9492133415676], [-81.03850439601584, 44.957937331475975], [-81.05149440727108, 44.92978230544344], [-81.04049780492937, 44.914583385379714], [-81.05767238521506, 44.89312808884785], [-81.08557577875534, 44.891254310853164], [-81.09313958422733, 44.91448018232882], [-81.14335053351596, 44.896696146441606], [-81.15020836102204, 44.90519743896575], [-81.11141147765882, 44.950267153245264], [-81.20478533261898, 44.96205636960152], [-81.19005470793799, 44.99943750002111], [-81.24298063750886, 44.98577393774975], [-81.26713858759436, 45.00323808345468], [-81.2561738727733, 45.07400475566979], [-81.28840550163619, 45.11664891727763], [-81.3217602046216, 45.12764580945315], [-81.3284006147846, 45.151802057674544], [-81.28513180532792, 45.23548790818358], [-81.46126954996063, 45.225937001554705], [-81.6454536915895, 45.26304761612825], [-81.68968734896413, 45.24661348876223], [-81.71390554528972, 45.217473546896805], [-81.6897852856726, 45.19221553376358], [-81.62384589803663, 45.17343418270936], [-81.57116742757545, 45.18054025933561], [-81.58620279510146, 45.14499202232047], [-81.51125582156496, 45.09632699355501], [-81.50121034691621, 45.06751340269469], [-81.45093281577927, 45.0228753534011], [-81.42990549198984, 44.97026549243172], [-81.36528915195117, 44.983611157712836], [-81.34863991589778, 44.95356721764638], [-81.36398669290452, 44.929890612023144], [-81.35633703739006, 44.88102914445319], [-81.28091146909237, 44.79153410557499], [-81.26962260993922, 44.704858137053314], [-81.29705414044186, 44.68542579428789], [-81.2639825349847, 44.63408984201738], [-81.29061380105253, 44.57701383061344], [-81.38670711475935, 44.484215287286126], [-81.4081817454077, 44.429689259487944], [-81.49134360982929, 44.40711208978686], [-81.59956153132923, 44.31824064245815], [-81.5910443484725, 44.28687836156247], [-81.61529626985208, 44.20813040178979], [-81.66690375024179, 44.141794307581364], [-81.7481666956516, 44.07804052309899], [-81.71623505650882, 43.90298613736924], [-81.722087168956, 43.67834401589133], [-81.70051397967431, 43.54472919738387], [-81.71346164470388, 43.442970818676784], [-81.70241678993543, 43.40210719319696], [-81.72493280337719, 43.35311585308827], [-81.767944396348, 43.31329068158916], [-81.94625360401446, 43.2194228232981], [-82.0142300630065, 43.211687575258736], [-82.01773216421553, 43.17937672032986], [-82.18024630227394, 43.05963332547409], [-82.42250090730393, 43.00005868206699], [-82.41287877167095, 42.977071061311186], [-82.41665065955878, 42.96664318052721], [-82.46982602062387, 42.8874900524053], [-82.46887396662821, 42.85234558539388], [-82.48195736138494, 42.808661218024824], [-82.46739330072191, 42.76194294963001], [-82.5186882757628, 42.6139223087883], [-82.58390211127872, 42.55407589128095], [-82.58968518462811, 42.55071293347322], [-82.60459265661565, 42.54862696077799], [-82.64082429719693, 42.555007867528204], [-82.67594545486297, 42.522018181911626], [-82.62118181786491, 42.54240909075135], [-82.60103636400272, 42.49933636409544], [-82.5195636359737, 42.4962545454111], [-82.47570909105384, 42.517845454867924], [-82.48004545385858, 42.49962727295788], [-82.46387272744509, 42.493236364079245], [-82.48470909078688, 42.467981817952406], [-82.42319090845874, 42.49053636382333], [-82.41672727312206, 42.459327272408466], [-82.43386363667067, 42.45085454543923], [-82.41470000044657, 42.436663636157505], [-82.41654545484023, 42.40742727246728], [-82.45286363626319, 42.326663636676706], [-82.48028181790933, 42.314427272334164], [-82.58215454513712, 42.3228636359417], [-82.67800909084083, 42.301354545777485], [-82.9389906854762, 42.34257725559387], [-83.05958842470079, 42.3157067446916], [-83.09092232000204, 42.29197257680507], [-83.10749110049626, 42.25584247716549], [-83.10447050050082, 42.19751254802155], [-83.12135398129791, 42.17509884306974], [-83.11856519261484, 42.05502289243036], [-82.93275757098954, 41.98213198291956], [-82.81669299294975, 41.99544809431796], [-82.7506836484767, 42.02699239129874], [-82.63321166515293, 42.03635705643109], [-82.57546948767825, 42.01569164034222], [-82.50664717745471, 41.92171223701053], [-82.49859599359104, 42.00711451448879], [-82.47112991609292, 42.05662744500974], [-82.41107664343964, 42.11135459504144], [-82.06171169038221, 42.255260117696224], [-81.92974122498455, 42.25903561152542], [-81.9256463101887, 42.287979469838795], [-81.87105011274627, 42.32048347019381], [-81.85389860882563, 42.3174426727834], [-81.87704591404966, 42.25343154662616], [-81.84881866256526, 42.25405847588252], [-81.8350378987919, 42.35205405223035], [-81.80040796104483, 42.39553302036058], [-81.63088834893816, 42.48955365498583], [-81.55801056988211, 42.55368320396172], [-81.44881886832907, 42.60550452128598], [-81.39573207599415, 42.61140637908581], [-81.33755746566735, 42.65082023646624], [-81.12231082167195, 42.66986733478825], [-80.88358638543033, 42.659049229668376], [-80.6037588769037, 42.57815284744746], [-80.37936232552721, 42.576901756580064], [-80.09518938303803, 42.53952114947044], [-80.0441144402214, 42.549965479855594], [-80.1352272895618, 42.57311085953718], [-80.14848708151418, 42.56147782058382], [-80.24430711568445, 42.56667427127184], [-80.33884992435601, 42.600642259978684], [-80.43111170928351, 42.59143073431888], [-80.44568891149281, 42.62305322638181], [-80.37391273503634, 42.673490298898415], [-80.3351328125322, 42.655904475115896], [-80.31455515725773, 42.7014244789752], [-80.20235738819856, 42.783424739425094], [-80.06702893753359, 42.78612521436583], [-80.0107233172504, 42.80602820510157], [-79.98237403519649, 42.79503193246607], [-79.7027588087929, 42.859500577267156], [-79.63374585803442, 42.83773079398438], [-79.57730273769097, 42.85716279559965], [-79.54229387048812, 42.84250420886815], [-79.47765681738018, 42.846561564511646], [-79.44169350642179, 42.87519484730157], [-79.38202963429927, 42.863459017006704], [-79.16012867805141, 42.87536293592558], [-79.09187499157893, 42.837701543081664], [-79.0839615892978, 42.86250588309114], [-78.94400939010795, 42.880677545308075], [-78.90915115691308, 42.90733024909012], [-78.91502808907681, 42.9332864905916], [-79.01804579656735, 42.97634131614809], [-79.03035811779597, 43.00708224160699], [-79.01914063254607, 43.04836683266679], [-79.07892733577054, 43.07755497314402], [-79.05831910589623, 43.109119713910964], [-79.07378314008965, 43.12131659651323], [-79.04324992319994, 43.14299430849454], [-79.05687434434769, 43.171455899008066], [-79.06446584382377, 43.257108914729166], [-79.11781616245062, 43.2623573018411], [-79.36021697625641, 43.18170510440734], [-79.42236056772842, 43.20287349525991], [-79.58397626582173, 43.20811368903009], [-79.72109589895558, 43.2430462789082], [-79.75293738787613, 43.26310981357472], [-79.78267734401857, 43.32362239458417], [-79.63473265964892, 43.469075838593284], [-79.59711860745801, 43.53930337152237], [-79.53659240646823, 43.588256552114984], [-79.48967672033342, 43.608096355970304], [-79.46541784273889, 43.63765877090181], [-79.34757488571465, 43.64655643771522], [-79.29047349044531, 43.675097302313134], [-79.18655549679595, 43.75316285261153], [-79.14775057423437, 43.76453502217057], [-79.09051322065318, 43.81882666506713], [-78.98080784948779, 43.833894895412065], [-78.92825423212619, 43.85714809153643], [-78.7122112471574, 43.871396395922645], [-78.60978464206013, 43.89962206041743], [-78.49855123144661, 43.90084489484558], [-78.24634556552063, 43.95649243324927], [-77.92257696516197, 43.976152650314596], [-77.7685399287349, 44.00871658891484], [-77.68143336472949, 43.992773450859154], [-77.67895289638524, 44.00623544497691], [-77.7094753099661, 44.00074045593709], [-77.73254320760287, 44.01705826725315], [-77.7012411437881, 44.03534986628918], [-77.67785281965838, 44.01843842838213], [-77.60666991857606, 44.03862978618732], [-77.52348608137325, 43.99951198532903], [-77.57845738602852, 43.987543458480914], [-77.50580991592096, 43.95151938234684], [-77.49189353268747, 43.92774256764498], [-77.33783582465247, 43.956978706504785], [-77.25144915613474, 43.95608088645076], [-77.2675754193393, 43.92326300316147], [-77.30547635674978, 43.9287143506009], [-77.27426336409385, 43.896934340756665], [-77.21509657966797, 43.89204332979134], [-77.23146957420495, 43.86397089592841], [-77.17021000682671, 43.86666032441208], [-77.15254664770708, 43.84575859051078], [-77.04061845936636, 43.8945415257765], [-76.84760403221168, 43.93668139600582], [-76.85383183673652, 43.95225260198149], [-76.92708497945297, 43.935402492522265], [-77.00351181753143, 43.94931189774402], [-77.02496817564307, 43.92543667946287], [-77.03786368351288, 43.932706903044426], [-77.03086874787785, 43.95951622026426], [-76.98298261482843, 44.00553015522905], [-76.89688380993488, 44.04123513981233], [-76.84161859396934, 44.11324714957845], [-76.97466588238964, 44.047710191553115], [-77.11440484261821, 44.03898084530095], [-77.05416838303444, 44.162403184014295], [-77.06426583420208, 44.171830202573894], [-77.16547402742738, 44.15015780270318], [-77.20312474239009, 44.12395801684689], [-77.20448060807317, 44.13891513577826], [-77.25510497590432, 44.131522245280394], [-77.29531138654558, 44.09928337881501], [-77.23470231483371, 44.103078349816045], [-77.27380771531764, 44.0884473994393], [-77.33724541531038, 44.09018569476634], [-77.31755914907274, 44.11591849496497], [-77.33613408412378, 44.120649515785004], [-77.30175747985805, 44.143824912399616], [-77.38333636310838, 44.14476740635674], [-77.57225176827532, 44.06087169559381], [-77.58748095163085, 44.065767908258515], [-77.56761042678396, 44.099580981643854], [-77.34131549198136, 44.166610005420914], [-77.29889481854542, 44.15812662357304], [-77.23840382507309, 44.18187935500034], [-77.2065120470305, 44.16302166265353], [-77.1491802268128, 44.16413873060453], [-77.0322009279442, 44.19956765934219], [-76.9859816871327, 44.19828769784668], [-77.03854652650783, 44.17488859420243], [-77.05068851095551, 44.111836940698964], [-76.93372808965998, 44.18530746161283], [-76.89173534556076, 44.17209748190266], [-76.88926316260583, 44.15895018913908], [-76.91423951525483, 44.14746658867228], [-77.00367402005166, 44.13425484017751], [-77.01953080554071, 44.10681907858462], [-77.07102409408319, 44.082272284033664], [-77.02902596527939, 44.075440879934106], [-77.04163139826245, 44.0550966406606], [-76.98347390933694, 44.06382175484465], [-76.91168627443004, 44.11422322740075], [-76.70345800873133, 44.21008769551097], [-76.54940610762459, 44.21034480674566], [-76.3402674129367, 44.27237544810546], [-76.30445784568695, 44.29758255231851], [-75.97460310186221, 44.3719110248319], [-75.74394521778446, 44.53797681150028], [-75.7325000001639, 44.52894545417319], [-75.7925363636431, 44.46261818220007], [-75.77520000059515, 44.46952727205431], [-75.76487272690375, 44.45027272832527], [-75.75450000006794, 44.457100000053096], [-75.74786363679203, 44.45957272717978], [-75.79526363544956, 44.40539090898432], [-75.81551818190069, 44.40911818232689], [-75.85579999982858, 44.38386363556448], [-75.86227272753351, 44.373190908953866], [-75.85206363747085, 44.379563636079745], [-75.85042727301023, 44.375500000772085], [-75.83585454598727, 44.38270000034509], [-75.8360636353422, 44.37910909123696], [-75.86498181824888, 44.35059090870429], [-75.8615818184378, 44.36880909166047], [-75.88505454479282, 44.36392727210978], [-75.92290908970791, 44.33648181776486], [-75.9129545465139, 44.32868181824094], [-75.98177272612541, 44.30153636354117], [-76.01250909117789, 44.266700000115854], [-76.08986363638105, 44.23250909139486], [-76.10791818251747, 44.23930909123064], [-76.1983818189681, 44.206781818022804], [-76.36998181759665, 44.104309091064856], [-76.34440909043849, 44.087672727854546], [-76.36005454563086, 44.07087272755947], [-76.31220909103554, 44.08168181844031], [-76.33460000032514, 44.064945454236955], [-76.2949454548761, 44.058363636647556], [-76.302445453397, 44.01217272751206], [-76.26588181775752, 43.99548181760527], [-76.28149090870187, 43.96096363602809], [-76.23790909107217, 43.97724545435806], [-76.20083636402859, 44.02512727313858], [-76.28370000020047, 44.01097272702452], [-76.26458181737304, 44.04895454668303], [-76.27519999950137, 44.052145454964354], [-76.20383636410737, 44.08089090930347], [-76.20519999953217, 44.05490000027487], [-76.1469909093441, 44.07021818201339], [-76.14888181768035, 44.05910000073962], [-76.13456363744193, 44.064218182355106], [-76.12830909154998, 44.063681817853436], [-76.16719090854657, 44.03305454632688], [-76.118718181437, 44.03455454582557], [-76.2040000000498, 43.988118181925046], [-76.20041818222568, 43.968172727362166], [-76.13598181805371, 43.96540909116234], [-76.07867272644006, 44.00410909109369], [-76.05871818145978, 43.98604545431852], [-76.06396363632805, 43.971172727113306], [-76.07199090930135, 43.96482727224933], [-76.08369090926384, 43.9768909098424], [-76.13527272734704, 43.94499090955743], [-76.12881818143603, 43.8960727273346], [-76.20162727359303, 43.8650181820924], [-76.2056727274811, 43.84916363625841], [-76.23745454573819, 43.8638000003484], [-76.23079999947421, 43.8868090908042], [-76.22184545508448, 43.885863637013244], [-76.21100000038399, 43.89556363764164], [-76.21301818150864, 43.90070000065151], [-76.2973909102579, 43.8559272727116], [-76.29914545448595, 43.83857272732917], [-76.26715454570731, 43.838127271834914], [-76.27031818173663, 43.82485454656931], [-76.22913636236758, 43.82466363605761], [-76.23800909033939, 43.81072727214071], [-76.19990909061521, 43.68020000009504], [-76.18449999930573, 43.682736363821526], [-76.18906363746463, 43.67034545520109], [-76.1593181820641, 43.65398181802002], [-76.18995454574173, 43.63110000004671], [-76.19684545361463, 43.65077272752912], [-76.20249090914513, 43.57955454520898], [-76.22420909133284, 43.537118182341295], [-76.2971454541337, 43.512972728013054], [-76.41706363605225, 43.52141818103444], [-76.6309454536077, 43.41298181845701], [-76.70258181748906, 43.34446363698789], [-76.70656363757851, 43.31503636393187], [-76.71928181843364, 43.315072727330566], [-76.70865454454953, 43.34712727362254], [-76.79333636275668, 43.309545455011126], [-76.93873636361371, 43.27684545426427], [-76.94179090924587, 43.24343636265812], [-76.92720909054124, 43.23883636270942], [-76.9232090911093, 43.22837272842805], [-76.92662727237006, 43.2134363640877], [-76.93154545358782, 43.229627273291335], [-76.993590909882, 43.262209090625056], [-76.97421818042311, 43.27427272741163], [-77.04146363659164, 43.27065454475374], [-77.10555454576316, 43.28922727251822], [-77.39245454618441, 43.27611818265203], [-77.5530090911966, 43.235990909398204], [-77.71680909195995, 43.30784545369575], [-77.71424545437495, 43.32356363619188], [-77.76029090930813, 43.341281818263035], [-78.10450909031441, 43.37562727366803], [-78.54779999981949, 43.369463636091766], [-79.06317272801911, 43.26365454679096], [-79.0506090903981, 43.25249090969444], [-79.04087272792081, 43.14413636433875], [-79.06755454427147, 43.12091818240968], [-79.06010909125631, 43.11383636399645], [-79.05673636414396, 43.10580909122939], [-79.070109091312, 43.08593636398503], [-78.94767272615152, 43.07260000061316], [-78.89049999841897, 43.04539090968317], [-78.88040000016737, 43.029154544613164], [-78.8816818181915, 43.02412727263412], [-78.94145454483845, 42.98132727369659], [-78.91080909037136, 42.954245454051524], [-78.89928181860661, 42.92888181818975], [-78.90189090854643, 42.896409091344935], [-78.88518181782877, 42.881227273265296], [-78.89023636354247, 42.87573636443377], [-78.86051818256202, 42.833836363800614], [-78.84653636376946, 42.835754544516064], [-78.85696363717929, 42.820881819108834], [-78.87279090886624, 42.82831818192847], [-78.85428181742773, 42.78379090926992], [-78.91715454479477, 42.73709090939887], [-79.04756363659766, 42.691536363859264], [-79.06473636355133, 42.64410000026695], [-79.11081818242928, 42.613700000099506], [-79.14900000029218, 42.55350909119789], [-79.24877272742901, 42.53215454629499], [-79.33085454512378, 42.489263636670906], [-79.35465454638162, 42.49400000055975], [-79.4512545460371, 42.41212727323669], [-79.6803181823896, 42.29875454493062], [-80.15185454521564, 42.11286363632263], [-80.12782727270698, 42.14975454612026], [-80.07979999942414, 42.15226363601828], [-80.0677181813018, 42.17098181852339], [-80.11619999979631, 42.166263637413216], [-80.16573636298963, 42.1060181819001], [-80.327799999648, 42.03662727293463], [-80.54540909070514, 41.96512727308196], [-81.0020181822752, 41.85345454663618], [-81.24594545417125, 41.76174545501216], [-81.28237272709686, 41.765927273553444], [-81.44575454433628, 41.673409091615476], [-81.62206363593235, 41.54707272675276], [-81.74324545509553, 41.48772727281128], [-81.79794545414498, 41.49759090964905], [-81.87689090879887, 41.48321818176003], [-82.01260000063687, 41.51567272686057], [-82.18607272823824, 41.47387272752125], [-82.26378181764046, 41.43184545462628], [-82.36368181806012, 41.42714545419146], [-82.48649090877137, 41.38089090905101], [-82.61713636402753, 41.42842727244046], [-82.60196363593528, 41.41944545523037], [-82.60241818233202, 41.41623636450334], [-82.60639090862027, 41.41320000034126], [-82.70054545510999, 41.464190909092004], [-82.75499090835814, 41.444490909253275], [-82.82661818251142, 41.4785545448549], [-82.83594545486594, 41.45163636268587], [-82.92256363565082, 41.41909090890876], [-82.95598181848851, 41.4256727271624], [-82.9765090905853, 41.45389090906864], [-83.009590909218, 41.428781818165774], [-83.02586363726157, 41.44824545375691], [-83.01113636330513, 41.448354545874366], [-83.03934545469443, 41.46446363564259], [-82.99317272723808, 41.45960909100822], [-82.95906363554835, 41.48817272707616], [-82.84834545433355, 41.50244545395222], [-82.82920909118597, 41.48405454584523], [-82.8329454550231, 41.49726363642959], [-82.82289090917033, 41.48888181831952], [-82.80596363583783, 41.506327273034], [-82.74440909134869, 41.51361818203392], [-82.73000000016312, 41.50371818090625], [-82.74070908966642, 41.48936363708227], [-82.729672727415, 41.491909091485056], [-82.72730000025949, 41.50244545381821], [-82.7334636364689, 41.5117454549847], [-82.7264727275533, 41.51350000030713], [-82.71489090949322, 41.48881818222302], [-82.71140000010129, 41.53637272761857], [-82.75397272669447, 41.54676363708218], [-82.77822727352259, 41.53635454485284], [-82.82132727268535, 41.53220000008852], [-82.80418181773179, 41.5525727266912], [-82.7904727275988, 41.53992727272148], [-82.78455454536932, 41.54126363626519], [-82.83720909093282, 41.58808181755849], [-82.85971818128675, 41.576409090838666], [-82.85495454435492, 41.54731818226218], [-82.88893636443277, 41.521718181613565], [-82.97242727250163, 41.521236364380414], [-83.08281818089212, 41.60505454456015], [-83.24610909074052, 41.6384454541703], [-83.23169090939874, 41.644927273015384], [-83.30812727252939, 41.67731818200219], [-83.33497272666813, 41.7064272731631], [-83.35178181748894, 41.686981819216555], [-83.43163636457213, 41.69094545516739], [-83.43563636256776, 41.70294545511912], [-83.46577272720057, 41.68939999966951], [-83.47860909126815, 41.70210000017652], [-83.46318181801414, 41.702009091154736], [-83.47487272654962, 41.707581817650684], [-83.45456363613995, 41.72906363605151], [-83.45252727350689, 41.740381818321296], [-83.4827727274468, 41.7321909090805], [-83.48013636267855, 41.7502818180839], [-83.46637272826631, 41.74960909073402], [-83.48019999973589, 41.75613636418807], [-83.43861818187023, 41.75877272795552], [-83.46367272742535, 41.758327272866595], [-83.46919090858559, 41.76303636374756], [-83.44828181836695, 41.7606636373909], [-83.4607727264194, 41.77492727316479], [-83.44822727347922, 41.77980909127643], [-83.46120000002252, 41.779399999931265], [-83.46080909120502, 41.77249090888044], [-83.46646363592146, 41.7813363628752], [-83.44703636347091, 41.79093636391177], [-83.4465090907015, 41.780599999660375], [-83.4427818180612, 41.780136363587246], [-83.4439545454145, 41.77823636333659], [-83.44200909075464, 41.77766363566671], [-83.44295454474768, 41.775627272862], [-83.44088181843117, 41.7727272729634], [-83.44113636301826, 41.77194545487121], [-83.44349090948758, 41.770518182078575], [-83.42753636266144, 41.740481818152965], [-83.44115454520168, 41.80877272670833], [-83.40837272648326, 41.827872726899756], [-83.38211818227215, 41.870927272782424], [-83.35320000000856, 41.87258181813068], [-83.38164545481749, 41.890590909152294], [-83.35084545555529, 41.89169091012146], [-83.34777272683256, 41.876490909078534], [-83.32559090837357, 41.920445454315804], [-83.33024545521403, 41.91636363699453], [-83.3380454535255, 41.92753636307924], [-83.29520000037229, 41.945127271791115], [-83.26397272667987, 41.931245454543316], [-83.25815454467005, 41.977936364270526], [-83.21214545470008, 41.99928181769842], [-83.21766363763643, 42.01640909080223], [-83.19271818089047, 42.02549090870499], [-83.20581818249366, 42.03739090907772], [-83.1976090899225, 42.045872727324216], [-83.18560909044686, 42.03409090929864], [-83.18114545448783, 42.060509090666706], [-83.19922727241227, 42.08657272702038], [-83.18499090892405, 42.080445454635154], [-83.1905818191635, 42.10150909089776], [-83.18977272683456, 42.10784545462401], [-83.14173636435102, 42.21384545472963], [-83.1477363628814, 42.23568181897507], [-83.11558181841494, 42.27835454604866], [-83.07824545337196, 42.31364545423248], [-82.98661818240204, 42.35513636426168], [-82.92829999981952, 42.35813636474768], [-82.88749999954882, 42.39724545450886], [-82.86946363739007, 42.43554545433986], [-82.88887272623569, 42.487000000572934], [-82.87421818102949, 42.52370909126863], [-82.83434545503667, 42.56787272811316], [-82.78350909153802, 42.5637818180108], [-82.78732727239178, 42.59260000045288], [-82.76909090941778, 42.593363636001285], [-82.81802727268156, 42.61452727358843], [-82.81029999939372, 42.644663636699576], [-82.68730909093401, 42.69037272753683], [-82.6230363626895, 42.67034545450936], [-82.64746363551146, 42.62997272852823], [-82.56623636279912, 42.620100000051615], [-82.54325454557902, 42.60770909136664], [-82.51676363651124, 42.62946363633842], [-82.47040994641422, 42.76468695161503], [-82.4859454536027, 42.80775454514847], [-82.47470909143841, 42.89083636363326], [-82.41851818181298, 42.977418181410854], [-82.42532727340289, 43.01538181835224], [-82.48579999990392, 43.10205454559642], [-82.52302727342517, 43.225045453884256], [-82.53798181780425, 43.433036363921936], [-82.59863636381974, 43.59234545439481], [-82.61395454470657, 43.77943636409703], [-82.63411818137999, 43.83305454648812], [-82.7459636355387, 43.9967454546906], [-82.91521818206205, 44.0705090908626], [-82.96468181831528, 44.0683545449003], [-83.02751818155713, 44.04592727167347], [-83.04565454605915, 44.01673636301314], [-83.06751818269369, 43.997445453780024], [-83.06120909130154, 44.006200000217866], [-83.11290000038076, 44.0045181822356], [-83.26203636409703, 43.97558181757683], [-83.3091363635002, 43.920727272977246], [-83.40489090956586, 43.91663636272571], [-83.33076363718536, 43.90285454637368], [-83.32581818153888, 43.882927272802], [-83.39277272758625, 43.848781817786254], [-83.39559999938695, 43.818836364256754], [-83.42594545455304, 43.803827272187576], [-83.41625454657358, 43.79776363595958], [-83.43843636350869, 43.78683636359846], [-83.45962727312003, 43.74092727312133], [-83.47829090955003, 43.7416090900135], [-83.46508181856909, 43.7338454537865], [-83.4919090907021, 43.69975454583299], [-83.50638181853624, 43.6981727281183], [-83.50665454588487, 43.71090909066349], [-83.51078181835368, 43.712600000020714], [-83.5074909092789, 43.69826363626956], [-83.5203454542284, 43.69786363624994], [-83.51746363644031, 43.718227272705455], [-83.55490000032387, 43.70086363591666], [-83.55370908953053, 43.68543636392509], [-83.68193636446514, 43.582218181439735], [-83.73809999915278, 43.623763637338165], [-83.84929090904468, 43.64144545534976], [-83.90137272672061, 43.666227273157546], [-83.95671818072856, 43.76477272672071], [-83.9390545449778, 43.774509091287946], [-83.94117272713717, 43.77153636402951], [-83.94088181944834, 43.763836364412725], [-83.93741818144014, 43.77654545416154], [-83.93814545514552, 43.78259999988647], [-83.92744545527555, 43.78829090870626], [-83.93653636434286, 43.7731636357217], [-83.92874545550815, 43.77819090923483], [-83.91781818165022, 43.81680909080277], [-83.91681818245488, 43.899054544852554], [-83.8760818180324, 43.96160909072263], [-83.83151818236263, 43.997918182011176], [-83.76377272761583, 43.98515454585717], [-83.73852727146426, 44.00538181764934], [-83.68166363635217, 43.98738181836899], [-83.68972727217543, 44.02550909069717], [-83.66627272630859, 44.019745454280745], [-83.68110909091268, 44.03012727327698], [-83.67297272661875, 44.04102727231649], [-83.62317272775708, 44.05604545540892], [-83.57799999992105, 44.04884545424448], [-83.59136363707306, 44.07923636420786], [-83.56431818199337, 44.10516363743234], [-83.56774545464155, 44.15589999963711], [-83.53526363652308, 44.25151818175141], [-83.47952727218396, 44.280090908925054], [-83.44319999987597, 44.27159999953461], [-83.46008181766906, 44.248054544784914], [-83.44535454534744, 44.25249090924555], [-83.37497272692981, 44.32679090921918], [-83.3326636373382, 44.33939090966898], [-83.30706363730896, 44.5425272717669], [-83.31451818161752, 44.60872727286937], [-83.26919090913111, 44.71394545392878], [-83.29730000026605, 44.7461363642589], [-83.29380908994877, 44.80839090908359], [-83.3217272717713, 44.854609090961496], [-83.31256363728421, 44.88292727347912], [-83.36558181873593, 44.890709090739904], [-83.4307818193112, 44.930445455140486], [-83.4638272733649, 45.003336362825216], [-83.4327727264957, 45.00452727257083], [-83.4555181821387, 45.01659090906324], [-83.44930909126721, 45.042218182466264], [-83.38557272645497, 45.07655454473429], [-83.36675454651959, 45.075654545087794], [-83.34025454650322, 45.04154545431243], [-83.26538181787558, 45.02083636302906], [-83.25996363633878, 45.02510909101102], [-83.31449999966607, 45.05389090868874], [-83.31730909055548, 45.079836364342874], [-83.2974363636577, 45.08839999950499], [-83.32060909150319, 45.118481818158806], [-83.31611818208822, 45.14195454581207], [-83.36304545426273, 45.165772727390355], [-83.41240909094816, 45.23890909082281], [-83.41789999995689, 45.25512727305689], [-83.39201818147251, 45.25239090936896], [-83.3817090905893, 45.26987272732355], [-83.46381818189857, 45.330972726611], [-83.48552727182896, 45.33009090891758], [-83.47701818164852, 45.34501818154232], [-83.49080909089193, 45.35895454492054], [-83.49373636381296, 45.33946363660059], [-83.53830909055527, 45.35816363720553], [-83.59852727291381, 45.35192727298754], [-83.7161727267787, 45.41485454492677], [-83.78709090903614, 45.41036363646092], [-83.77313636252256, 45.41759999979735], [-83.81140909086088, 45.42086363556525], [-83.93926363620542, 45.493190908941486], [-84.07884545555899, 45.48724545406718], [-84.11669090944898, 45.51304545411114], [-84.13699090960107, 45.57222727179719], [-84.21624545458508, 45.63506363666983], [-84.33025454478482, 45.66447272666649], [-84.37640909140566, 45.65556363594064], [-84.42867272676109, 45.670800000071424], [-84.41404545481487, 45.650554544792826], [-84.43036363759379, 45.64472727270377], [-84.4789272730396, 45.65658181803131], [-84.55758181804508, 45.70905454625665], [-84.72116363638601, 45.76622727330132], [-84.72902727191034, 45.7881727272115], [-84.79161818070762, 45.78237272761751], [-84.77981818185128, 45.764672727081894], [-84.80682727180279, 45.74520000017161], [-85.01230909103273, 45.76327272656162], [-84.97138181842496, 45.756163637302265], [-84.9419000003285, 45.72830909068667], [-84.94319090872258, 45.71070909087547], [-85.00890908985676, 45.655399999909264], [-85.07013636304093, 45.63418181798343], [-85.11722727264211, 45.579481818233205], [-85.11580000037868, 45.54167272663096], [-85.09290909093735, 45.48053636313196], [-85.06196363747607, 45.45129090920629], [-84.97881818247212, 45.41857272682474], [-84.9907181825027, 45.427554546211056], [-84.92273636420897, 45.42249090880544], [-84.91492727248801, 45.393863636653975], [-85.03864545448234, 45.361936363380934], [-85.13810909005363, 45.373527272379505], [-85.20362727292883, 45.361936363106935], [-85.26215454522485, 45.319718181602084], [-85.3006636363503, 45.32120909148597], [-85.37136363641365, 45.271709090793934], [-85.39085454547171, 45.21736363690511], [-85.3632636360267, 45.11154545456489], [-85.38299090920168, 44.96899090936762], [-85.40891818151388, 44.90544545543659], [-85.46577272752855, 44.821272727187626], [-85.50727272732244, 44.79617272715894], [-85.5043545452089, 44.76873636286683], [-85.5259909089566, 44.748063637385904], [-85.57635454432119, 44.76132727315293], [-85.55627272632921, 44.81828181828813], [-85.49967272767768, 44.85604545415676], [-85.4878272723051, 44.958327271712456], [-85.4646454540482, 44.96153636412035], [-85.47500909091293, 44.991581818167504], [-85.5200000002707, 44.974209090883704], [-85.53390909049777, 44.925499999740005], [-85.56430000001855, 44.89530000019599], [-85.52473636349485, 44.895245454876246], [-85.5788909088444, 44.81772727299021], [-85.59466363617997, 44.76775454544373], [-85.64080909087669, 44.773881818056466], [-85.63356363572252, 44.800127271723646], [-85.6523545458489, 44.8490909089789], [-85.62549999963022, 44.92110909063819], [-85.60036363574004, 44.92493636430245], [-85.59937272638605, 44.989545455086535], [-85.6308727275541, 44.96665454491067], [-85.6496727265495, 44.976399999939865], [-85.59965454608543, 45.02174545516085], [-85.58841818259091, 45.05450909067561], [-85.56574545459011, 45.04519090863322], [-85.61431818144999, 45.127563635964044], [-85.57389090854285, 45.155490909315695], [-85.55774545420164, 45.1343454543453], [-85.56168181785358, 45.158936363852085], [-85.52673636324812, 45.18931818168435], [-85.54098181812579, 45.21044545391366], [-85.5859909085865, 45.18038181938859], [-85.6186363639521, 45.18677272695761], [-85.69449090895085, 45.07779090896575], [-85.74409090846449, 45.05342727278042], [-85.77961818237655, 45.009990909106676], [-85.77934545490552, 44.98003636393335], [-85.80862727254899, 44.94906363588009], [-85.86985454594138, 44.9390363638271], [-85.93159999973031, 44.96879090878106], [-85.98658181835627, 44.90231818203084], [-86.0383363643395, 44.91569999990302], [-86.06517272651297, 44.90730909054233], [-86.0735090921621, 44.76980000040862], [-86.08918181752153, 44.74149999953381], [-86.15555454565316, 44.732236364398126], [-86.25563636257728, 44.69140909100196], [-86.25870909022893, 44.66130000009112], [-86.22069999889663, 44.56674545375352], [-86.26816363721831, 44.34621818244229], [-86.41977272828885, 44.131009091351174], [-86.51550000012736, 44.0575909085614], [-86.4631363639891, 43.970972726830354], [-86.43028181825072, 43.82686363564339], [-86.45502727186535, 43.755209091128016], [-86.53384545384816, 43.66963636393923], [-86.53849999997061, 43.61749999991217], [-86.4742727266719, 43.50591818190453], [-86.40413636411783, 43.33128181837392], [-86.2567636353803, 43.08885454497432], [-86.21535454513999, 42.916727272213286], [-86.2066272725246, 42.710263635887664], [-86.228754545403, 42.63870000019377], [-86.22613636284258, 42.590145454266384], [-86.25913636397175, 42.44974545356712], [-86.32769090981277, 42.30052727232778], [-86.39531818254082, 42.205554544622835], [-86.4896181822781, 42.11529999999069], [-86.6019636356935, 41.91325454482203], [-86.74693636337312, 41.797409090939816], [-86.92233636340704, 41.713909091347546], [-87.14712727295216, 41.64664545362848], [-87.15852727254195, 41.631572727829806], [-87.32423636371148, 41.62452727330013], [-87.32425454483277, 41.60890909108474], [-87.32526363749197, 41.624618182076794], [-87.42110000035719, 41.64107272685667], [-87.438863636156, 41.653836362892626], [-87.40688181733027, 41.680709091306056], [-87.42434545374618, 41.68961818224792], [-87.44678181957262, 41.68544545500781], [-87.4334818187125, 41.66769090929945], [-87.45145454648102, 41.6604272729201], [-87.45585454643827, 41.68124545384032], [-87.47174545522316, 41.67340909144478], [-87.50417272764275, 41.69127272683269], [-87.52821818135851, 41.71086363617793], [-87.53100000023738, 41.747963635622995], [-87.5739090910973, 41.77956363741334], [-87.61623636390325, 41.86893636418472], [-87.61733636334964, 41.89038181821334], [-87.59846363652467, 41.892236364051286], [-87.62351818144631, 41.90425454493309], [-87.64210909044903, 41.947818182155046], [-87.63323636292151, 41.94274545499572], [-87.6423000000498, 41.96126363675963], [-87.63194545523514, 41.96567272734875], [-87.65398181761384, 41.988590909308314], [-87.66941818234602, 42.059599999674155], [-87.74930000040327, 42.137627272712415], [-87.8285727265109, 42.27020909085008], [-87.83573636372547, 42.30928181833519], [-87.82524545470432, 42.36549999986607], [-87.81920909152727, 42.367554545189726], [-87.82200909107213, 42.3625636371385], [-87.82008181957448, 42.36138181881498], [-87.81461818195653, 42.36135454501736], [-87.80280909077221, 42.39030909077982], [-87.79731818062989, 42.46927272716695], [-87.81974545508562, 42.62310909143673], [-87.77039091020703, 42.73370000001869], [-87.77810000126263, 42.76253636447592], [-87.7575545450263, 42.781645453701195], [-87.82397272670921, 42.83492727276858], [-87.84635454595933, 42.883972726997214], [-87.84524545373309, 42.96217272657731], [-87.89540000018046, 43.01582727189199], [-87.89504545558366, 43.042381818035075], [-87.86375454551849, 43.07410909139237], [-87.90061818104552, 43.126627272087504], [-87.88073636353766, 43.170572727335134], [-87.91178181837986, 43.25108181804801], [-87.8749818176627, 43.37389999970116], [-87.7909181817303, 43.492799999975354], [-87.7885363643626, 43.566409090778926], [-87.70297272743991, 43.68613636418832], [-87.70957272759519, 43.73927272684393], [-87.6956000006716, 43.76390909075957], [-87.72634545553056, 43.8102545448397], [-87.73601818205434, 43.87371818206309], [-87.71904545454646, 43.93778181796005], [-87.65614545503318, 44.051745455002205], [-87.6468909093671, 44.10485454604996], [-87.5440272727259, 44.156663635530684], [-87.51169090930817, 44.195827271623926], [-87.50841818191773, 44.22967272684371], [-87.54538181738806, 44.32138181828214], [-87.46847272687502, 44.55112727291238], [-87.34815454657253, 44.710763636912446], [-87.3186000004143, 44.788481819184724], [-87.2674454552052, 44.84685454626473], [-87.20454545327624, 44.875590909371304], [-87.21642727310531, 44.905636364348744], [-87.17182727196071, 44.93110909106209], [-87.18940909125095, 44.96863636362818], [-87.16352727317522, 45.004890910429516], [-87.1393818177385, 45.012563635630244], [-87.12300909074085, 45.067481817982056], [-87.09845454500712, 45.07010000040563], [-87.0905363624062, 45.051099999933754], [-87.0794545451255, 45.07014545372907], [-87.09456363596074, 45.091745453570496], [-87.06606363652853, 45.07851818238015], [-87.04756363601649, 45.088045455039236], [-87.051245454168, 45.1165636362722], [-87.08396363606124, 45.14486363629276], [-87.0697818176588, 45.157945455264255], [-87.04645454444535, 45.13482727312679], [-87.02897272671426, 45.14614545466189], [-87.04522727254853, 45.158400000052026], [-87.04077272742288, 45.228318181018786], [-86.98503636379694, 45.21650909136008], [-86.97289090745107, 45.24600909065095], [-86.98484545450755, 45.263336364033385], [-86.97045454604933, 45.280309090951086], [-86.99410909056637, 45.29806363723562], [-87.04390000161929, 45.28476363708617], [-87.06601818128168, 45.29654545493742], [-87.07594545515573, 45.25342727341936], [-87.10926363612764, 45.25627272788845], [-87.11951818151421, 45.191609091011095], [-87.16718181809733, 45.18359090887905], [-87.17110000034437, 45.1525272732495], [-87.23699999972627, 45.168836363024845], [-87.23935454455643, 45.12879999989796], [-87.2570272720993, 45.12246363578838], [-87.28238181828041, 45.04803636368141], [-87.30176363706089, 45.05398181911201], [-87.32134545444165, 45.03834545500261], [-87.40500909082418, 44.91180909102062], [-87.38389090852431, 44.88653636299984], [-87.38190909048978, 44.8320272728317], [-87.42151818102849, 44.877400000255605], [-87.44268181902426, 44.87619090938626], [-87.41913636431308, 44.885218182156436], [-87.43509090963829, 44.893063635905094], [-87.48749090842394, 44.854254546324356], [-87.51508181793213, 44.86978181781988], [-87.50380909089927, 44.85504545493388], [-87.53376363684059, 44.857645454679314], [-87.55376363738111, 44.824790909291025], [-87.56693636320105, 44.828745453920035], [-87.55160909096965, 44.851836363706816], [-87.61006363550773, 44.83838181764692], [-87.72089090886917, 44.72454545358332], [-87.71978181766706, 44.69324545403098], [-87.76320909109117, 44.64348181896303], [-87.86301818195562, 44.615818182331815], [-87.91373636426184, 44.577999999855415], [-87.89889090898409, 44.57413636444227], [-87.92899999994147, 44.53599090884056], [-87.9987636363108, 44.537236363648205], [-88.0, 44.608052935224904], [-87.97823170730676, 44.588113709287825], [-88.0, 44.61346905306781], [-87.99138181856881, 44.6820363641186], [-87.9924613923379, 44.67227702012738], [-87.97613796039214, 44.651741453254225], [-87.98666363643144, 44.71662727341911], [-87.93602727254536, 44.758527273185244], [-87.90113636356818, 44.827363635653754], [-87.86623636364403, 44.84048181819186], [-87.8371181822306, 44.87452727369397], [-87.8213545456229, 44.89909090955484], [-87.83956363555045, 44.90560909115198], [-87.83902727253033, 44.93171818259163], [-87.78213636442398, 44.96285454539339], [-87.63029999942019, 44.976863636474334], [-87.65239090849258, 44.98302727267356], [-87.62977272730566, 44.98401818283199], [-87.61039090913792, 45.07561818230091], [-87.59389090914672, 45.08512727346989], [-87.57820909124916, 45.07202727378798], [-87.61184545351384, 45.11819090973674], [-87.60024545385262, 45.14990909175004], [-87.43654545470407, 45.29404545476691], [-87.3924999987234, 45.36902727320179], [-87.32989090956917, 45.4223545459749], [-87.33314545557714, 45.44720909115118], [-87.19691818236765, 45.638818181129196], [-87.05936363696324, 45.70865454619086], [-87.09859999969298, 45.70405454473401], [-87.03736363641175, 45.74306363744313], [-87.06335454558256, 45.754254544923306], [-87.0565272732365, 45.77601818252503], [-87.06987272754307, 45.78370909103161], [-87.05155454656317, 45.79100000026068], [-87.05743636369975, 45.81248181755142], [-87.04066363602935, 45.83367272655257], [-86.99971818210147, 45.84790000008309], [-87.02236363742891, 45.85927272722065], [-86.97439090858241, 45.915509091004466], [-86.94808181778954, 45.89818181781188], [-86.94810909090059, 45.876536364389494], [-87.00508181785497, 45.831718181535166], [-86.98162727339722, 45.79221818089886], [-86.98459090943928, 45.70580909108011], [-86.96733636424942, 45.667754545341765], [-86.94135454625476, 45.70262727236849], [-86.83874545473226, 45.72230909114015], [-86.84254545532644, 45.74258181772632], [-86.80139999965209, 45.77812727230263], [-86.8092727268348, 45.792536364434746], [-86.78341818171876, 45.794727273622], [-86.77328181767658, 45.811381817950405], [-86.78800908945018, 45.835281818171204], [-86.78208181773499, 45.860199999795526], [-86.74963636364367, 45.86780000025946], [-86.71839090895784, 45.839245454721656], [-86.647009091473, 45.83275454657331], [-86.58330000035576, 45.89878181777666], [-86.53635454552874, 45.88650909103449], [-86.53045454490608, 45.84977272674438], [-86.58175454625261, 45.79480000030949], [-86.5583636360789, 45.77187272718727], [-86.63101818178325, 45.782018182489495], [-86.62258181739871, 45.77102727310325], [-86.63745454483961, 45.764490909720315], [-86.6191454541061, 45.762663637381685], [-86.62513636452802, 45.744999999662774], [-86.63084545452449, 45.756154544936294], [-86.67148181871696, 45.72052727211066], [-86.67478181863038, 45.692663635926166], [-86.71800000020339, 45.67839090941295], [-86.70869090893629, 45.649381819533865], [-86.69594545548443, 45.655054546434954], [-86.67867272707369, 45.62796363605644], [-86.61428181911583, 45.600254546813545], [-86.60500909108758, 45.60821818220188], [-86.62789999952805, 45.66011818154516], [-86.58752727196489, 45.666454546121635], [-86.58093636358838, 45.71191818075709], [-86.53725454541467, 45.70836363684711], [-86.52170909145778, 45.73583636462978], [-86.53734545427346, 45.745854545347264], [-86.43874545492845, 45.760190909057556], [-86.41874545543266, 45.792854545838374], [-86.35554545449936, 45.791572727038265], [-86.34913636416643, 45.83416363582414], [-86.32687272836829, 45.854827273563025], [-86.32423636438392, 45.90608181878839], [-86.27603636300931, 45.943154544756275], [-86.2082545467013, 45.96298181774875], [-86.15090000047624, 45.953581818496424], [-86.0720636356125, 45.965318182208094], [-85.9137727266123, 45.91943636450952], [-85.92273636351987, 45.948290909154856], [-85.89361818227131, 45.96929090882991], [-85.84145454472205, 45.96376363700294], [-85.81044545524132, 45.98009090935266], [-85.6914999998225, 45.958327272894024], [-85.65360909117842, 45.96771818130144], [-85.60378181887191, 46.03036363590012], [-85.50418181898272, 46.096463636813574], [-85.44699090784829, 46.08516363657199], [-85.41206363683251, 46.10143636302664], [-85.37805454556373, 46.07513636377551], [-85.3339363633257, 46.09231818242654], [-85.19735454620174, 46.044790908773436], [-85.1778272734612, 46.061263636391764], [-85.01399090864075, 46.010772726593395], [-84.91335454572535, 45.92582727198488], [-84.8381181815472, 45.897990909319034], [-84.83139999976794, 45.87203636297709], [-84.72523636341494, 45.83688181790474], [-84.70065454616987, 45.854127272846526], [-84.73023636268016, 45.87036363655348], [-84.72042727254066, 45.87500909072251], [-84.73609090959599, 45.91316363588589], [-84.71325454480332, 45.918700000234075], [-84.73884545360998, 45.94579090939796], [-84.7116999994611, 45.97315454629907], [-84.68480000080386, 45.97279090911519], [-84.69549090902693, 46.0252363626846], [-84.65794545452951, 46.052472728227784], [-84.60906363653508, 46.026418181620265], [-84.54440909147276, 46.02286363571581], [-84.52783636407598, 45.968490910271626], [-84.50335454436606, 45.99905454522332], [-84.4615272726326, 45.969181818130664], [-84.4704000002376, 46.008072727776586], [-84.44252727329534, 46.009181817786214], [-84.40898181823154, 45.993354546124976], [-84.41304545566882, 46.00524545490741], [-84.39105454444274, 46.000972726704205], [-84.35342727324608, 45.970200000215094], [-84.36274545559172, 45.99581818183996], [-84.33147272674755, 45.99641818190639], [-84.33110909136195, 45.99223636416328], [-84.32042727253356, 45.986045454275725], [-84.32520908952638, 45.984218182096384], [-84.3051181814277, 45.96929090892059], [-84.32039090831887, 45.98483636417788], [-84.3001363624919, 45.97793636282936], [-84.33045454664291, 45.99685454587717], [-84.28006363753218, 45.97346363596365], [-84.30075454558232, 45.99296363559798], [-84.29816363628788, 45.998354545097904], [-84.21402727321133, 45.96885454547404], [-84.23343636251796, 45.98798181833733], [-84.17120000019915, 45.965472727012916], [-84.18086363574294, 45.98210909120697], [-84.11698181738481, 45.98329090902736], [-84.10068181863194, 45.96734545365455], [-83.99540909110483, 45.94592727263218], [-83.98809090899917, 45.966263637449735], [-83.92433636340951, 45.97575454509892], [-83.91431818149016, 45.95556363559234], [-83.8979181816327, 45.99003636393269], [-83.94226363600048, 46.032109090701155], [-83.97783636387189, 46.01882727199302], [-84.07174545465794, 46.09244545485343], [-84.02827272714799, 46.13301818172395], [-84.095818182283, 46.14773636398443], [-84.12234545406436, 46.17922727288133], [-84.13390000026543, 46.16627272741702], [-84.1796999994048, 46.185954544886634], [-84.1776272731844, 46.173436363188856], [-84.22100000054692, 46.1630636368917], [-84.25112727237479, 46.175181818239544], [-84.25858181771997, 46.21786363680743], [-84.23432727359511, 46.217545453894644], [-84.20965454662512, 46.24702727277158], [-84.18403636335039, 46.234463636409], [-84.18199090886574, 46.249499999844524], [-84.22147272824807, 46.28995454513223], [-84.2182090919267, 46.350345455219326], [-84.30618181859347, 46.48904545424967], [-84.38840909108954, 46.4963181821986], [-84.45500000070253, 46.47039090934546], [-84.47184545431482, 46.43429090885824], [-84.50205454558895, 46.446318181772604], [-84.5797272718093, 46.41333636360115], [-84.59777272765862, 46.41546363637593], [-84.60392727140531, 46.43531818221026], [-84.57352727354498, 46.42839999983969], [-84.63101818250287, 46.48486363686259], [-84.67842727265324, 46.487690908599916], [-84.82393636363527, 46.44399999975286], [-84.86144545331571, 46.46992727336229], [-84.92113636446429, 46.469572727432634], [-84.93681818234806, 46.489299999720025], [-84.97009090900505, 46.47585454589659], [-85.03376363595501, 46.487672727357044], [-85.05656363632951, 46.52229090904287], [-85.0254636355451, 46.54530000019033], [-85.03705454494694, 46.60099090918775], [-85.02828181804605, 46.694845454807364], [-84.9563363637208, 46.77211818176053], [-85.25722727344396, 46.75338181805069], [-85.50137272738662, 46.676427272915774], [-85.87790909087342, 46.690918180608804], [-86.0998454537773, 46.65461818194457], [-86.15777272647105, 46.67050909078005], [-86.35081818133717, 46.57755454482098], [-86.46943636464103, 46.551745454675626], [-86.60981818050158, 46.453181817868966], [-86.64036363638878, 46.41081818177109], [-86.66190909215842, 46.418281818254755], [-86.65723636325457, 46.44321818098549], [-86.70322727270718, 46.43938181838304], [-86.75074545383768, 46.479181817559834], [-86.78949090932657, 46.478072727005745], [-86.81602727357439, 46.43789090879179], [-86.87764545374944, 46.43805454587326], [-86.90374545553412, 46.466136363072685], [-86.94708181849332, 46.472063635780565], [-86.96453636388105, 46.51654545424414], [-87.00468181820567, 46.53375454502435], [-87.12026363648566, 46.494700000242794], [-87.16513636295068, 46.50633636434985], [-87.24184545327508, 46.488181818268075], [-87.34901818187129, 46.49993636317805], [-87.39399090950535, 46.53317272664181], [-87.37478181753882, 46.546590908509025], [-87.39403636359789, 46.57677272713438], [-87.3772909092183, 46.591054546197874], [-87.432599999358, 46.590745453990095], [-87.46085454518705, 46.61172727201345], [-87.4619909091747, 46.635927272264624], [-87.50302727192332, 46.64750000029701], [-87.52371818143412, 46.67489090879139], [-87.51891818030317, 46.692118182323725], [-87.58161818226303, 46.728881819239504], [-87.58991818171963, 46.78254545360208], [-87.63479999972871, 46.81279090934909], [-87.65360909121365, 46.80699090908491], [-87.67949999965356, 46.8419727282374], [-87.72006363549274, 46.82605454510642], [-87.74101818135773, 46.86524545494401], [-87.76987272715432, 46.86242727229097], [-87.81679090921604, 46.89115454492571], [-87.84619090830603, 46.88390909122983], [-87.9023727267826, 46.909872728300975], [-88.0, 46.90550384831247], [-88.0, 47.315866433229814], [-87.93824545502697, 47.342299999552274], [-87.96384545450292, 47.36432727265752], [-87.95705454556004, 47.38726363587295], [-87.81449999987794, 47.384854545908915], [-87.70969999984291, 47.41019999973131], [-87.71850000061472, 47.44232727197872], [-87.80118181810707, 47.47330000040984], [-88.0, 47.47811179589783], [-88.0, 48.0], [-85.88869170494016, 47.99524993956031]], [[-85.62620963019641, 47.7743054500396], [-85.81863189478433, 47.80072731183861], [-85.88088494734671, 47.78046236074568], [-85.94043920169305, 47.74545990727442], [-85.93989340458833, 47.71824387533374], [-85.69903129275393, 47.7078788490466], [-85.58512182741126, 47.74651972227453], [-85.62620963019641, 47.7743054500396]], [[-84.75175725455996, 47.32119527247221], [-84.74078213032692, 47.29787214383979], [-84.7117177690587, 47.321153410657715], [-84.73690017932202, 47.32481815687313], [-84.75175725455996, 47.32119527247221]], [[-84.5166510581615, 46.861410064517976], [-84.49890374709219, 46.876320650125756], [-84.40887427652932, 46.88957948323945], [-84.51749619954794, 46.9110078142533], [-84.53971910300606, 46.871871300924894], [-84.5166510581615, 46.861410064517976]], [[-86.65648181940684, 46.55845454614307], [-86.70985454523971, 46.5449636360013], [-86.67684545431507, 46.45099090918454], [-86.6428636370423, 46.47384545413175], [-86.64109090932979, 46.45454545516268], [-86.62299090930102, 46.45619090872755], [-86.60712727177261, 46.4756272723994], [-86.60972727255067, 46.49309090893106], [-86.62744545382787, 46.47753636424391], [-86.64679090932405, 46.486390908805795], [-86.62621818224976, 46.535145455045885], [-86.65648181940684, 46.55845454614307]], [[-84.71714212611641, 46.64393953051167], [-84.69755743208819, 46.65205743152939], [-84.72149400093528, 46.711531568514225], [-84.73289243300002, 46.69841554306068], [-84.71714212611641, 46.64393953051167]], [[-84.37780909078411, 46.50077272739252], [-84.33379090979427, 46.49690000020624], [-84.34324545421207, 46.50210000066562], [-84.3584818176457, 46.5020727271101], [-84.37504545446565, 46.501227272998584], [-84.37780909078411, 46.50077272739252]], [[-84.2730727267781, 46.49215454456099], [-84.28560908969628, 46.48754545529265], [-84.28105454451935, 46.46405454558349], [-84.26384545368713, 46.4532909092309], [-84.26170909142571, 46.47001818240292], [-84.24976363646745, 46.46425454510491], [-84.22890909173863, 46.39341818164491], [-84.17208181813267, 46.36469090891342], [-84.17061818037627, 46.33008181832507], [-84.11410000018805, 46.32193636407276], [-84.19394545542568, 46.42757272708396], [-84.11980909025627, 46.51790909183718], [-84.20746363596743, 46.53587272692986], [-84.2730727267781, 46.49215454456099]], [[-83.91527118282744, 46.29380287892251], [-84.05316759884981, 46.292336523012224], [-84.09350484028332, 46.31106483176625], [-84.09043162493428, 46.26665380939792], [-84.06458789738952, 46.20362744867689], [-83.98701437449901, 46.15247718759669], [-83.94284020105128, 46.06610093541803], [-83.87254786627045, 46.098468363423365], [-83.88424334710331, 46.15352725198779], [-83.86218894865651, 46.158459913659], [-83.80541786743944, 46.12942653930465], [-83.81191560333131, 46.16281729563967], [-83.77376716159446, 46.222578545021975], [-83.80619927517192, 46.220478537042425], [-83.83379166973363, 46.25854827495509], [-83.88228453647294, 46.25868640888256], [-83.91527118282744, 46.29380287892251]], [[-82.27035112761439, 46.02168351083494], [-82.203518549229, 45.988119865773825], [-82.1928079664621, 45.99695954935598], [-82.21218204129403, 46.053041712973965], [-82.24918393105901, 46.050782661931564], [-82.27035112761439, 46.02168351083494]], [[-82.06662421885312, 46.010513854759914], [-82.02683310898587, 46.026990413192145], [-82.0240974631389, 46.05174200358652], [-82.0631857498959, 46.030761687408514], [-82.06662421885312, 46.010513854759914]], [[-82.04736135504217, 45.95983265717201], [-82.116790208221, 45.90809786837122], [-82.10680825315353, 45.88944170924107], [-82.15622221994161, 45.82266255272055], [-82.18023351281812, 45.88032941441031], [-82.22102372594962, 45.91897204711581], [-82.20655917321449, 45.93911206034351], [-82.25635110627452, 45.91022166502112], [-82.28405467307657, 45.91885357428626], [-82.29173876092369, 45.98719024730697], [-82.43636688026211, 45.95890194417888], [-82.4584973906843, 45.917053459196914], [-82.48980704886216, 45.942921065000554], [-82.51306965958273, 45.912276221391], [-82.58617244482436, 45.89706518801349], [-82.58991165921763, 45.87989952769344], [-82.57103828973959, 45.865053725223675], [-82.51729192453314, 45.853528733162534], [-82.50050334444843, 45.83500930716219], [-82.53621506153874, 45.784728067956706], [-82.55512403897167, 45.822803464206814], [-82.5778808925211, 45.817301943894954], [-82.59403277386615, 45.84698385181319], [-82.62794575242253, 45.82208332086225], [-82.65047536647198, 45.8299534435341], [-82.66658237452674, 45.8612136306076], [-82.75500897390644, 45.83434886934658], [-82.76508212659506, 45.87853528448223], [-82.80458692278806, 45.8832626925815], [-82.83964108817597, 45.91443542059933], [-82.80229618517534, 45.97783588519156], [-82.81239691056672, 45.99418684072449], [-82.87724333965674, 45.96123058766732], [-82.9361588580228, 45.95800489828361], [-82.94543643916438, 45.93699470415523], [-82.986575619669, 45.925317097843084], [-83.05161702645327, 45.95713903298052], [-83.08503801432249, 45.91332273283005], [-83.1112971198212, 45.918852896379114], [-83.12556322912978, 45.95237922250615], [-83.1737091696192, 45.95777603210703], [-83.22549353592271, 45.91284006918902], [-83.22628278811213, 45.87866733923194], [-83.1704084325703, 45.85867408724573], [-83.0922135894639, 45.86195643142017], [-82.9992274958285, 45.825375113067686], [-82.95555494780064, 45.83376142329064], [-82.94168505893869, 45.82388215151648], [-82.94843399315977, 45.80637261567856], [-82.92200174410083, 45.81108781330855], [-82.87469207504833, 45.78769555433795], [-82.84128854072966, 45.804007118251434], [-82.75667611756194, 45.78045440084377], [-82.69949664936837, 45.776674096030135], [-82.69949665791714, 45.78985001211668], [-82.62686220655024, 45.75419360671296], [-82.5207918052847, 45.7461406657601], [-82.4697444890932, 45.70114619809533], [-82.32466136720365, 45.684916520218884], [-82.25456545241127, 45.64047610397419], [-82.21044263076628, 45.637301010263855], [-82.17759966005252, 45.60767484692852], [-82.09004645071595, 45.599738912464915], [-82.08746485879192, 45.58666073670785], [-82.1131726322874, 45.58127505372927], [-82.06513583314874, 45.575266868150955], [-82.06419783294824, 45.55245280816047], [-82.0112046857092, 45.55961134931978], [-81.99939393545579, 45.58313731443344], [-81.92708225089633, 45.61042895502754], [-81.84116927510898, 45.68130389373226], [-81.7503393602423, 45.69335499176404], [-81.74294539499888, 45.67385992105117], [-81.85456367510594, 45.61650782166357], [-81.88519587994558, 45.56795344354937], [-81.9018946615897, 45.58314552969529], [-81.89432341738194, 45.59819077628058], [-81.99587532669781, 45.55368469192311], [-81.95412327412699, 45.53736592427669], [-81.93848526735577, 45.557177158551845], [-81.91757666246863, 45.555244471811655], [-81.9175525270585, 45.537218188407], [-81.84348994854625, 45.51174187124484], [-81.78651678352134, 45.53246308383312], [-81.64505173412233, 45.68032240371478], [-81.65248166528058, 45.7092277238824], [-81.61984152161016, 45.71812321584456], [-81.58441096609634, 45.757827764873525], [-81.58510375777068, 45.80446421443542], [-81.63301499158734, 45.786168124341856], [-81.70594816981708, 45.791406536098656], [-81.66215946271757, 45.82453232818639], [-81.64180496058378, 45.892181300600164], [-81.68062154632729, 45.899160651770174], [-81.78437789304695, 45.77711768246709], [-81.78506527770556, 45.72512677516916], [-81.82993730018045, 45.76331340698435], [-81.83678554779958, 45.790052047524924], [-81.81366859231557, 45.83097232517798], [-81.81341784635732, 45.868497229269124], [-81.90680563369888, 45.880140426637084], [-81.8799590863522, 45.95344949738212], [-81.9576959091385, 45.98832588340413], [-82.04736135504217, 45.95983265717201]], [[-81.49458143838356, 45.556135287470724], [-81.47297459359756, 45.542673084541796], [-81.46220628386006, 45.55012269834023], [-81.47674064013997, 45.563075680001575], [-81.49458143838356, 45.556135287470724]], [[-80.12062156067809, 45.312506208281754], [-80.17562287857163, 45.32173748830849], [-80.22039746844858, 45.28937356782144], [-80.17643852421561, 45.227839345764764], [-80.15875038983202, 45.26333495644624], [-80.07754304329119, 45.286707390492886], [-80.04496563955672, 45.330379623418565], [-80.085086831713, 45.34049258759295], [-80.12062156067809, 45.312506208281754]], [[-81.6927414444171, 45.53367619960746], [-81.78325801516732, 45.516102055866256], [-81.8387693913268, 45.47202263477445], [-81.79526612411273, 45.43710047227242], [-81.77895720422518, 45.443177993449204], [-81.73033890968746, 45.47216570337919], [-81.6927414444171, 45.53367619960746]], [[-84.60587272649268, 45.8490818177136], [-84.64556363729463, 45.88553636424955], [-84.65078181786775, 45.85920909080934], [-84.60587272649268, 45.8490818177136]], [[-82.96951046662781, 45.64547032627776], [-82.93558090630377, 45.63853461751977], [-82.94141556907732, 45.68588962814355], [-82.96922075534269, 45.688123385149375], [-82.96951046662781, 45.64547032627776]], [[-84.34330343516491, 45.94437898197843], [-84.38443983540158, 45.98754042327201], [-84.42135919554029, 45.96044762891091], [-84.37770956755159, 45.93258531161051], [-84.34330343516491, 45.94437898197843]], [[-84.28746363570721, 45.961845454235295], [-84.28166363609161, 45.962799999989564], [-84.30377272734151, 45.9735636365312], [-84.28746363570721, 45.961845454235295]], [[-84.26864545333818, 45.96958181848249], [-84.26232727274981, 45.97040000009329], [-84.2758545458221, 45.975254545059904], [-84.26864545333818, 45.96958181848249]], [[-84.2775363643059, 45.96382727307977], [-84.29096363572847, 45.959900000747595], [-84.26188181767932, 45.956127273119215], [-84.2775363643059, 45.96382727307977]], [[-83.03449085836053, 45.75885002833602], [-83.0068394313735, 45.750350671942854], [-83.00664213587172, 45.77035825670594], [-83.03449085836053, 45.75885002833602]], [[-83.35218808699831, 45.84916321375837], [-83.28389295747435, 45.90254555668753], [-83.26485000129526, 45.957012214546566], [-83.32490841312978, 45.96247023073367], [-83.35649867275352, 45.99373306199807], [-83.42814247542776, 45.97196912798593], [-83.48858820210361, 45.89145925162587], [-83.4726417840115, 45.87884965358664], [-83.45086685813244, 45.89241266961805], [-83.35218808699831, 45.84916321375837]], [[-83.78954545376963, 45.934927271678944], [-83.76857272731569, 45.95491818161136], [-83.74212727278751, 45.937681818284965], [-83.72896363710957, 45.948881817691046], [-83.71540000013312, 45.93035454537592], [-83.63023636277853, 45.958063636142015], [-83.62014545431535, 45.94408181806452], [-83.63108181903945, 45.92922727172958], [-83.61634545358295, 45.9434636363551], [-83.58884545500264, 45.91715454511409], [-83.55067272667364, 45.914527272638054], [-83.54196363573485, 45.92997272676358], [-83.52795454498619, 45.91818181820227], [-83.47302727279326, 45.986063635737665], [-83.5337363636331, 46.0066454538306], [-83.58131818184435, 46.08960909132014], [-83.7190000000975, 46.10128181815407], [-83.73005454645785, 46.08530909139233], [-83.66557272715656, 46.071418181197984], [-83.68841818211202, 46.04336363563776], [-83.68644545402589, 46.04071818105464], [-83.68309999933068, 46.041772726943115], [-83.6793272731402, 46.03991818177405], [-83.67037272825281, 46.038663635665046], [-83.66635454452279, 46.03697272657284], [-83.7627545462429, 46.02533636395108], [-83.80641818097925, 45.98359090904529], [-83.82610909159837, 45.99386363679918], [-83.8169181820776, 46.002672727978144], [-83.83014545379498, 45.995109091220115], [-83.82522727305225, 46.016500000003674], [-83.8445818184437, 46.02648181843761], [-83.87910000041039, 45.98906363739361], [-83.87961818243579, 45.96620000018416], [-83.85623636447488, 45.99280000020269], [-83.85981818248068, 45.9738272723702], [-83.8324272734051, 45.96425454622357], [-83.84637272757753, 45.95259090912537], [-83.8186363631666, 45.96474545509354], [-83.78954545376963, 45.934927271678944]], [[-83.82393636246586, 45.95403636316365], [-83.82062727296545, 45.95689090943287], [-83.8208272727863, 45.95702727236771], [-83.82393636246586, 45.95403636316365]], [[-82.67979612612726, 45.89315630142766], [-82.5728595600618, 45.917155370532754], [-82.57254696859366, 45.95921361466382], [-82.69387183496949, 45.958920674530304], [-82.72969434673281, 45.93593347054797], [-82.7283553093303, 45.90429135928428], [-82.67979612612726, 45.89315630142766]], [[-84.16040909043271, 46.21793636386276], [-84.10204545564876, 46.25479999967498], [-84.12076363630386, 46.2633363640651], [-84.13346363709802, 46.31117272699773], [-84.21080909098465, 46.32372727310326], [-84.20850000044597, 46.301936363895564], [-84.19617272736662, 46.31480000000999], [-84.21040000002031, 46.28529999980237], [-84.15250000034274, 46.22787272715007], [-84.16040909043271, 46.21793636386276]], [[-84.42612727284754, 45.81109090870177], [-84.41989090884573, 45.79511818163002], [-84.43247272724577, 45.786736364042255], [-84.50369090900288, 45.81061818240523], [-84.59054545388547, 45.81207272726789], [-84.50042727178926, 45.73698181842393], [-84.4195909089574, 45.72000000022011], [-84.37140000039737, 45.745690909380045], [-84.35582727339506, 45.77141818227319], [-84.40320909119792, 45.78439090879181], [-84.42612727284754, 45.81109090870177]], [[-85.36661818221263, 45.81812727306205], [-85.37938181753933, 45.8036545459667], [-85.36558181757584, 45.798336363967344], [-85.39861818145191, 45.77715454623537], [-85.37172727236025, 45.76985454622367], [-85.33918181765478, 45.793754545283726], [-85.36661818221263, 45.81812727306205]], [[-85.46453636397189, 45.78261818209547], [-85.45343636272061, 45.79473636362783], [-85.46873636328148, 45.80689090968746], [-85.52760909074907, 45.82837272729852], [-85.5185363634307, 45.80407272738119], [-85.53373636320758, 45.8002545451144], [-85.49375454472627, 45.789963637214555], [-85.50682727160418, 45.77841818218676], [-85.45333636355561, 45.77692727252918], [-85.46453636397189, 45.78261818209547]], [[-85.49810909086592, 45.74505454540084], [-85.5685363632395, 45.758290908934846], [-85.56288181836545, 45.73343636284076], [-85.60488181808043, 45.681936363789355], [-85.60451818227862, 45.63925454572844], [-85.63001818265695, 45.59816363678826], [-85.62009999961698, 45.582781818313514], [-85.54112727235561, 45.57504545389235], [-85.49085454542737, 45.608245454191376], [-85.50609999949607, 45.681145453970586], [-85.49877272742923, 45.72629090914603], [-85.52190909106108, 45.739418181673486], [-85.49810909086592, 45.74505454540084]], [[-85.68918181892371, 45.69737272732627], [-85.67379090903863, 45.69789090887491], [-85.64103636370638, 45.74239090940255], [-85.70113636437607, 45.73835454596093], [-85.68918181892371, 45.69737272732627]], [[-86.64482453809639, 45.54160109139345], [-86.6216836567584, 45.55898803210527], [-86.65616152019955, 45.585355406050006], [-86.66133931715795, 45.5751344514941], [-86.64482453809639, 45.54160109139345]], [[-85.88497040557738, 45.44142132954557], [-85.83617132640256, 45.37790680737275], [-85.83896943569545, 45.42573568364782], [-85.88497040557738, 45.44142132954557]], [[-86.77108024777198, 45.50975233726068], [-86.78457841679683, 45.487388210695315], [-86.758041009932, 45.47827572165733], [-86.75808268675233, 45.50338703571443], [-86.77108024777198, 45.50975233726068]], [[-86.82866363605501, 45.428536362829185], [-86.83498181848321, 45.40250000016839], [-86.8051909089369, 45.40789999964595], [-86.82866363605501, 45.428536362829185]], [[-86.8627090907359, 45.41248181835341], [-86.92583636437928, 45.39762727345737], [-86.93739090955359, 45.42096363568607], [-86.95440909094172, 45.339918181906796], [-86.92101818181709, 45.35427272689985], [-86.90351818152627, 45.334099999899415], [-86.86760000122186, 45.334263636905185], [-86.86461818228535, 45.36354545543208], [-86.83754545535464, 45.39239090929316], [-86.8627090907359, 45.41248181835341]], [[-86.8994454548779, 45.30869999970864], [-86.93213636342432, 45.335045453855905], [-86.89932727204507, 45.294600000158184], [-86.8994454548779, 45.30869999970864]], [[-86.95692727345275, 45.30429090916802], [-86.94766363751829, 45.3124363641016], [-86.9603000004846, 45.312063636278005], [-86.95692727345275, 45.30429090916802]], [[-87.33220909103065, 45.20648181765546], [-87.37590909051735, 45.19823636400115], [-87.37738181769578, 45.17911818197359], [-87.32753636420973, 45.15730000029883], [-87.33220909103065, 45.20648181765546]], [[-87.49848477470202, 45.05772132224903], [-87.4965208881212, 45.061060214819236], [-87.50628982399095, 45.05955315096908], [-87.49848477470202, 45.05772132224903]], [[-86.00840000026488, 45.15590909147762], [-86.05939090911612, 45.15229090912586], [-86.06036363580856, 45.103972727043875], [-86.00291818130665, 45.05473636327886], [-85.96223636366028, 45.060763636691625], [-85.98373636437042, 45.08325454542825], [-85.97680000012438, 45.138363637084105], [-86.00840000026488, 45.15590909147762]], [[-86.1281909083812, 45.04610000013952], [-86.15482727306525, 45.00239090898164], [-86.10732727287615, 45.001754544911726], [-86.0915727271597, 45.01037272677133], [-86.09709090884587, 45.0301272728785], [-86.0771363642235, 45.02976363607528], [-86.1281909083812, 45.04610000013952]], [[-81.76615290098374, 45.31397066123923], [-81.7276592085382, 45.289658261726544], [-81.70486591035531, 45.30558513464474], [-81.73947865000058, 45.317400849464605], [-81.76615290098374, 45.31397066123923]], [[-82.52466363700228, 42.60965454621722], [-82.52698181784503, 42.613781819431246], [-82.53098181807658, 42.608354545051846], [-82.54646363530681, 42.603900000616], [-82.59334545503278, 42.61330909175482], [-82.60569090890895, 42.59574545459064], [-82.63974545355117, 42.59038181914257], [-82.65132727202503, 42.57708181845815], [-82.66348181802286, 42.573599999930245], [-82.66613636333824, 42.56965454670377], [-82.63010908946782, 42.586354546450494], [-82.60903636360834, 42.559636363334036], [-82.62900000047829, 42.56408181913355], [-82.64207272639625, 42.55747272729615], [-82.59174545337937, 42.551318182289464], [-82.52466363700228, 42.60965454621722]], [[-82.66890909043283, 42.53749090922198], [-82.6467545461827, 42.55835454682178], [-82.67906363730562, 42.53558181813362], [-82.66890909043283, 42.53749090922198]], [[-82.67130909018341, 42.57432727278117], [-82.6576545445796, 42.57968181784481], [-82.64144545407072, 42.59278181867727], [-82.6555636364803, 42.59441818223877], [-82.67130909018341, 42.57432727278117]], [[-82.66759999950877, 42.59857272707975], [-82.65107272737522, 42.615945455859624], [-82.64120000016929, 42.59442727297968], [-82.61044545523319, 42.596818182294044], [-82.59100908999532, 42.618181819440856], [-82.63742727327954, 42.62772727351807], [-82.67094545350955, 42.6108999999157], [-82.66759999950877, 42.59857272707975]], [[-82.52735454648736, 42.61370909122228], [-82.52850909128159, 42.61443636454157], [-82.53002727301848, 42.61225454659019], [-82.52735454648736, 42.61370909122228]], [[-82.43255454538028, 42.439290909418304], [-82.43486363671418, 42.413172727029995], [-82.42960909091325, 42.40994545496581], [-82.43255454538028, 42.439290909418304]], [[-82.91940909110166, 42.34421818157264], [-82.9303618017593, 42.34692321168476], [-82.93991014230903, 42.34661579671508], [-82.91940909110166, 42.34421818157264]], [[-82.95346363610639, 42.34847272709654], [-82.9721545448789, 42.35115454650211], [-83.00498181810464, 42.33302727358968], [-82.96039090910857, 42.339809091285], [-82.95346363610639, 42.34847272709654]], [[-83.11316873550909, 42.244066381019984], [-83.12902298543435, 42.22379726428407], [-83.12570731123951, 42.182205596354564], [-83.11008152964826, 42.21120782274957], [-83.11316873550909, 42.244066381019984]], [[-83.1422272736542, 42.202136363695], [-83.17369090860855, 42.12490000048017], [-83.16537272635735, 42.08845454508647], [-83.14709090902264, 42.099309090209815], [-83.13791818207277, 42.134418181759955], [-83.1422272736542, 42.202136363695]], [[-83.1507727270089, 42.09593636372403], [-83.15089090796246, 42.09073636424302], [-83.14901818130551, 42.094818181016436], [-83.1507727270089, 42.09593636372403]], [[-83.15439091043574, 42.09078181868867], [-83.15353636386155, 42.0863363642227], [-83.15110909144424, 42.090381818076814], [-83.15439091043574, 42.09078181868867]], [[-82.64295591042249, 41.842000782219344], [-82.68924277307153, 41.81406704654556], [-82.68955269084039, 41.747617155034995], [-82.67593525980946, 41.73190625359702], [-82.6190231727953, 41.74773005956718], [-82.63103437337988, 41.82026751245254], [-82.64295591042249, 41.842000782219344]], [[-82.8173181824294, 41.72405454613413], [-82.83289090948092, 41.715245454031866], [-82.82420909095998, 41.70995454680274], [-82.83048181792888, 41.712600000092785], [-82.83514545345699, 41.70940909046458], [-82.80639090905886, 41.70636363678589], [-82.8173181824294, 41.72405454613413]], [[-82.78004545538963, 41.696454546669756], [-82.80005454438829, 41.694754546188726], [-82.80129090890038, 41.69374545502695], [-82.8038363634053, 41.68887272734069], [-82.82646363628541, 41.68433636470123], [-82.8137727265779, 41.671336364085725], [-82.80743636299674, 41.67132727345677], [-82.80121818205204, 41.692472727795376], [-82.78004545538963, 41.696454546669756]], [[-82.85016363734555, 41.67756363733224], [-82.8446090905981, 41.67888181787101], [-82.85640000106926, 41.68213636336122], [-82.85016363734555, 41.67756363733224]], [[-82.82601818165227, 41.693363637403934], [-82.82542727141471, 41.6912272735897], [-82.82278181837185, 41.691863636623836], [-82.82601818165227, 41.693363637403934]], [[-82.79438181800887, 41.66532727255086], [-82.83540909056562, 41.6564090909663], [-82.84176363600578, 41.629018180740914], [-82.82690000023672, 41.63419090911586], [-82.79438181800887, 41.66532727255086]], [[-82.6778363636534, 41.62164545474086], [-82.71880000041189, 41.61962727186238], [-82.73576363578788, 41.60098181780753], [-82.68737272697237, 41.586327272572376], [-82.6778363636534, 41.62164545474086]], [[-83.44101818099666, 41.77238181801777], [-83.44412727191933, 41.77331818223825], [-83.44392727195925, 41.77146363587197], [-83.44101818099666, 41.77238181801777]], [[-83.44421818203561, 41.777890908992745], [-83.44330909018863, 41.77574545517747], [-83.44284545385013, 41.77730909068002], [-83.44421818203561, 41.777890908992745]], [[-82.68691818182303, 41.49220909088721], [-82.67251818214493, 41.46159090931891], [-82.6751999999825, 41.472972728441206], [-82.66563636397389, 41.460854545984645], [-82.6174363635642, 41.43096363596985], [-82.68691818182303, 41.49220909088721]], [[-82.67197272845277, 41.46100000026676], [-82.67260909142409, 41.46101818209263], [-82.67306363642822, 41.45518181855163], [-82.67197272845277, 41.46100000026676]], [[-78.90079090941451, 42.924472727403696], [-78.90859999981377, 42.93360000062953], [-78.90276363595096, 42.91287272667055], [-78.90079090941451, 42.924472727403696]], [[-78.96169090941912, 42.9594818185401], [-78.95874545461179, 42.96177272699934], [-78.9638545454522, 42.96129999996806], [-78.96169090941912, 42.9594818185401]], [[-79.0182090908987, 42.99518181810702], [-78.95834545356776, 42.96226363597513], [-78.95551818150915, 42.95809090883123], [-78.93878181739399, 42.959045454404055], [-78.9457909095292, 42.99271818230908], [-78.89646363565801, 43.0200909091697], [-78.89781818211443, 43.03685454558055], [-78.94624545490835, 43.06294545420022], [-79.0050818176047, 43.0673000005561], [-78.99047272660718, 43.05940000052424], [-79.02138181767641, 43.01637272724699], [-79.0182090908987, 42.99518181810702]], [[-79.07169090944325, 43.08376363613353], [-79.06164545452815, 43.078481818117005], [-79.06041818173865, 43.079363636533316], [-79.07169090944325, 43.08376363613353]], [[-78.88264545398403, 43.02959090904474], [-78.88676363650038, 43.0237909092222], [-78.88567272737917, 43.02324545468892], [-78.88264545398403, 43.02959090904474]], [[-76.94445454531909, 43.27271818118377], [-76.96447272663076, 43.270563636262715], [-76.96734545381595, 43.27268181816192], [-76.96495454643873, 43.27003636423487], [-76.95859090939875, 43.26950909132342], [-76.95064545430274, 43.270181818402364], [-76.94445454531909, 43.27271818118377]], [[-76.94392727326985, 43.270709091316576], [-76.94553636375811, 43.2629545449617], [-76.94338181920646, 43.260418182278514], [-76.94392727326985, 43.270709091316576]], [[-76.94519999925849, 43.25570000050373], [-76.95376363668778, 43.25568181909856], [-76.9475272725301, 43.25246363661642], [-76.94519999925849, 43.25570000050373]], [[-76.4435388640142, 43.88707406670203], [-76.4006090914937, 43.90180000002861], [-76.3765879308473, 43.921359817818384], [-76.4094363628849, 43.919036364777234], [-76.4435388640142, 43.88707406670203]], [[-76.44391811504643, 43.88713021498508], [-76.44384545351575, 43.887090909482104], [-76.44374638959913, 43.887072898439385], [-76.44391811504643, 43.88713021498508]], [[-76.4265704654406, 43.94214342860048], [-76.46650553494759, 43.932761461519306], [-76.47935054122331, 43.91102272412313], [-76.43187024599025, 43.92276336232083], [-76.4265704654406, 43.94214342860048]], [[-76.30014192184129, 43.91786768845457], [-76.34521818219052, 43.894190909775276], [-76.35669090875902, 43.877872727136996], [-76.32695454470566, 43.881536364525616], [-76.30014192184129, 43.91786768845457]], [[-76.75665558661568, 44.10540121961811], [-76.6967280866534, 44.11015993469947], [-76.62256394893345, 44.18451807333715], [-76.69051982060293, 44.179265257829286], [-76.8152578399414, 44.129113277165224], [-76.75665558661568, 44.10540121961811]], [[-76.50981109265604, 44.13703493346847], [-76.45460895924516, 44.13972048806283], [-76.4889377503324, 44.106431941641205], [-76.43186284564851, 44.11010824759141], [-76.35896355239046, 44.14070516156465], [-76.3825946690647, 44.14123907510689], [-76.35792341413126, 44.1832778300829], [-76.38449724644431, 44.20254668520285], [-76.23421259737741, 44.21257557363289], [-76.18058042908342, 44.23752079858699], [-76.28882601937879, 44.222061684832916], [-76.34769336494051, 44.234777938515485], [-76.42792792362413, 44.21693960495884], [-76.4296724406861, 44.200453647502975], [-76.51137499072443, 44.162518110041866], [-76.50981109265604, 44.13703493346847]], [[-76.21329852605254, 44.28222634156473], [-76.21078420860532, 44.30686483708483], [-76.29210623136527, 44.294481485155245], [-76.35514022545443, 44.252888470089246], [-76.30159893113671, 44.25007912784061], [-76.21329852605254, 44.28222634156473]], [[-76.08921818119416, 44.29980909149602], [-76.15937272705683, 44.27124545412078], [-76.15326363571603, 44.25066363713234], [-76.10913636428039, 44.25833636436791], [-76.06718181843372, 44.29699090988422], [-76.07514545520867, 44.31077272713299], [-76.08773636292796, 44.299381818560626], [-76.08546363677942, 44.28540909104717], [-76.08944545553997, 44.28134545390566], [-76.08921818119416, 44.29980909149602]], [[-76.04329090926164, 44.2965090910456], [-76.01541818208241, 44.285554546468305], [-75.94281818205732, 44.323854546073605], [-75.91914545478689, 44.36760909168909], [-75.99538181805188, 44.31677272708946], [-76.00868181955353, 44.322554546033935], [-75.97498181747707, 44.34548181786368], [-76.05411818222979, 44.32559090925898], [-76.02456363577535, 44.3236181817345], [-76.04329090926164, 44.2965090910456]], [[-76.05469090953541, 44.28320000062579], [-76.0435545446002, 44.29603636276825], [-76.05865454472524, 44.2832909094693], [-76.05469090953541, 44.28320000062579]], [[-76.04952727320948, 44.25742727348889], [-76.0620454538113, 44.25638181819003], [-76.06693636407276, 44.25250909154741], [-76.04952727320948, 44.25742727348889]], [[-76.07860908957261, 44.24431818222245], [-76.08012727274203, 44.246245454202665], [-76.08097272671213, 44.24599090975606], [-76.07860908957261, 44.24431818222245]], [[-76.26450909031382, 44.17849090918145], [-76.31070909147374, 44.18086363630785], [-76.30903636270946, 44.16719999989267], [-76.26450909031382, 44.17849090918145]], [[-76.41025775680956, 44.04422329728415], [-76.39412123329117, 44.0435136204807], [-76.37621821610377, 44.0662039509087], [-76.4131306377915, 44.06815987913447], [-76.41025775680956, 44.04422329728415]], [[-76.31878181759438, 44.050490909200576], [-76.32994545478071, 44.04391818198671], [-76.33820909053443, 44.032818182560895], [-76.32247272633778, 44.03034545521115], [-76.31878181759438, 44.050490909200576]], [[-76.38500909067953, 44.03673636343169], [-76.3386818174962, 44.05293636315859], [-76.36800909031933, 44.05292727224601], [-76.38500909067953, 44.03673636343169]], [[-75.91375063600151, 44.383654054389424], [-75.85040483510835, 44.41593272895163], [-75.85153193636918, 44.4336156233115], [-75.91375063600151, 44.383654054389424]], [[-75.80710909034926, 44.4174090912372], [-75.79379999833507, 44.41996363662429], [-75.78658181775789, 44.434581818428185], [-75.79278181802515, 44.43411818222028], [-75.80710909034926, 44.4174090912372]], [[-80.17398877196933, 44.87056045955423], [-80.23323760654996, 44.851231150292676], [-80.23644068857489, 44.82022829516443], [-80.15156000913696, 44.780197362405524], [-80.18097889168641, 44.81223889079684], [-80.15300587721588, 44.821668734243225], [-80.15013682009071, 44.84926856244416], [-80.17398877196933, 44.87056045955423]]]}}, {"type": "Feature", "properties": {"code": "15.4", "name": "EVERGLADES"}, "geometry": {"type": "Polygon", "coordinates": [[[-80.12264545393987, 25.84332727175998], [-80.12533636365775, 25.849354545386593], [-80.12464545351463, 25.850727273311673], [-80.12264545393987, 25.84332727175998]]]}}, {"type": "Feature", "properties": {"code": "15.4", "name": "EVERGLADES"}, "geometry": {"type": "Polygon", "coordinates": [[[-80.12659091022135, 25.84668181773145], [-80.14328181753812, 25.863400000323207], [-80.12413636355409, 25.866781817980343], [-80.13253636395233, 25.873099999669616], [-80.12955454654487, 25.89687272674009], [-80.12114545444766, 25.899527273155687], [-80.12617272783366, 25.761872726770353], [-80.14573636383979, 25.78758181812957], [-80.12659091022135, 25.84668181773145]]]}}, {"type": "Feature", "properties": {"code": "15.4", "name": "EVERGLADES"}, "geometry": {"type": "Polygon", "coordinates": [[[-80.12816363670146, 25.850190908705795], [-80.13219999964541, 25.846218181742064], [-80.1329272727083, 25.847827272886054], [-80.12816363670146, 25.850190908705795]]]}}, {"type": "Feature", "properties": {"code": "15.4", "name": "EVERGLADES"}, "geometry": {"type": "Polygon", "coordinates": [[[-80.13295454603295, 25.86141818245964], [-80.13957272729986, 25.848936363816108], [-80.14598181854045, 25.856218181928835], [-80.13295454603295, 25.86141818245964]]]}}, {"type": "Feature", "properties": {"code": "15.4", "name": "EVERGLADES"}, "geometry": {"type": "Polygon", "coordinates": [[[-80.13364545552673, 25.88379090888187], [-80.12840000009804, 25.885945455036953], [-80.12979090913866, 25.880818182433966], [-80.13364545552673, 25.88379090888187]]]}}, {"type": "Feature", "properties": {"code": "15.4", "name": "EVERGLADES"}, "geometry": {"type": "Polygon", "coordinates": [[[-80.13452727250994, 25.892427273083964], [-80.13942727310716, 25.887363635937014], [-80.13543636456893, 25.89342727267082], [-80.13452727250994, 25.892427273083964]]]}}, {"type": "Feature", "properties": {"code": "15.4", "name": "EVERGLADES"}, "geometry": {"type": "Polygon", "coordinates": [[[-80.13553636407943, 25.76252727261997], [-80.14885454649576, 25.762354544832167], [-80.14893636430385, 25.764154546354188], [-80.13553636407943, 25.76252727261997]]]}}, {"type": "Feature", "properties": {"code": "15.4", "name": "EVERGLADES"}, "geometry": {"type": "Polygon", "coordinates": [[[-80.14147272694608, 25.7987090910048], [-80.14712727254448, 25.800127273003], [-80.1416272729995, 25.800354546028835], [-80.14147272694608, 25.7987090910048]]]}}, {"type": "Feature", "properties": {"code": "15.4", "name": "EVERGLADES"}, "geometry": {"type": "Polygon", "coordinates": [[[-80.14175454532388, 25.796536363391382], [-80.14593636415886, 25.798209091051092], [-80.14149090899595, 25.798199999870313], [-80.14175454532388, 25.796536363391382]]]}}, {"type": "Feature", "properties": {"code": "15.4", "name": "EVERGLADES"}, "geometry": {"type": "Polygon", "coordinates": [[[-80.14237272697888, 25.877454544604543], [-80.13022727243646, 25.879809089708495], [-80.14000000009273, 25.872263635681943], [-80.14237272697888, 25.877454544604543]]]}}, {"type": "Feature", "properties": {"code": "15.4", "name": "EVERGLADES"}, "geometry": {"type": "Polygon", "coordinates": [[[-80.14547272813842, 25.805972727448548], [-80.14174545372059, 25.80418181815594], [-80.14666363607977, 25.80372727226169], [-80.14547272813842, 25.805972727448548]]]}}, {"type": "Feature", "properties": {"code": "15.4", "name": "EVERGLADES"}, "geometry": {"type": "Polygon", "coordinates": [[[-80.14563636433789, 25.75074545388702], [-80.16405454591145, 25.731063635528145], [-80.18400909064647, 25.746299999937527], [-80.1638272728299, 25.73868181803044], [-80.17272727305583, 25.751636363830254], [-80.14563636433789, 25.75074545388702]]]}}, {"type": "Feature", "properties": {"code": "15.4", "name": "EVERGLADES"}, "geometry": {"type": "Polygon", "coordinates": [[[-80.1458272715203, 25.790509090872145], [-80.15037272751734, 25.79133636428601], [-80.1493818185445, 25.79284545374549], [-80.1458272715203, 25.790509090872145]]]}}, {"type": "Feature", "properties": {"code": "15.4", "name": "EVERGLADES"}, "geometry": {"type": "Polygon", "coordinates": [[[-80.147563636042, 25.8030545453071], [-80.1418545447418, 25.800736362835213], [-80.14800000028042, 25.80178181843858], [-80.147563636042, 25.8030545453071]]]}}, {"type": "Feature", "properties": {"code": "15.4", "name": "EVERGLADES"}, "geometry": {"type": "Polygon", "coordinates": [[[-80.14878181792915, 25.775463637402723], [-80.1525454549415, 25.779790908590645], [-80.15101818095775, 25.781154546265135], [-80.14878181792915, 25.775463637402723]]]}}, {"type": "Feature", "properties": {"code": "15.4", "name": "EVERGLADES"}, "geometry": {"type": "Polygon", "coordinates": [[[-80.14987272693632, 25.727545454302536], [-80.15285454513185, 25.67445454609744], [-80.15857272686566, 25.66488181804194], [-80.17890000047592, 25.686509091060014], [-80.17562727313116, 25.709827272356808], [-80.14987272693632, 25.727545454302536]]]}}, {"type": "Feature", "properties": {"code": "15.4", "name": "EVERGLADES"}, "geometry": {"type": "Polygon", "coordinates": [[[-80.15387272781966, 25.78868181835042], [-80.15635454610653, 25.793372728207856], [-80.15509090898892, 25.794445455376415], [-80.15387272781966, 25.78868181835042]]]}}, {"type": "Feature", "properties": {"code": "15.4", "name": "EVERGLADES"}, "geometry": {"type": "Polygon", "coordinates": [[[-80.15534545378948, 25.85000909104183], [-80.14573636322338, 25.844336363864198], [-80.15527272690957, 25.84428181810607], [-80.15534545378948, 25.85000909104183]]]}}, {"type": "Feature", "properties": {"code": "15.4", "name": "EVERGLADES"}, "geometry": {"type": "Polygon", "coordinates": [[[-80.1560454549974, 25.782290909840608], [-80.1652272726814, 25.784054544566498], [-80.16570000025783, 25.784636364398796], [-80.1560454549974, 25.782290909840608]]]}}, {"type": "Feature", "properties": {"code": "15.4", "name": "EVERGLADES"}, "geometry": {"type": "Polygon", "coordinates": [[[-80.15680909114931, 25.77860000043278], [-80.16768181943841, 25.781109091220927], [-80.1682363637891, 25.782127272855245], [-80.15680909114931, 25.77860000043278]]]}}, {"type": "Feature", "properties": {"code": "15.4", "name": "EVERGLADES"}, "geometry": {"type": "Polygon", "coordinates": [[[-80.15682727282599, 25.75405454631674], [-80.15894545390056, 25.752736363322736], [-80.16012727247308, 25.7548999997464], [-80.15682727282599, 25.75405454631674]]]}}, {"type": "Feature", "properties": {"code": "15.4", "name": "EVERGLADES"}, "geometry": {"type": "Polygon", "coordinates": [[[-80.15707272667805, 25.855109091121758], [-80.16007272768304, 25.84415454584716], [-80.1605545445837, 25.854999999717364], [-80.15707272667805, 25.855109091121758]]]}}, {"type": "Feature", "properties": {"code": "15.4", "name": "EVERGLADES"}, "geometry": {"type": "Polygon", "coordinates": [[[-80.15771818194523, 25.787145455125675], [-80.16027272674538, 25.793272726890603], [-80.15924545364457, 25.795627273277297], [-80.15771818194523, 25.787145455125675]]]}}, {"type": "Feature", "properties": {"code": "15.4", "name": "EVERGLADES"}, "geometry": {"type": "Polygon", "coordinates": [[[-80.16176363584673, 25.78945454524128], [-80.16421818214361, 25.79231818211735], [-80.16308181818711, 25.793499999985666], [-80.16176363584673, 25.78945454524128]]]}}, {"type": "Feature", "properties": {"code": "15.4", "name": "EVERGLADES"}, "geometry": {"type": "Polygon", "coordinates": [[[-80.16662727289692, 25.78959090874895], [-80.17040909080671, 25.791281818240602], [-80.16580909142354, 25.790609090707793], [-80.16662727289692, 25.78959090874895]]]}}, {"type": "Feature", "properties": {"code": "15.4", "name": "EVERGLADES"}, "geometry": {"type": "Polygon", "coordinates": [[[-80.1721727266502, 25.79128181793067], [-80.17930000010905, 25.78951818140693], [-80.17935454533584, 25.79053636302334], [-80.1721727266502, 25.79128181793067]]]}}, {"type": "Feature", "properties": {"code": "15.4", "name": "EVERGLADES"}, "geometry": {"type": "Polygon", "coordinates": [[[-80.17554545485045, 25.51636363741113], [-80.18939090879218, 25.497099999919428], [-80.17723636317018, 25.518427272842374], [-80.17554545485045, 25.51636363741113]]]}}, {"type": "Feature", "properties": {"code": "15.4", "name": "EVERGLADES"}, "geometry": {"type": "Polygon", "coordinates": [[[-80.17709090937896, 25.782954545889947], [-80.17173636256237, 25.78116363582958], [-80.14537272785881, 25.772636364301352], [-80.14364545513813, 25.77016363606497], [-80.17709090937896, 25.782954545889947]]]}}, {"type": "Feature", "properties": {"code": "15.4", "name": "EVERGLADES"}, "geometry": {"type": "Polygon", "coordinates": [[[-80.17715454621344, 25.4932636360532], [-80.20399090872979, 25.4141272723429], [-80.22793636367817, 25.390727273213603], [-80.20838181801722, 25.415563637033454], [-80.17715454621344, 25.4932636360532]]]}}, {"type": "Feature", "properties": {"code": "15.4", "name": "EVERGLADES"}, "geometry": {"type": "Polygon", "coordinates": [[[-80.1816545459194, 25.77814545509747], [-80.15623636347853, 25.77201818207811], [-80.14481818206933, 25.76634545523333], [-80.1816545459194, 25.77814545509747]]]}}, {"type": "Feature", "properties": {"code": "15.4", "name": "EVERGLADES"}, "geometry": {"type": "Polygon", "coordinates": [[[-80.18272727272218, 25.769345455040078], [-80.18739090862289, 25.768936363980902], [-80.18722727210215, 25.769445454707864], [-80.18272727272218, 25.769345455040078]]]}}, {"type": "Feature", "properties": {"code": "15.4", "name": "EVERGLADES"}, "geometry": {"type": "Polygon", "coordinates": [[[-80.18920000000399, 25.746381817858484], [-80.20028181766803, 25.745727272818755], [-80.20061818180605, 25.746972727064794], [-80.18920000000399, 25.746381817858484]]]}}, {"type": "Feature", "properties": {"code": "15.4", "name": "EVERGLADES"}, "geometry": {"type": "Polygon", "coordinates": [[[-80.21714545450239, 25.735463635982303], [-80.22045454577098, 25.73525454464824], [-80.21720909115152, 25.736954546385086], [-80.21714545450239, 25.735463635982303]]]}}, {"type": "Feature", "properties": {"code": "15.4", "name": "EVERGLADES"}, "geometry": {"type": "Polygon", "coordinates": [[[-80.23928181832243, 25.38550909126199], [-80.23931818159267, 25.350009090657963], [-80.25860909074908, 25.359063637098284], [-80.23928181832243, 25.38550909126199]]]}}, {"type": "Feature", "properties": {"code": "15.4", "name": "EVERGLADES"}, "geometry": {"type": "Polygon", "coordinates": [[[-80.2553999998701, 25.380645454943433], [-80.24125454642736, 25.382454546150996], [-80.25345454466843, 25.368790909136845], [-80.2553999998701, 25.380645454943433]]]}}, {"type": "Feature", "properties": {"code": "15.4", "name": "EVERGLADES"}, "geometry": {"type": "Polygon", "coordinates": [[[-80.26848743513774, 26.66378191826767], [-80.21119450186139, 26.668391992818126], [-80.1444781374136, 26.70306921689653], [-80.10148642873055, 26.816417025706162], [-80.0459897636392, 26.855590775937166], [-80.03213636436645, 26.80091818240882], [-80.03109999993029, 26.77751818088539], [-80.0577454553822, 26.842609091044103], [-80.05126363741486, 26.536345453707163], [-80.04363636408428, 26.546781818314436], [-80.03938181827274, 26.5802454554283], [-80.0461090908818, 26.55697272752372], [-80.0426363639594, 26.76823636283936], [-80.03591818118707, 26.77138181763348], [-80.03780909116472, 26.57869091033453], [-80.10531818235434, 26.095199999970465], [-80.11942727312467, 26.108072727291688], [-80.1117727264801, 26.10278181831366], [-80.10590909060262, 26.11420000017028], [-80.10798181874107, 26.138163636656067], [-80.12134545363826, 26.128700000366436], [-80.10796363595621, 26.12642727287326], [-80.12357272799454, 26.1096454544268], [-80.12382727296749, 26.090599999589763], [-80.1078090908832, 26.092527273359757], [-80.12121818107744, 25.90056363681131], [-80.1253727273683, 25.90060909110926], [-80.12526363640147, 25.917854544683856], [-80.13165454506871, 25.92829999973703], [-80.13091818180345, 25.905872726663418], [-80.13894545376597, 25.91384545364494], [-80.17086363570776, 25.86766363576733], [-80.1890909092823, 25.757754545298823], [-80.24982727311388, 25.71473636337665], [-80.27227272690328, 25.638918180791816], [-80.30882727164423, 25.60797272652278], [-80.30278181797611, 25.568790910110593], [-80.34077272695752, 25.49839090954023], [-80.33772727338729, 25.456599999805942], [-80.31711818148972, 25.438663636203007], [-80.32951818210019, 25.398954544853748], [-80.30607272687615, 25.385590908645284], [-80.34246363646594, 25.331181817803536], [-80.3810090912341, 25.312900000006046], [-80.37296363613261, 25.288681818093643], [-80.39144545431999, 25.30538181829224], [-80.40710909125522, 25.28000909138752], [-80.39908181828557, 25.274709090349564], [-80.40070909070563, 25.26092727330779], [-80.41041818197435, 25.267881817912464], [-80.40241818191248, 25.271481817568425], [-80.40899999981632, 25.2778363630877], [-80.4279181816332, 25.26497272681852], [-80.41772727347642, 25.19954545368624], [-80.35210909076308, 25.203281817599013], [-80.3319545460173, 25.26277272661015], [-80.36571818172689, 25.284718181640013], [-80.32996363618058, 25.285790909292697], [-80.27333636399197, 25.33449090896241], [-80.25893636402567, 25.326527272545967], [-80.27504545434864, 25.310354546077804], [-80.28010000042971, 25.313836364130097], [-80.28119999984143, 25.310636364042654], [-80.28340909117817, 25.311845455479823], [-80.28910909154315, 25.30727272666501], [-80.2769636363827, 25.310345454233428], [-80.2796545450541, 25.297990909370853], [-80.36737272775432, 25.17057272822428], [-80.37187272677343, 25.154109090598453], [-80.35561818210455, 25.15849999987602], [-80.37668181784224, 25.13067272714635], [-80.45330909115725, 25.072000000454512], [-80.44483636263331, 25.079863635510026], [-80.45049999974148, 25.08322727290897], [-80.49384545416818, 25.022954544580585], [-80.5820636361146, 24.95066363645601], [-80.59302727220594, 24.963354545413825], [-80.55802727217387, 24.97218181772258], [-80.54583636305222, 25.014645453564892], [-80.52022727341864, 25.00913636440662], [-80.4607363642477, 25.078854546507], [-80.46709999969075, 25.091145454593423], [-80.45292727324849, 25.086627272781406], [-80.43068181754637, 25.107399999983446], [-80.44304545433548, 25.127309091414556], [-80.42447272792998, 25.11615454486145], [-80.41723636364954, 25.12888181859499], [-80.42398181893329, 25.14273636269252], [-80.40349090904917, 25.13860909124297], [-80.38571818172616, 25.16382727319908], [-80.38806363675324, 25.184345453768643], [-80.42527272666139, 25.20049090851583], [-80.4333636362319, 25.225209091103423], [-80.4535727267071, 25.22437272693708], [-80.43704545395975, 25.23167272842554], [-80.44141818182518, 25.243972727321854], [-80.4960363635359, 25.222699999813017], [-80.48719999964428, 25.212336363576984], [-80.45587272743161, 25.223072727094287], [-80.46061818081277, 25.210954545012914], [-80.4350727268637, 25.199118181535113], [-80.43779999974366, 25.178463636711598], [-80.45690909111549, 25.158763635974747], [-80.42389090891146, 25.14823636358477], [-80.42655454467537, 25.126863636097816], [-80.44329999971717, 25.128290908960317], [-80.43707272689764, 25.137381817682996], [-80.44546363746953, 25.151509090819868], [-80.45660908968173, 25.148781817703608], [-80.45722727281306, 25.130863635830167], [-80.46146363640237, 25.132309091455138], [-80.46160909104306, 25.160490909336033], [-80.4415363627249, 25.193600000227907], [-80.46849999987214, 25.213263636213604], [-80.50045454472122, 25.211318181530203], [-80.49799090879185, 25.199899999691908], [-80.52039999973292, 25.222345454021557], [-80.53964545423474, 25.213499999820474], [-80.53592727334004, 25.198981818025487], [-80.56199090931837, 25.21218181827155], [-80.56540908961989, 25.19265454536068], [-80.56876363643487, 25.193163636105186], [-80.57550909090746, 25.19848181819906], [-80.57714545462233, 25.201463636068272], [-80.56535454594571, 25.209499999765537], [-80.58232727187405, 25.210636364283197], [-80.6144363639864, 25.175763636914336], [-80.62483636318353, 25.182654545786086], [-80.60921818157752, 25.18290909129486], [-80.6048454545246, 25.202718182048784], [-80.65169090909794, 25.19248181838637], [-80.66243636432976, 25.174881819022715], [-80.65796363693114, 25.177445454310313], [-80.65181818100928, 25.175081818105713], [-80.63809090916621, 25.178454544696443], [-80.63368181785137, 25.176445454325556], [-80.67326363624699, 25.138554544773715], [-80.6526999998852, 25.1629545460285], [-80.6716727272037, 25.174645455424123], [-80.69787272666026, 25.162972727797094], [-80.70638181774747, 25.13981818169746], [-80.73171818090226, 25.16746363715882], [-80.74739999952936, 25.159145454358548], [-80.72165454548951, 25.145490909026048], [-80.7428727272037, 25.14269999988242], [-80.76601818203304, 25.16229999968783], [-80.77228181800122, 25.159736364298926], [-80.76909090870183, 25.146809091187407], [-80.77762727291388, 25.13760000009976], [-80.78224545428571, 25.165336364255733], [-80.80049090921437, 25.143009090745107], [-80.79389090933451, 25.176309090751875], [-80.80820909070724, 25.184200000155588], [-80.82574545459046, 25.160618181999194], [-80.85017272730897, 25.177381818272156], [-80.89644545417005, 25.164845453772042], [-80.90057272726929, 25.139690908813076], [-81.08920909063932, 25.116927271558417], [-81.1416636356697, 25.157345454771015], [-81.14125454512482, 25.183936364452965], [-81.17166363726162, 25.22280909078552], [-81.14535454545914, 25.327081817750567], [-81.11846363601008, 25.328627272327566], [-81.08156363553147, 25.287736363288246], [-81.09186363625277, 25.275681817604816], [-81.06764545382056, 25.278545455340687], [-81.0601272733964, 25.246554545360606], [-80.98224545484652, 25.206627273003114], [-80.9202000003746, 25.215945454255074], [-80.90375454604042, 25.2403636358808], [-80.90953636347702, 25.264081817861786], [-80.94200909132239, 25.272281817912784], [-80.95362727257938, 25.310927271783065], [-80.9668818176534, 25.30440909132845], [-80.96121818111588, 25.33204545546422], [-80.9799454553444, 25.32572727203251], [-80.98790909108348, 25.348272727146668], [-81.0209727268569, 25.32768181816744], [-81.14945454477635, 25.387536362871792], [-81.12848181952164, 25.420227272864125], [-81.08255454512805, 25.431081818328042], [-81.15426363577828, 25.428718181852464], [-81.16817272751179, 25.458481818355857], [-81.15978181870256, 25.4746727267253], [-81.18243636259098, 25.47678181831349], [-81.20968181800332, 25.50673636259976], [-81.18808181780794, 25.550881818330573], [-81.15748181798908, 25.557872726721783], [-81.2259727266518, 25.55772727211252], [-81.2334545453367, 25.572209090784664], [-81.21916363636882, 25.57350000044779], [-81.24116363630849, 25.594554545437102], [-81.24580909106164, 25.63090000020585], [-81.28570000077522, 25.679145453998345], [-81.22287272719764, 25.72120909101036], [-81.2098909090522, 25.69953636443544], [-81.188981817805, 25.702890908990195], [-81.20170000046345, 25.686745455015284], [-81.17959999972632, 25.696190908827372], [-81.19347272778916, 25.730236362538626], [-81.2112272723018, 25.728800000094058], [-81.23051818237488, 25.759972727425314], [-81.25239999999248, 25.769863635960228], [-81.25353636402971, 25.75545454638636], [-81.25787272818603, 25.75579090884745], [-81.26854545455937, 25.77818181816746], [-81.25779999991076, 25.788454545971824], [-81.27390909112692, 25.784563635708068], [-81.26489090932577, 25.801581817719445], [-81.30354545420225, 25.813209090920704], [-81.31141818188692, 25.795727272988323], [-81.29900000007892, 25.79167272689373], [-81.33035454524553, 25.78565454577543], [-81.3933181818605, 25.85479090931092], [-81.45117272736348, 25.870718182175636], [-81.46427272686974, 25.860945454723748], [-81.45291818147493, 25.87915454495708], [-81.47883636306416, 25.891245454621153], [-81.5122454551267, 25.887136362832138], [-81.49837272703307, 25.877054545044246], [-81.5279818183434, 25.8506454552126], [-81.53643636347665, 25.887163635754742], [-81.50624545508545, 25.88922727304183], [-81.52610908981084, 25.900818182191962], [-81.51951818220962, 25.915754545619645], [-81.5425545451321, 25.898254546040118], [-81.53965454472592, 25.914990909250683], [-81.55963636384557, 25.91970909066373], [-81.54403636266835, 25.90121818124766], [-81.56519999994639, 25.887054546445135], [-81.58625454594973, 25.903409090890865], [-81.58521818150463, 25.89313636332503], [-81.60916363573494, 25.89567272724927], [-81.60836363626038, 25.908345454061518], [-81.63214545530691, 25.89605454626058], [-81.63375454533583, 25.937909091347397], [-81.65054545434224, 25.933127273400572], [-81.69643636269696, 25.970172727230146], [-81.70898181891755, 25.965181817910484], [-81.71008181748863, 25.986827273164373], [-81.73913636374839, 25.974999999704274], [-81.72480909147673, 25.98702727295261], [-81.74391818214035, 26.01350909076446], [-81.73608181797643, 26.02610909119591], [-81.77464545494055, 26.04319090935175], [-81.76009999984721, 26.001381818212725], [-81.80213636275899, 26.09185454635623], [-81.78265605786721, 26.105367097866875], [-81.77179289173101, 26.14872031093445], [-81.78582444130421, 26.177999295434866], [-81.78275824494878, 26.339515703595126], [-81.80124496126717, 26.4097243916671], [-81.78593800333098, 26.511127508866096], [-81.7457187348958, 26.516745156692796], [-81.64667622317818, 26.416025912618572], [-81.5870293351913, 26.426660176107276], [-81.5572789730422, 26.406201024207384], [-81.5504924423031, 26.37918412424028], [-81.59343486577363, 26.341404474357475], [-81.59849013551116, 26.29140731794588], [-81.55075463031694, 26.25799464965303], [-81.49053118618328, 26.289756040628323], [-81.39747153501246, 26.27448805011248], [-81.38853797770956, 26.30751397135537], [-81.35986057857076, 26.32192576535659], [-81.30243848557146, 26.30460148175939], [-81.23749619727631, 26.254468109776045], [-81.1689670885825, 26.26395168009591], [-81.16775005559876, 26.29432281885031], [-81.22210565241045, 26.38538184280334], [-81.20902841674501, 26.415350862874657], [-81.07522487477996, 26.420400409249023], [-81.04997099678454, 26.398399192816402], [-81.05636832574262, 26.33001665981198], [-80.97371819708988, 26.309597610810684], [-80.92171636495718, 26.383065477682845], [-80.96616031067491, 26.468566960734186], [-80.97607329808996, 26.600183930781537], [-81.0119801157357, 26.659538215314075], [-81.1620316819388, 26.764755451187014], [-81.1832871511452, 26.854773025273104], [-81.11898964904772, 26.898684666410254], [-81.13633243721833, 26.965813300739956], [-81.01368690514957, 27.020302877744335], [-80.84021324501758, 27.191482576864875], [-80.7931967252053, 27.20722799192806], [-80.75278483350219, 27.20017465496828], [-80.67782063844653, 27.135225746672035], [-80.61097283144662, 27.007421869247523], [-80.58187446353277, 26.979667337671764], [-80.56858752301663, 26.93400000542437], [-80.3999674100664, 26.781926895380817], [-80.31416525855511, 26.680182995680223], [-80.26848743513774, 26.66378191826767]]]}}, {"type": "Feature", "properties": {"code": "15.4", "name": "EVERGLADES"}, "geometry": {"type": "Polygon", "coordinates": [[[-80.61229999988726, 24.95277272784579], [-80.58963636404182, 24.949354544896735], [-80.61013636438359, 24.939381818425773], [-80.61229999988726, 24.95277272784579]]]}}, {"type": "Feature", "properties": {"code": "15.4", "name": "EVERGLADES"}, "geometry": {"type": "Polygon", "coordinates": [[[-80.612772726772, 24.938300000326088], [-80.63429999955991, 24.913545453972446], [-80.66106363601291, 24.89933636403746], [-80.62297272669609, 24.945263635596863], [-80.612772726772, 24.938300000326088]]]}}, {"type": "Feature", "properties": {"code": "15.4", "name": "EVERGLADES"}, "geometry": {"type": "Polygon", "coordinates": [[[-80.6600909094837, 24.898000000088636], [-80.65829999995381, 24.892363636247804], [-80.66604545407539, 24.895163636296626], [-80.6600909094837, 24.898000000088636]]]}}, {"type": "Feature", "properties": {"code": "15.4", "name": "EVERGLADES"}, "geometry": {"type": "Polygon", "coordinates": [[[-80.67696363681796, 24.88874545411843], [-80.66873636447131, 24.89379090902105], [-80.66703636430236, 24.89379999991844], [-80.67696363681796, 24.88874545411843]]]}}, {"type": "Feature", "properties": {"code": "15.4", "name": "EVERGLADES"}, "geometry": {"type": "Polygon", "coordinates": [[[-80.68805454538688, 24.88375454562076], [-80.6840545449566, 24.885272727314636], [-80.6879181818085, 24.883327272567104], [-80.68805454538688, 24.88375454562076]]]}}, {"type": "Feature", "properties": {"code": "15.4", "name": "EVERGLADES"}, "geometry": {"type": "Polygon", "coordinates": [[[-80.6913454539484, 24.885499999720434], [-80.70230909065887, 24.86775454464236], [-80.7481181819039, 24.844627272779586], [-80.73341818236108, 24.864663636204924], [-80.6913454539484, 24.885499999720434]]]}}, {"type": "Feature", "properties": {"code": "15.4", "name": "EVERGLADES"}, "geometry": {"type": "Polygon", "coordinates": [[[-80.75233636336957, 24.842127272927385], [-80.762800000378, 24.835900000173854], [-80.76689999956159, 24.836536363227705], [-80.75233636336957, 24.842127272927385]]]}}, {"type": "Feature", "properties": {"code": "15.4", "name": "EVERGLADES"}, "geometry": {"type": "Polygon", "coordinates": [[[-80.79217272706761, 24.843900000363107], [-80.77992727310988, 24.839527273072974], [-80.811136363962, 24.82494545527151], [-80.78919999948555, 24.82590000021135], [-80.79380909100423, 24.81252727267404], [-80.85064545465775, 24.803118182295666], [-80.79217272706761, 24.843900000363107]]]}}, {"type": "Feature", "properties": {"code": "15.4", "name": "EVERGLADES"}, "geometry": {"type": "Polygon", "coordinates": [[[-80.88413636377426, 24.79110000016203], [-80.89597272706285, 24.783781818358346], [-80.90632727270749, 24.783109090930743], [-80.88413636377426, 24.79110000016203]]]}}, {"type": "Feature", "properties": {"code": "15.4", "name": "EVERGLADES"}, "geometry": {"type": "Polygon", "coordinates": [[[-80.91000909134178, 24.781527273163167], [-80.91916363723965, 24.778918181799252], [-80.90978181762536, 24.78187272684388], [-80.91000909134178, 24.781527273163167]]]}}, {"type": "Feature", "properties": {"code": "15.4", "name": "EVERGLADES"}, "geometry": {"type": "Polygon", "coordinates": [[[-80.92240909052202, 24.773136364277935], [-80.90698181869175, 24.76862727155298], [-80.92328181837482, 24.7653454539347], [-80.92240909052202, 24.773136364277935]]]}}, {"type": "Feature", "properties": {"code": "15.4", "name": "EVERGLADES"}, "geometry": {"type": "Polygon", "coordinates": [[[-80.93044545525949, 24.774254544680307], [-80.9677909089197, 24.747127272679677], [-80.97601818162397, 24.74890909114527], [-80.97208181839058, 24.746654545074986], [-80.97579999967024, 24.74230909099007], [-80.97937272736142, 24.741345454922023], [-80.97730909112079, 24.756345454591987], [-80.93044545525949, 24.774254544680307]]]}}, {"type": "Feature", "properties": {"code": "15.4", "name": "EVERGLADES"}, "geometry": {"type": "Polygon", "coordinates": [[[-80.98839090909041, 24.759899999870477], [-80.98279999988372, 24.746272726592153], [-80.99214545368173, 24.7385090912987], [-80.98839090909041, 24.759899999870477]]]}}, {"type": "Feature", "properties": {"code": "15.4", "name": "EVERGLADES"}, "geometry": {"type": "Polygon", "coordinates": [[[-80.9924727265905, 24.733081818320915], [-81.01114545358223, 24.72261818222625], [-81.01715454575715, 24.725763636925354], [-81.00455454506961, 24.734009091123824], [-80.9924727265905, 24.733081818320915]]]}}, {"type": "Feature", "properties": {"code": "15.4", "name": "EVERGLADES"}, "geometry": {"type": "Polygon", "coordinates": [[[-80.99360909096339, 25.282309090922414], [-81.01338181836473, 25.265418181645334], [-81.02110909075184, 25.250327271787725], [-81.01778181762582, 25.243872727259067], [-80.99757272752375, 25.255227272665774], [-80.99458181756728, 25.230081817660515], [-80.97940909058443, 25.24283636268561], [-80.98995454600232, 25.227318182439095], [-80.9636272730908, 25.232036363634954], [-80.96745454594776, 25.218736364020877], [-81.0464181817514, 25.237854545999], [-80.99360909096339, 25.282309090922414]]]}}, {"type": "Feature", "properties": {"code": "15.4", "name": "EVERGLADES"}, "geometry": {"type": "Polygon", "coordinates": [[[-81.01818181902573, 24.72183636425892], [-81.01179090932665, 24.721781818129124], [-81.02960909086707, 24.72124545403185], [-81.01818181902573, 24.72183636425892]]]}}, {"type": "Feature", "properties": {"code": "15.4", "name": "EVERGLADES"}, "geometry": {"type": "Polygon", "coordinates": [[[-81.0282818176653, 24.72882727219417], [-80.99226363634446, 24.741800000150477], [-80.99632727244568, 24.735181817966197], [-80.99395454483604, 24.734572726651514], [-81.0282818176653, 24.72882727219417]]]}}, {"type": "Feature", "properties": {"code": "15.4", "name": "EVERGLADES"}, "geometry": {"type": "Polygon", "coordinates": [[[-81.03157272787742, 25.265854545709278], [-81.03489999976587, 25.251690908510735], [-81.04723636359009, 25.24322727333363], [-81.07016363590712, 25.258081818074224], [-81.04437272828412, 25.252963636750646], [-81.03157272787742, 25.265854545709278]]]}}, {"type": "Feature", "properties": {"code": "15.4", "name": "EVERGLADES"}, "geometry": {"type": "Polygon", "coordinates": [[[-81.04104545472103, 24.740781817563036], [-81.02991818144616, 24.728172726994586], [-81.07013636399498, 24.713245454114436], [-81.07726363606359, 24.689745454788856], [-81.09212727313613, 24.703036363275103], [-81.0827363640068, 24.712645454119887], [-81.1095636371101, 24.703163635639672], [-81.12531818227535, 24.706990908811054], [-81.06463636350331, 24.719818182095842], [-81.04104545472103, 24.740781817563036]]]}}, {"type": "Feature", "properties": {"code": "15.4", "name": "EVERGLADES"}, "geometry": {"type": "Polygon", "coordinates": [[[-81.09079999971, 24.701536364051886], [-81.09496363731004, 24.68917272683237], [-81.11610000046176, 24.69884545506382], [-81.09669999986367, 24.69105454537611], [-81.09079999971, 24.701536364051886]]]}}, {"type": "Feature", "properties": {"code": "15.4", "name": "EVERGLADES"}, "geometry": {"type": "Polygon", "coordinates": [[[-81.11887272729244, 25.377909090882568], [-81.11710909090311, 25.3752181820525], [-81.12160909120804, 25.376127272830853], [-81.11887272729244, 25.377909090882568]]]}}, {"type": "Feature", "properties": {"code": "15.4", "name": "EVERGLADES"}, "geometry": {"type": "Polygon", "coordinates": [[[-81.1331363637506, 25.34277272718766], [-81.1090181824356, 25.335845455025115], [-81.10075454452958, 25.32368181792135], [-81.15190909058235, 25.324827273321393], [-81.1331363637506, 25.34277272718766]]]}}, {"type": "Feature", "properties": {"code": "15.4", "name": "EVERGLADES"}, "geometry": {"type": "Polygon", "coordinates": [[[-81.22721818229084, 25.72886363634662], [-81.21402727270393, 25.72658181785784], [-81.22630000005887, 25.723154545004203], [-81.22721818229084, 25.72886363634662]]]}}, {"type": "Feature", "properties": {"code": "15.4", "name": "EVERGLADES"}, "geometry": {"type": "Polygon", "coordinates": [[[-81.23721818150611, 25.743354546303294], [-81.22742727172954, 25.724818180848537], [-81.23408181844526, 25.715336364136604], [-81.25083636415975, 25.725518181683313], [-81.23721818150611, 25.743354546303294]]]}}, {"type": "Feature", "properties": {"code": "15.4", "name": "EVERGLADES"}, "geometry": {"type": "Polygon", "coordinates": [[[-81.25295454547019, 24.665172726657968], [-81.27328181837976, 24.658945454959905], [-81.28164545548096, 24.6544727267], [-81.25917272817333, 24.67530909097063], [-81.25295454547019, 24.665172726657968]]]}}, {"type": "Feature", "properties": {"code": "15.4", "name": "EVERGLADES"}, "geometry": {"type": "Polygon", "coordinates": [[[-81.25347272677423, 25.74368181826463], [-81.24454545465125, 25.709227273097106], [-81.28583636412976, 25.704290908885145], [-81.28619090895769, 25.72986363731544], [-81.25347272677423, 25.74368181826463]]]}}, {"type": "Feature", "properties": {"code": "15.4", "name": "EVERGLADES"}, "geometry": {"type": "Polygon", "coordinates": [[[-81.27095454503299, 25.77733636268613], [-81.25886363587759, 25.753218182000488], [-81.26456363559161, 25.747718181725194], [-81.28029090864311, 25.764763635520236], [-81.27095454503299, 25.77733636268613]]]}}, {"type": "Feature", "properties": {"code": "15.4", "name": "EVERGLADES"}, "geometry": {"type": "Polygon", "coordinates": [[[-81.29453636377427, 25.801300000026657], [-81.27393636419355, 25.780709090684102], [-81.29442727196401, 25.75059090933192], [-81.28510000027018, 25.76093636429766], [-81.27124545415086, 25.744018181917497], [-81.30009090860581, 25.69380909072355], [-81.34893636345564, 25.7262090906543], [-81.32690909100359, 25.735181817980077], [-81.34299090919376, 25.732763635830363], [-81.33526363621093, 25.75848181799802], [-81.35055454482907, 25.776636364300202], [-81.35290909136586, 25.75796363624036], [-81.36046363639277, 25.77213636448584], [-81.37191818125635, 25.76468181803649], [-81.37691818183349, 25.767081818299637], [-81.29453636377427, 25.801300000026657]]]}}, {"type": "Feature", "properties": {"code": "15.4", "name": "EVERGLADES"}, "geometry": {"type": "Polygon", "coordinates": [[[-81.30270000001819, 24.657127272596075], [-81.3126909093152, 24.647163635998044], [-81.31947272667428, 24.649018182304214], [-81.30270000001819, 24.657127272596075]]]}}, {"type": "Feature", "properties": {"code": "15.4", "name": "EVERGLADES"}, "geometry": {"type": "Polygon", "coordinates": [[[-81.34218181793854, 24.6984545455431], [-81.3190363643216, 24.701309091318834], [-81.31139090903856, 24.67394545508277], [-81.34218181793854, 24.6984545455431]]]}}, {"type": "Feature", "properties": {"code": "15.4", "name": "EVERGLADES"}, "geometry": {"type": "Polygon", "coordinates": [[[-81.34962727329209, 25.78042727329302], [-81.34650909016678, 25.778545454701398], [-81.34965454455948, 25.778663636220973], [-81.34962727329209, 25.78042727329302]]]}}, {"type": "Feature", "properties": {"code": "15.4", "name": "EVERGLADES"}, "geometry": {"type": "Polygon", "coordinates": [[[-81.39521818148687, 24.744600000092642], [-81.36133636289436, 24.694545454808075], [-81.348754545832, 24.70270909137865], [-81.35564545388317, 24.688718181530483], [-81.33888181829559, 24.671409090985453], [-81.33240909108657, 24.63970909056334], [-81.3657363642328, 24.632145454938087], [-81.33660909138655, 24.653372727102052], [-81.35485454560967, 24.663854545331333], [-81.37487272715788, 24.651345455384725], [-81.37068181777045, 24.668972727366338], [-81.40161818201415, 24.724109091449936], [-81.39521818148687, 24.744600000092642]]]}}, {"type": "Feature", "properties": {"code": "15.4", "name": "EVERGLADES"}, "geometry": {"type": "Polygon", "coordinates": [[[-81.39960909077868, 24.69000909096416], [-81.38675454459609, 24.673827272245592], [-81.38871818152025, 24.64979999997952], [-81.39960909077868, 24.69000909096416]]]}}, {"type": "Feature", "properties": {"code": "15.4", "name": "EVERGLADES"}, "geometry": {"type": "Polygon", "coordinates": [[[-81.41347272718593, 24.70025454460257], [-81.40437272831058, 24.69193636301414], [-81.39772727248594, 24.656872727204274], [-81.42049999965224, 24.681509091069053], [-81.41347272718593, 24.70025454460257]]]}}, {"type": "Feature", "properties": {"code": "15.4", "name": "EVERGLADES"}, "geometry": {"type": "Polygon", "coordinates": [[[-81.41405454541115, 24.670536363784493], [-81.40255454545951, 24.65912727334817], [-81.40650909114449, 24.6427181824298], [-81.42495454593082, 24.647254546014004], [-81.41405454541115, 24.670536363784493]]]}}, {"type": "Feature", "properties": {"code": "15.4", "name": "EVERGLADES"}, "geometry": {"type": "Polygon", "coordinates": [[[-81.44357272667436, 24.678527272340833], [-81.43548181943734, 24.652372727306865], [-81.44399999969437, 24.64255454518968], [-81.46412727317227, 24.662336363579122], [-81.44496363668785, 24.668909091216527], [-81.4465909087437, 24.67579090856015], [-81.45599090932028, 24.666136364134452], [-81.46477272730301, 24.6705454538171], [-81.44357272667436, 24.678527272340833]]]}}, {"type": "Feature", "properties": {"code": "15.4", "name": "EVERGLADES"}, "geometry": {"type": "Polygon", "coordinates": [[[-81.4473545456995, 24.742209091300637], [-81.42453636369623, 24.69150909129865], [-81.41772727266716, 24.700463635894753], [-81.41912727310192, 24.69103636361627], [-81.4258818185123, 24.688118180652708], [-81.45395454475265, 24.722163636244566], [-81.4473545456995, 24.742209091300637]]]}}, {"type": "Feature", "properties": {"code": "15.4", "name": "EVERGLADES"}, "geometry": {"type": "Polygon", "coordinates": [[[-81.50500000022863, 24.700790909150218], [-81.4670636361856, 24.66293636296276], [-81.47872727288448, 24.645136362648124], [-81.47928181832471, 24.65943636365895], [-81.50601818163277, 24.654736362906778], [-81.52109090870844, 24.670372726696627], [-81.51954545392469, 24.685190909058793], [-81.50922727311779, 24.697718182397544], [-81.51689999990036, 24.676527272630164], [-81.5002090912893, 24.67944545422458], [-81.51242727300067, 24.680645454005475], [-81.50500000022863, 24.700790909150218]]]}}, {"type": "Feature", "properties": {"code": "15.4", "name": "EVERGLADES"}, "geometry": {"type": "Polygon", "coordinates": [[[-81.54390908969243, 24.655845453577086], [-81.54527272716004, 24.65175454603792], [-81.55599090865051, 24.650709090548084], [-81.54390908969243, 24.655845453577086]]]}}, {"type": "Feature", "properties": {"code": "15.4", "name": "EVERGLADES"}, "geometry": {"type": "Polygon", "coordinates": [[[-81.55271818183276, 24.68981818208704], [-81.51579999998417, 24.658727273439673], [-81.5087545447479, 24.631072726676372], [-81.51870909133812, 24.61861818204612], [-81.57034545407495, 24.603154544959033], [-81.56890909112225, 24.63413636405347], [-81.54976363577697, 24.6287272733658], [-81.58419999971662, 24.650736364093525], [-81.57414545529936, 24.649427273358214], [-81.58017272843237, 24.67170909136942], [-81.56158181796488, 24.668481817626947], [-81.57378181790597, 24.66614545440857], [-81.56910909054443, 24.647145454175394], [-81.51598181764714, 24.6278272731151], [-81.52490909100649, 24.655718182235592], [-81.5442909089919, 24.64749090877912], [-81.53579090900381, 24.667236364203237], [-81.56595454524226, 24.673600000240988], [-81.55271818183276, 24.68981818208704]]]}}, {"type": "Feature", "properties": {"code": "15.4", "name": "EVERGLADES"}, "geometry": {"type": "Polygon", "coordinates": [[[-81.5580818180489, 24.65085454466501], [-81.55684545510158, 24.649099999586994], [-81.55893636254869, 24.648736364213317], [-81.5580818180489, 24.65085454466501]]]}}, {"type": "Feature", "properties": {"code": "15.4", "name": "EVERGLADES"}, "geometry": {"type": "Polygon", "coordinates": [[[-81.57882727343834, 24.64210909093132], [-81.57629090937627, 24.63267272697682], [-81.58545454654818, 24.63366363565582], [-81.57882727343834, 24.64210909093132]]]}}, {"type": "Feature", "properties": {"code": "15.4", "name": "EVERGLADES"}, "geometry": {"type": "Polygon", "coordinates": [[[-81.58273636410968, 24.654309091438122], [-81.59129090926452, 24.61831818196632], [-81.59792727306782, 24.632863636924917], [-81.60095454507247, 24.61859090859308], [-81.60457272690897, 24.628663636025305], [-81.62386363694108, 24.617154546409335], [-81.61316363561154, 24.624927273185957], [-81.62433636299676, 24.63460000009751], [-81.59578181921663, 24.640872726838406], [-81.61458181837868, 24.64606363611673], [-81.61331818097972, 24.65107272693248], [-81.58273636410968, 24.654309091438122]]]}}, {"type": "Feature", "properties": {"code": "15.4", "name": "EVERGLADES"}, "geometry": {"type": "Polygon", "coordinates": [[[-81.6039181811431, 24.60890909114868], [-81.57043636368974, 24.60240000018169], [-81.60296363587479, 24.586136363650432], [-81.61397272712715, 24.58598181816328], [-81.58913636353775, 24.598000000314457], [-81.6039181811431, 24.60890909114868]]]}}, {"type": "Feature", "properties": {"code": "15.4", "name": "EVERGLADES"}, "geometry": {"type": "Polygon", "coordinates": [[[-81.63370909016167, 24.590200000393953], [-81.60544545487632, 24.600654546232853], [-81.60081818198059, 24.594200000351222], [-81.6240090913297, 24.580899999632656], [-81.63370909016167, 24.590200000393953]]]}}, {"type": "Feature", "properties": {"code": "15.4", "name": "EVERGLADES"}, "geometry": {"type": "Polygon", "coordinates": [[[-81.64746363691256, 24.60825454601682], [-81.64293636436577, 24.603299999981402], [-81.64648181767393, 24.592072726615022], [-81.67032727203723, 24.597645454977663], [-81.67715454504075, 24.58729090937367], [-81.66184545451152, 24.5887909091831], [-81.66599090932274, 24.57412727302343], [-81.64746363606858, 24.590209090770365], [-81.6583545455399, 24.573181817763267], [-81.71869090854997, 24.558200000142424], [-81.70349999985925, 24.604100000245264], [-81.69487272730129, 24.588009091019742], [-81.64746363691256, 24.60825454601682]]]}}, {"type": "Feature", "properties": {"code": "15.4", "name": "EVERGLADES"}, "geometry": {"type": "Polygon", "coordinates": [[[-81.72854545533838, 25.973581818810114], [-81.69552727166018, 25.9467272716726], [-81.65518181837653, 25.942645454656706], [-81.64929999969735, 25.904800000300764], [-81.72816363596111, 25.90851818215508], [-81.75062727332737, 25.95361818173414], [-81.72854545533838, 25.973581818810114]]]}}, {"type": "Feature", "properties": {"code": "15.4", "name": "EVERGLADES"}, "geometry": {"type": "Polygon", "coordinates": [[[-81.73470909137988, 24.584799999715248], [-81.72409090911377, 24.56180000031622], [-81.74440000021558, 24.55799090919464], [-81.75291818238796, 24.578427272480244], [-81.73470909137988, 24.584799999715248]]]}}, {"type": "Feature", "properties": {"code": "15.4", "name": "EVERGLADES"}, "geometry": {"type": "Polygon", "coordinates": [[[-81.76591818202571, 24.583600000826596], [-81.7742272716055, 24.573336363327847], [-81.75074545476092, 24.572536364139786], [-81.74949090861628, 24.553881819277503], [-81.81238181817459, 24.54537272659575], [-81.80168181819676, 24.567927273302747], [-81.77747272722718, 24.563390909273227], [-81.78156363626815, 24.57779999989511], [-81.76591818202571, 24.583600000826596]]]}}, {"type": "Feature", "properties": {"code": "15.4", "name": "EVERGLADES"}, "geometry": {"type": "Polygon", "coordinates": [[[-81.80081818225815, 24.585800000496167], [-81.79407272790333, 24.575745455062282], [-81.79462727336526, 24.56734545438987], [-81.80081818225815, 24.585800000496167]]]}}, {"type": "Feature", "properties": {"code": "15.4", "name": "EVERGLADES"}, "geometry": {"type": "Polygon", "coordinates": [[[-81.8123727283777, 24.56070909130618], [-81.81562727335752, 24.56276363593885], [-81.8124727267912, 24.563690908806624], [-81.8123727283777, 24.56070909130618]]]}}, {"type": "Feature", "properties": {"code": "15.4", "name": "EVERGLADES"}, "geometry": {"type": "Polygon", "coordinates": [[[-82.11152537109024, 24.553543952599], [-82.122310014618, 24.552212824696575], [-82.11204709535059, 24.559383733805692], [-82.11152537109024, 24.553543952599]]]}}, {"type": "Feature", "properties": {"code": "15.4", "name": "EVERGLADES"}, "geometry": {"type": "Polygon", "coordinates": [[[-82.12136899746696, 24.59576610363407], [-82.10036411156274, 24.584763502953066], [-82.10719417407735, 24.557853353102335], [-82.11954927382394, 24.58569873182643], [-82.14449200996133, 24.586565733028575], [-82.12136899746696, 24.59576610363407]]]}}, {"type": "Feature", "properties": {"code": "15.4", "name": "EVERGLADES"}, "geometry": {"type": "Polygon", "coordinates": [[[-82.12718540696284, 24.552763912103387], [-82.13072980366984, 24.548467767519035], [-82.13328993117918, 24.55213468889025], [-82.12718540696284, 24.552763912103387]]]}}, {"type": "Feature", "properties": {"code": "15.4", "name": "EVERGLADES"}, "geometry": {"type": "Polygon", "coordinates": [[[-82.15691241611262, 24.565579017163373], [-82.16424980088377, 24.56290916939556], [-82.1618262439775, 24.56588817461951], [-82.15691241611262, 24.565579017163373]]]}}, {"type": "Feature", "properties": {"code": "15.4", "name": "EVERGLADES"}, "geometry": {"type": "Polygon", "coordinates": [[[-82.1643416312198, 24.558136384807444], [-82.15534346701008, 24.551374223436536], [-82.1559588178457, 24.548268629402163], [-82.16296606202067, 24.550216325196722], [-82.1643416312198, 24.558136384807444]]]}}, {"type": "Feature", "properties": {"code": "5.1", "name": "SOFTWOOD SHIELD"}, "geometry": {"type": "MultiPolygon", "coordinates": [[[[-69.77950913137342, 48.0], [-69.802110331672, 47.911970723224705], [-69.8621632660535, 47.86076498411332], [-69.91012798444346, 47.76467212480907], [-69.95299451819379, 47.7413817967368], [-69.99314009963483, 47.74603076656015], [-70.07591111889231, 47.68752631756623], [-70.14096202833744, 47.6834478322658], [-70.13881653878342, 47.70436883499721], [-70.06527076542753, 47.74897207226029], [-70.00289920404958, 47.757089617910445], [-69.9830015988268, 47.81343470678488], [-69.98782919125198, 47.831891032051026], [-70.04420419119614, 47.857912928579694], [-70.04838514060324, 47.89601580330441], [-70.08882999460589, 47.94589115330915], [-70.11126671335785, 47.94368919998522], [-70.13718440619779, 48.0], [-69.77950913137342, 48.0]]], [[[-79.28315253924085, 48.0], [-76.93447888299826, 47.992629334634024], [-76.96629285756715, 47.98872934396191], [-77.0027841647918, 47.94692133847003], [-77.06881726170757, 47.930075074293676], [-77.26907315564738, 47.73001096591006], [-77.29389970295831, 47.72715092617226], [-77.32849435977735, 47.66761570987523], [-77.61047818791263, 47.59103786625293], [-77.75958093977611, 47.58817030507345], [-78.24891789824639, 47.65454219179751], [-78.38542388083705, 47.689756212152275], [-78.97336864989691, 47.860192397273686], [-79.28315253924085, 48.0]]], [[[-83.68323530153516, 48.0], [-83.84389817536949, 47.80555780425116], [-83.97833690312017, 47.810229571922456], [-84.07107258093515, 47.91655774157277], [-84.23824917394268, 47.94298625406539], [-84.37126292921499, 47.92931274230722], [-84.59451296452723, 47.948388703810714], [-84.8398361199131, 47.93343304650883], [-84.8909285170671, 47.9570239039645], [-85.15885824048613, 47.95912860622467], [-85.28360046854827, 47.95619812663381], [-85.42054135876215, 47.919323537762736], [-85.5858110248799, 47.918809942866574], [-85.74111666848559, 47.93278761040847], [-85.89189520985342, 48.0], [-83.68323530153516, 48.0]]]]}}, {"type": "Feature", "properties": {"code": "5.1", "name": "SOFTWOOD SHIELD"}, "geometry": {"type": "Polygon", "coordinates": [[[-69.77179375914304, 47.79852352135162], [-69.72305903760926, 47.867293398814944], [-69.68874837261095, 47.898038231212475], [-69.70897246397374, 47.85798509625268], [-69.77179375914304, 47.79852352135162]]]}}, {"type": "Feature", "properties": {"code": "5.1", "name": "SOFTWOOD SHIELD"}, "geometry": {"type": "Polygon", "coordinates": [[[-85.73161047993462, 47.79791180366365], [-85.62006066961668, 47.772579337345555], [-85.58695929559237, 47.740759541510926], [-85.69903129275393, 47.7078788490466], [-85.93989340458833, 47.71824387533374], [-85.94043920169305, 47.74545990727442], [-85.83272677289357, 47.79841571226318], [-85.73161047993462, 47.79791180366365]]]}}, {"type": "Feature", "properties": {"code": "5.2", "name": "MIXED WOOD SHIELD"}, "geometry": {"type": "MultiPolygon", "coordinates": [[[[-87.99790909133435, 47.478163636803785], [-87.80118181810707, 47.47330000040984], [-87.71800000056449, 47.44196363589871], [-87.71050909109063, 47.405790908888406], [-87.81449999987794, 47.384854545908915], [-87.95705454556004, 47.38726363587295], [-87.96384545450292, 47.36432727265752], [-87.93824545502697, 47.342299999552274], [-88.0, 47.315866433229814], [-87.99790909133435, 47.478163636803785]]], [[[-87.99544545548166, 46.90499090904545], [-87.9023727267826, 46.909872728300975], [-87.84619090830603, 46.88390909122983], [-87.81679090921604, 46.89115454492571], [-87.76987272715432, 46.86242727229097], [-87.74101818135773, 46.86524545494401], [-87.72006363549274, 46.82605454510642], [-87.67949999965356, 46.8419727282374], [-87.65360909121365, 46.80699090908491], [-87.63479999972871, 46.81279090934909], [-87.58991818171963, 46.78254545360208], [-87.58161818226303, 46.728881819239504], [-87.51891818030317, 46.692118182323725], [-87.52371818143412, 46.67489090879139], [-87.50302727192332, 46.64750000029701], [-87.4619909091747, 46.635927272264624], [-87.46085454518705, 46.61172727201345], [-87.432599999358, 46.590745453990095], [-87.3772909092183, 46.591054546197874], [-87.39403636359789, 46.57677272713438], [-87.37478181753882, 46.546590908509025], [-87.39399090950535, 46.53317272664181], [-87.34901818187129, 46.49993636317805], [-87.24184545327508, 46.488181818268075], [-87.16513636295068, 46.50633636434985], [-87.12026363648566, 46.494700000242794], [-87.00468181820567, 46.53375454502435], [-86.96453636388105, 46.51654545424414], [-86.94708181849332, 46.472063635780565], [-86.90374545553412, 46.466136363072685], [-86.87764545374944, 46.43805454587326], [-86.81602727357439, 46.43789090879179], [-86.78949090932657, 46.478072727005745], [-86.75074545383768, 46.479181817559834], [-86.70322727270718, 46.43938181838304], [-86.65723636325457, 46.44321818098549], [-86.66190909215842, 46.418281818254755], [-86.64036363638878, 46.41081818177109], [-86.60981818050158, 46.453181817868966], [-86.46943636464103, 46.551745454675626], [-86.35081818133717, 46.57755454482098], [-86.15777272647105, 46.67050909078005], [-86.0998454537773, 46.65461818194457], [-85.87790909087342, 46.690918180608804], [-85.50137272738662, 46.676427272915774], [-85.25722727344396, 46.75338181805069], [-84.9563363637208, 46.77211818176053], [-85.02828181804605, 46.694845454807364], [-85.03705454494694, 46.60099090918775], [-85.0254636355451, 46.54530000019033], [-85.05656363632951, 46.52229090904287], [-85.03376363595501, 46.487672727357044], [-84.97009090900505, 46.47585454589659], [-84.93681818234806, 46.489299999720025], [-84.92113636446429, 46.469572727432634], [-84.86144545331571, 46.46992727336229], [-84.82393636363527, 46.44399999975286], [-84.67842727265324, 46.487690908599916], [-84.63101818250287, 46.48486363686259], [-84.57352727354498, 46.42839999983969], [-84.60392727140531, 46.43531818221026], [-84.59777272765862, 46.41546363637593], [-84.5797272718093, 46.41333636360115], [-84.50205454558895, 46.446318181772604], [-84.47184545431482, 46.43429090885824], [-84.45500000070253, 46.47039090934546], [-84.38840909108954, 46.4963181821986], [-84.30618181859347, 46.48904545424967], [-84.2182090919267, 46.350345455219326], [-84.22147272824807, 46.28995454513223], [-84.18199090886574, 46.249499999844524], [-84.18403636335039, 46.234463636409], [-84.20965454662512, 46.24702727277158], [-84.23432727359511, 46.217545453894644], [-84.25858181771997, 46.21786363680743], [-84.25112727237479, 46.175181818239544], [-84.22100000054692, 46.1630636368917], [-84.1776272731844, 46.173436363188856], [-84.1796999994048, 46.185954544886634], [-84.13390000026543, 46.16627272741702], [-84.12234545406436, 46.17922727288133], [-84.095818182283, 46.14773636398443], [-84.02827272714799, 46.13301818172395], [-84.07174545465794, 46.09244545485343], [-83.97783636387189, 46.01882727199302], [-83.94226363600048, 46.032109090701155], [-83.8979181816327, 45.99003636393269], [-83.91431818149016, 45.95556363559234], [-83.92433636340951, 45.97575454509892], [-83.98809090899917, 45.966263637449735], [-83.99540909110483, 45.94592727263218], [-84.10068181863194, 45.96734545365455], [-84.11698181738481, 45.98329090902736], [-84.18086363574294, 45.98210909120697], [-84.17120000019915, 45.965472727012916], [-84.23343636251796, 45.98798181833733], [-84.22212727358504, 45.98000909069858], [-84.21402727321133, 45.96885454547404], [-84.29816363628788, 45.998354545097904], [-84.28006363753218, 45.97346363596365], [-84.28801818174173, 45.97228181753798], [-84.2945363641682, 45.98183636269575], [-84.31557272714782, 45.9933818176689], [-84.33045454664291, 45.99685454587717], [-84.3001363624919, 45.97793636282936], [-84.32039090831887, 45.98483636417788], [-84.3051181814277, 45.96929090892059], [-84.32520908952638, 45.984218182096384], [-84.33147272674755, 45.99641818190639], [-84.36274545559172, 45.99581818183996], [-84.35342727324608, 45.970200000215094], [-84.39105454444274, 46.000972726704205], [-84.41304545566882, 46.00524545490741], [-84.40898181823154, 45.993354546124976], [-84.44252727329534, 46.009181817786214], [-84.4704000002376, 46.008072727776586], [-84.4615272726326, 45.969181818130664], [-84.50335454436606, 45.99905454522332], [-84.52783636407598, 45.968490910271626], [-84.54440909147276, 46.02286363571581], [-84.60906363653508, 46.026418181620265], [-84.65794545452951, 46.052472728227784], [-84.69549090902693, 46.0252363626846], [-84.68480000080386, 45.97279090911519], [-84.7116999994611, 45.97315454629907], [-84.73884545360998, 45.94579090939796], [-84.71325454480332, 45.918700000234075], [-84.73609090959599, 45.91316363588589], [-84.72042727254066, 45.87500909072251], [-84.73023636268016, 45.87036363655348], [-84.70065454616987, 45.854127272846526], [-84.72523636341494, 45.83688181790474], [-84.83139999976794, 45.87203636297709], [-84.8381181815472, 45.897990909319034], [-84.91335454572535, 45.92582727198488], [-85.01399090864075, 46.010772726593395], [-85.1778272734612, 46.061263636391764], [-85.19735454620174, 46.044790908773436], [-85.3339363633257, 46.09231818242654], [-85.37805454556373, 46.07513636377551], [-85.41206363683251, 46.10143636302664], [-85.44699090784829, 46.08516363657199], [-85.50418181898272, 46.096463636813574], [-85.60378181887191, 46.03036363590012], [-85.65360909117842, 45.96771818130144], [-85.6914999998225, 45.958327272894024], [-85.81044545524132, 45.98009090935266], [-85.84145454472205, 45.96376363700294], [-85.89361818227131, 45.96929090882991], [-85.92273636351987, 45.948290909154856], [-85.9137727266123, 45.91943636450952], [-86.0720636356125, 45.965318182208094], [-86.15090000047624, 45.953581818496424], [-86.2082545467013, 45.96298181774875], [-86.27603636300931, 45.943154544756275], [-86.32423636438392, 45.90608181878839], [-86.32687272836829, 45.854827273563025], [-86.34913636416643, 45.83416363582414], [-86.35554545449936, 45.791572727038265], [-86.41874545543266, 45.792854545838374], [-86.43874545492845, 45.760190909057556], [-86.53734545427346, 45.745854545347264], [-86.52170909145778, 45.73583636462978], [-86.53725454541467, 45.70836363684711], [-86.58093636358838, 45.71191818075709], [-86.58752727196489, 45.666454546121635], [-86.62789999952805, 45.66011818154516], [-86.60500909108758, 45.60821818220188], [-86.61428181911583, 45.600254546813545], [-86.67867272707369, 45.62796363605644], [-86.69594545548443, 45.655054546434954], [-86.70869090893629, 45.649381819533865], [-86.71800000020339, 45.67839090941295], [-86.67478181863038, 45.692663635926166], [-86.67148181871696, 45.72052727211066], [-86.63084545452449, 45.756154544936294], [-86.62513636452802, 45.744999999662774], [-86.63101818178325, 45.782018182489495], [-86.5583636360789, 45.77187272718727], [-86.58175454625261, 45.79480000030949], [-86.53045454490608, 45.84977272674438], [-86.53635454552874, 45.88650909103449], [-86.58330000035576, 45.89878181777666], [-86.647009091473, 45.83275454657331], [-86.71839090895784, 45.839245454721656], [-86.74963636364367, 45.86780000025946], [-86.78208181773499, 45.860199999795526], [-86.78800908945018, 45.835281818171204], [-86.77328181767658, 45.811381817950405], [-86.78341818171876, 45.794727273622], [-86.8092727268348, 45.792536364434746], [-86.80139999965209, 45.77812727230263], [-86.84254545532644, 45.74258181772632], [-86.83874545473226, 45.72230909114015], [-86.94135454625476, 45.70262727236849], [-86.96733636424942, 45.667754545341765], [-86.98459090943928, 45.70580909108011], [-86.98162727339722, 45.79221818089886], [-87.00508181785497, 45.831718181535166], [-86.94810909090059, 45.876536364389494], [-86.94808181778954, 45.89818181781188], [-86.97439090858241, 45.915509091004466], [-87.02236363742891, 45.85927272722065], [-86.99971818210147, 45.84790000008309], [-87.04066363602935, 45.83367272655257], [-87.05743636369975, 45.81248181755142], [-87.05155454656317, 45.79100000026068], [-87.06987272754307, 45.78370909103161], [-87.0565272732365, 45.77601818252503], [-87.06335454558256, 45.754254544923306], [-87.03736363641175, 45.74306363744313], [-87.09859999969298, 45.70405454473401], [-87.05936363696324, 45.70865454619086], [-87.19691818236765, 45.638818181129196], [-87.33314545557714, 45.44720909115118], [-87.32989090956917, 45.4223545459749], [-87.3924999987234, 45.36902727320179], [-87.43654545470407, 45.29404545476691], [-87.60024545385262, 45.14990909175004], [-87.61184545351384, 45.11819090973674], [-87.57820909124916, 45.07202727378798], [-87.59389090914672, 45.08512727346989], [-87.61039090913792, 45.07561818230091], [-87.62977272730566, 44.98401818283199], [-87.65239090849258, 44.98302727267356], [-87.63029999942019, 44.976863636474334], [-87.81952727203932, 44.951109091291706], [-87.84417272711303, 44.921363636934664], [-87.8213545456229, 44.89909090955484], [-87.83734545431689, 44.87421818244845], [-87.86623636364403, 44.84048181819186], [-87.90113636356818, 44.827363635653754], [-87.9230670367884, 44.7849558504435], [-87.95120893065842, 44.78043223291477], [-87.96623650021641, 44.80476307085027], [-87.9551192083167, 44.85336515928837], [-87.80626637884987, 45.01996930414279], [-87.79704614544006, 45.070780389741614], [-87.77192049166023, 45.074841164205324], [-87.78007802754362, 45.099265985836006], [-87.75893475453141, 45.138517863260866], [-87.77606762920121, 45.149244312887525], [-87.74869017997152, 45.18432361996885], [-87.79517016159382, 45.18016468780006], [-87.92395998494678, 45.09130752871875], [-87.98775020336949, 45.07657368034327], [-87.94948418310568, 45.1124718889727], [-87.94775196661766, 45.15533195238562], [-88.0, 45.17181196929826], [-87.99544545548166, 46.90499090904545]]]]}}, {"type": "Feature", "properties": {"code": "5.2", "name": "MIXED WOOD SHIELD"}, "geometry": {"type": "Polygon", "coordinates": [[[-70.13832770655624, 47.996904445332284], [-70.11126671335785, 47.94368919998522], [-70.08882999460589, 47.94589115330915], [-70.04838514060324, 47.89601580330441], [-70.04420419119614, 47.857912928579694], [-69.98782919125198, 47.831891032051026], [-69.9830015988268, 47.81343470678488], [-70.00289920404958, 47.757089617910445], [-70.06527076542753, 47.74897207226029], [-70.13881653878342, 47.70436883499721], [-70.14096202833744, 47.6834478322658], [-70.07173947398078, 47.68900090364928], [-69.9875798952317, 47.74791966089192], [-69.95299451819379, 47.7413817967368], [-69.98290811031094, 47.70572306723965], [-70.12123070619157, 47.65178149649782], [-70.19870522048186, 47.56923428622339], [-70.20169552404515, 47.51959826055891], [-70.24035640383782, 47.486865014072514], [-70.47846011797394, 47.429296386195425], [-70.56395670723144, 47.31734271571185], [-70.58814596383957, 47.25303108874901], [-70.7426304455885, 47.08887484206687], [-70.81830707430885, 47.05072313699394], [-70.88356257112552, 47.04263851439995], [-71.04864782512047, 46.949007285521255], [-71.33433514603655, 46.881401271807775], [-71.53871559033485, 46.76052522484179], [-71.63823792915373, 46.73404739816126], [-71.83760883909207, 46.800188314723144], [-71.9872464708336, 46.76909368680465], [-72.10515312208278, 46.768415912485935], [-72.21449135880013, 46.7228830692123], [-72.1846941567676, 46.636096630970854], [-72.31981745373292, 46.613237769016045], [-72.42554489031097, 46.70915115830708], [-72.34962625767106, 46.73265074465967], [-72.30920459912144, 46.83256406787528], [-72.38639789196338, 46.84285269932786], [-72.5804643558783, 46.77948245564512], [-72.65791738416704, 46.70720921615799], [-72.65798987195946, 46.598029317857744], [-72.94206986442875, 46.474818009047645], [-72.97787696016594, 46.366911627973636], [-73.07664924340168, 46.29739168636763], [-73.13895868160458, 46.23078555901894], [-73.34541812081746, 46.158866334109014], [-73.40884414772822, 46.224398654681956], [-73.3335190116908, 46.26104814620427], [-73.37263534422327, 46.286955108809344], [-73.41092657892966, 46.280853957341996], [-73.45899144003896, 46.20573135214799], [-73.65228232419494, 46.067528976642045], [-73.66614566691949, 46.040724441343094], [-73.64497315230477, 46.008888386094604], [-73.67352502650576, 46.00178414763252], [-73.69447341724312, 45.9649760099204], [-73.72942379332927, 45.95511938530649], [-73.75138192536139, 45.90138484135005], [-73.90629494265993, 45.83593537741665], [-74.1095203105081, 45.706452386443004], [-74.32224392956141, 45.670130380464386], [-74.49127878728738, 45.67549980565312], [-74.71806290457945, 45.64015794917186], [-74.90494640756602, 45.680975624857396], [-74.98714523938258, 45.65414689036813], [-75.07723861671853, 45.66918713031021], [-75.09830437909548, 45.65221804078393], [-75.06935878402955, 45.64301678438493], [-75.10575116193061, 45.638404192969], [-75.05039353058673, 45.61195754937187], [-75.24293502685144, 45.6028410138358], [-75.55654769858563, 45.515408265826494], [-75.57469902306927, 45.495431117192396], [-75.62654059047104, 45.499049530977956], [-75.70371993033552, 45.42202212278433], [-75.82424101206263, 45.35368679117929], [-75.89592817761459, 45.37366841336104], [-75.89263992771863, 45.392317948896135], [-75.99290494687563, 45.474127969083874], [-76.06383484548924, 45.4843612676289], [-76.09757959902285, 45.509998843161796], [-76.0978232384372, 45.492156929114046], [-76.14386636989127, 45.514534606531065], [-76.21105875841278, 45.50853118511938], [-76.21447050020026, 45.47202889335979], [-76.27251363946999, 45.46065363687355], [-76.29387820932943, 45.437552243713164], [-76.34976924962109, 45.44369285732055], [-76.45168296961504, 45.500194743469244], [-76.63986924265309, 45.54542487328901], [-76.6670908092574, 45.570239105970934], [-76.6806868844348, 45.62781995255883], [-76.71581303899347, 45.6638236026391], [-76.69355728211187, 45.68697762733864], [-76.7018353813835, 45.70757554465352], [-76.76690039748664, 45.730232552513314], [-76.78697940728954, 45.75663836434617], [-76.77288938188401, 45.85459362915113], [-76.82045750833387, 45.876953517576595], [-76.91414676110179, 45.89000995677979], [-76.89226546203244, 45.858781589626105], [-76.88584044486862, 45.80874788005349], [-76.8997182886051, 45.78853982347173], [-76.90489142050312, 45.80171558299033], [-76.95320031166999, 45.773949977283465], [-77.00320355619995, 45.77503563635716], [-77.08242818486082, 45.82485856395182], [-77.17118851103588, 45.85061818408347], [-77.18709310947332, 45.8274392012764], [-77.06489466843766, 45.704189326906906], [-76.95240138555971, 45.51778343957322], [-76.7943526125108, 45.48423575771552], [-76.41910756035455, 45.34729624729861], [-76.30999468959752, 45.27318573544668], [-76.25646583928301, 45.18147243344214], [-76.34452495980874, 45.014071546878306], [-76.24503469079941, 44.93894104211556], [-76.24643330705281, 44.820737627833985], [-76.2893730012853, 44.7146555387022], [-76.27589372939268, 44.61987171908062], [-76.38655628954827, 44.51391917864684], [-76.53337761051027, 44.46022644010291], [-76.69722834982238, 44.484026666297154], [-76.82580291274367, 44.46153792964198], [-76.95789726306684, 44.48991770609114], [-77.13944945891635, 44.45183192855001], [-77.27346202742504, 44.46546335290129], [-77.3883692991069, 44.50443245477771], [-77.70647985936093, 44.48226826787763], [-77.84005920765794, 44.506898658643195], [-78.00053546387365, 44.56926905688067], [-78.36297464034027, 44.59254835118664], [-78.6451212463175, 44.689967683025515], [-79.09025898271294, 44.67416714919213], [-79.18845422600175, 44.72545859802605], [-79.334807418774, 44.75060787230189], [-79.71395166686779, 44.766876426706915], [-79.71906676355245, 44.79557020989838], [-79.68023092991464, 44.816912483453216], [-79.68959563265625, 44.8715599577872], [-79.73889110396645, 44.862130851363816], [-79.70016259419124, 44.83075685504436], [-79.73978630630413, 44.7906836091694], [-79.7891295861074, 44.80745089622122], [-79.77071384636952, 44.841631125915505], [-79.81200638589064, 44.855444373157596], [-79.81970455518426, 44.86372247902586], [-79.79720341800822, 44.869092767496085], [-79.79875413532683, 44.88469847846364], [-79.843229948518, 44.902636123713506], [-79.82460999148174, 44.93206450294976], [-79.87247192827473, 44.95486468066133], [-79.9171814400511, 44.932473671950106], [-79.92686173706069, 44.999740831141246], [-80.00235191354712, 45.021138190235824], [-80.00945341426828, 45.06131785605063], [-80.05491577615479, 45.06150617223771], [-80.08118222488393, 45.07990354876833], [-80.05652111685417, 45.092852140203355], [-80.09377368641815, 45.11906555894985], [-80.0171346401618, 45.110765160119165], [-79.99245331307723, 45.14166395341745], [-80.01179339363705, 45.15373827070218], [-80.01258902936645, 45.17905326985052], [-80.06746134320517, 45.200839438476486], [-80.10906341107862, 45.182016364188605], [-80.10894496860892, 45.21268342357057], [-80.13127559997132, 45.229717120677115], [-80.12484063225581, 45.246787876216004], [-80.07194859742499, 45.261275861445796], [-80.04371907444944, 45.28852793445536], [-80.03014515711439, 45.32979814109075], [-80.05727617082836, 45.35258933463026], [-80.06958769046282, 45.39280850008331], [-80.15413998429105, 45.399002147919], [-80.18714035237068, 45.380864060765795], [-80.20101659158243, 45.36479219197366], [-80.17278338468476, 45.35147197797549], [-80.17042115993303, 45.33245052946673], [-80.29088575424034, 45.354199067382716], [-80.30822215196952, 45.38346865771266], [-80.30555114075526, 45.41890145551946], [-80.3801965069752, 45.435541063502214], [-80.39113599537298, 45.48257589355796], [-80.37064752485512, 45.554745667146975], [-80.38670653480143, 45.59983340122681], [-80.40558368382793, 45.60251560372809], [-80.41697978879382, 45.57945619723381], [-80.4984610258114, 45.564348701925454], [-80.49078610854171, 45.5879228017311], [-80.5200179527644, 45.59947104028471], [-80.50688898535934, 45.62362804461861], [-80.57383280789887, 45.643593829415], [-80.59041451064232, 45.66475666029293], [-80.5855155407451, 45.693718876876396], [-80.62366076914007, 45.7141502153132], [-80.6253174350864, 45.76720277698845], [-80.66932299697193, 45.80848899945481], [-80.70896388125337, 45.8131389708124], [-80.71485458569873, 45.83350027857188], [-80.66808800003972, 45.8395770760017], [-80.72497244106665, 45.855543151064374], [-80.73416520145335, 45.914216277447096], [-80.7652042495405, 45.92146975396672], [-80.80048654262053, 45.899694888214356], [-80.78499693502296, 45.92866645583335], [-80.79394554247527, 45.952233213339966], [-80.83312539100437, 45.91844929283534], [-80.88760762570084, 45.937603826510504], [-80.93513991783784, 45.92624865861514], [-80.96834496151766, 45.94691188228043], [-81.0442983552789, 45.95235481319141], [-81.15694870241731, 45.925587424329244], [-81.18136758998807, 45.928840988700294], [-81.14134983770298, 45.978900485877986], [-81.14770772362805, 45.99679057994182], [-81.18847293359279, 45.973907936688015], [-81.18853721648281, 45.95439260233202], [-81.24976395025736, 45.94852129644914], [-81.28544484505959, 45.96812853170518], [-81.40110293775999, 45.987212079566454], [-81.50711386990547, 45.967792292695094], [-81.48979930598502, 46.01032914051147], [-81.68867071639666, 45.93831267882455], [-81.56326688031577, 45.99150924502308], [-81.57056047921142, 46.00294866074392], [-81.65562882108736, 46.00717821449204], [-81.6147095563597, 46.01882177193128], [-81.61556009563552, 46.03102128561693], [-81.53735722997158, 46.04401262211861], [-81.54167426693579, 46.08912609209945], [-81.643992838658, 46.110128526760136], [-81.65749161763966, 46.08894193115081], [-81.64942657770096, 46.06716352352428], [-81.74349154983544, 46.06277418353408], [-81.72865819354868, 46.042457077844176], [-81.78067633902077, 45.98576092190523], [-81.80745674823919, 45.97734025224366], [-81.84653399314611, 45.994636560222176], [-81.89409696089888, 45.98352300016435], [-81.95095726132178, 46.003460362184555], [-81.9304575019728, 46.04651687283506], [-81.80693682264241, 46.055477792467066], [-81.78621188310899, 46.049716825422124], [-81.79774986234375, 46.02139153111307], [-81.7731705596349, 46.005752137052546], [-81.77685185847989, 46.063510633232546], [-81.72008563944203, 46.081269862459614], [-81.71583423784469, 46.09849014428219], [-81.95601283537684, 46.08952086858154], [-82.08229638329635, 46.113621293884684], [-82.14628168708475, 46.104693806064766], [-82.2356076900788, 46.14020296127555], [-82.31223031850493, 46.133522728749064], [-82.34411348680104, 46.152979271204], [-82.40851048394988, 46.15771107632731], [-82.32207078894004, 46.16447826916423], [-82.32480030711368, 46.183859193169944], [-82.45158844947481, 46.193377974540084], [-82.67662505759586, 46.15830930047991], [-82.70559300849872, 46.172339115975454], [-82.68596576664443, 46.19896250541929], [-83.05914965927423, 46.16544062669482], [-83.10402293725585, 46.19400876755716], [-83.14676293727037, 46.18425420956879], [-83.54099976513164, 46.254590682179305], [-83.56997923277576, 46.238731507255665], [-83.57207348543348, 46.258807426867975], [-83.61499910879104, 46.278518480534316], [-83.70548364872865, 46.267564286305536], [-83.76212657579308, 46.2914546763794], [-83.86604891477738, 46.29566682550821], [-83.91108448791667, 46.33281178944659], [-84.0517040014829, 46.31359891015235], [-84.08251363789512, 46.325831270152094], [-84.08291433621748, 46.344891291202856], [-84.09085138364988, 46.332638062635425], [-84.10271348093697, 46.35577189968069], [-84.11300252590131, 46.34946180701728], [-84.09673984737707, 46.33152596812945], [-84.1194182928937, 46.343039255346895], [-84.13109934733922, 46.39747602385597], [-84.0945514525497, 46.426448942128594], [-84.09846143068283, 46.4595695667616], [-84.07656381531342, 46.492958264373776], [-84.0348957533958, 46.50971785147726], [-84.08604963537083, 46.511771108331914], [-84.07968986338163, 46.49477840368109], [-84.12299381420404, 46.530237267836114], [-84.17501870226731, 46.530991601843674], [-84.16917848420509, 46.54414415968005], [-84.18198924223698, 46.5496176450755], [-84.228664440939, 46.53637307812106], [-84.26836005865954, 46.497104910572695], [-84.38075629969458, 46.5218914065283], [-84.4019877411294, 46.502787533757655], [-84.42310847339476, 46.51367808975122], [-84.48164874792523, 46.491419934586055], [-84.46163305745533, 46.47792816970978], [-84.47380028902434, 46.463838857414295], [-84.51205323183973, 46.46897143256751], [-84.53709621765431, 46.506529918977805], [-84.5902702322799, 46.52975244915344], [-84.59555524844474, 46.574149657151], [-84.41875932116815, 46.6917718088024], [-84.4353957547024, 46.711671161901066], [-84.42855259705904, 46.73670267169464], [-84.46947956894753, 46.76087794933705], [-84.4887585968786, 46.756782813658326], [-84.52506100176608, 46.69514531219171], [-84.56552407743763, 46.68931560837875], [-84.57405011363117, 46.733588538000106], [-84.54652646695595, 46.74203562018878], [-84.55436851967525, 46.76291882715695], [-84.53470674339805, 46.79600165261769], [-84.55017271739031, 46.81509738930386], [-84.45711875946431, 46.84311007434008], [-84.40500587879812, 46.81906947180484], [-84.35065438259369, 46.87867094256282], [-84.46266469807759, 46.93461535078914], [-84.52180484343745, 46.92376542268882], [-84.5860379814969, 46.93815001791786], [-84.60756076980911, 46.925108518566965], [-84.59882800853072, 46.89705273471522], [-84.62193870196138, 46.891182679145544], [-84.65529468741323, 46.9146637901161], [-84.66617546173488, 46.953191458130874], [-84.70071077948272, 46.96490881548499], [-84.73818261919355, 46.95643237408693], [-84.78672242271632, 46.980356700232456], [-84.79375465769984, 46.99868499502694], [-84.77423274167079, 47.05236432994361], [-84.71434913788744, 47.1059782289061], [-84.73816085963755, 47.14369885106749], [-84.70301455445812, 47.16107539487397], [-84.65350908498891, 47.238997787961054], [-84.59174379138855, 47.28359379997051], [-84.5887520720779, 47.30256388287519], [-84.62550880793015, 47.34770602249379], [-84.69283545525522, 47.36796376083613], [-84.71202785856642, 47.41337532101573], [-84.78648447384681, 47.47034552015857], [-84.94311183491726, 47.529035497227675], [-84.95492229009714, 47.5640316647283], [-85.02972854279797, 47.60150987449306], [-84.97370874243659, 47.66803269805825], [-85.00249394098138, 47.707069352043376], [-84.97649258834466, 47.729826158710054], [-84.94547222755911, 47.729452015515854], [-84.90299750776487, 47.77877300686669], [-84.9403553818727, 47.82808521622801], [-84.836681401818, 47.90605107920797], [-84.8398361199131, 47.93343304650883], [-84.59451296452723, 47.948388703810714], [-84.37126292921499, 47.92931274230722], [-84.23824917394268, 47.94298625406539], [-84.07107258093515, 47.91655774157277], [-83.97833690312017, 47.810229571922456], [-83.84389817536949, 47.80555780425116], [-83.68323530153516, 48.0], [-79.28315253924085, 48.0], [-78.97336864989691, 47.860192397273686], [-78.38542388083705, 47.689756212152275], [-78.24891789824639, 47.65454219179751], [-77.75958093977611, 47.58817030507345], [-77.61047818791263, 47.59103786625293], [-77.32849435977735, 47.66761570987523], [-77.29389970295831, 47.72715092617226], [-77.26907315564738, 47.73001096591006], [-77.06881726170757, 47.930075074293676], [-77.0027841647918, 47.94692133847003], [-76.96629285756715, 47.98872934396191], [-76.93447888299826, 47.992629334634024], [-76.96231856359395, 48.0], [-70.13832770655624, 47.996904445332284]]]}}, {"type": "Feature", "properties": {"code": "5.2", "name": "MIXED WOOD SHIELD"}, "geometry": {"type": "Polygon", "coordinates": [[[-70.40440475841271, 47.366467753543404], [-70.43430841250633, 47.37274143638758], [-70.42332818583736, 47.408467556590395], [-70.32182271675892, 47.42584743997629], [-70.40440475841271, 47.366467753543404]]]}}, {"type": "Feature", "properties": {"code": "5.2", "name": "MIXED WOOD SHIELD"}, "geometry": {"type": "Polygon", "coordinates": [[[-80.07311466667548, 45.2902925034223], [-80.15875038983202, 45.26333495644624], [-80.17643852421561, 45.227839345764764], [-80.22039746844858, 45.28937356782144], [-80.17562287857163, 45.32173748830849], [-80.12062156067809, 45.312506208281754], [-80.07272054277395, 45.34149102517854], [-80.04496563955672, 45.330379623418565], [-80.07311466667548, 45.2902925034223]]]}}, {"type": "Feature", "properties": {"code": "5.2", "name": "MIXED WOOD SHIELD"}, "geometry": {"type": "Polygon", "coordinates": [[[-82.06662421885312, 46.010513854759914], [-82.0631857498959, 46.030761687408514], [-82.0240974631389, 46.05174200358652], [-82.02683310898587, 46.026990413192145], [-82.06662421885312, 46.010513854759914]]]}}, {"type": "Feature", "properties": {"code": "5.2", "name": "MIXED WOOD SHIELD"}, "geometry": {"type": "Polygon", "coordinates": [[[-83.7024454554507, 46.10375454530436], [-83.58069090977317, 46.08922727289252], [-83.5337363636331, 46.0066454538306], [-83.47394545515427, 45.98855454497132], [-83.51570000053204, 45.92375454521103], [-83.58305454502093, 45.91591818189518], [-83.61804545474446, 45.94355454563371], [-83.63108181903945, 45.92922727172958], [-83.62014545473406, 45.94517272675472], [-83.63206363611452, 45.95815454497487], [-83.71540000013312, 45.93035454537592], [-83.72896363710957, 45.948881817691046], [-83.74212727278751, 45.937681818284965], [-83.76857272731569, 45.95491818161136], [-83.79190909108792, 45.93413636416796], [-83.8186363631666, 45.96474545509354], [-83.84637272757753, 45.95259090912537], [-83.8324272734051, 45.96425454622357], [-83.85981818248068, 45.9738272723702], [-83.85208181788799, 45.98401818216839], [-83.85623636447488, 45.99280000020269], [-83.88324545377641, 45.96914545485949], [-83.84503636402178, 46.02636363711358], [-83.80641818097925, 45.98359090904529], [-83.7627545462429, 46.02533636395108], [-83.66635454452279, 46.03697272657284], [-83.68841818211202, 46.04336363563776], [-83.66573636255406, 46.07160909087117], [-83.73127272851723, 46.088190909427865], [-83.7024454554507, 46.10375454530436]]]}}, {"type": "Feature", "properties": {"code": "5.2", "name": "MIXED WOOD SHIELD"}, "geometry": {"type": "Polygon", "coordinates": [[[-83.82154545469632, 45.95414545368087], [-83.82287272697641, 45.95620000031807], [-83.82062727296545, 45.95689090943287], [-83.82154545469632, 45.95414545368087]]]}}, {"type": "Feature", "properties": {"code": "5.2", "name": "MIXED WOOD SHIELD"}, "geometry": {"type": "Polygon", "coordinates": [[[-84.13956363559704, 46.53104545429028], [-84.11868181888688, 46.515145454146406], [-84.19394545542568, 46.42757272708396], [-84.12932727205576, 46.35138181842549], [-84.11363636419809, 46.32367272722644], [-84.12548181857484, 46.31895454599101], [-84.17054545560279, 46.33000909093625], [-84.17208181813267, 46.36469090891342], [-84.22890909173863, 46.39341818164491], [-84.24976363646745, 46.46425454510491], [-84.26170909142571, 46.47001818240292], [-84.26469999943136, 46.45340909077454], [-84.28703636418551, 46.47637272665653], [-84.21716363625742, 46.53399999976453], [-84.13956363559704, 46.53104545429028]]]}}, {"type": "Feature", "properties": {"code": "5.2", "name": "MIXED WOOD SHIELD"}, "geometry": {"type": "Polygon", "coordinates": [[[-84.21104545529303, 46.323545453757085], [-84.13602727313624, 46.31441818180164], [-84.12076363630386, 46.2633363640651], [-84.10204545464933, 46.255163637099436], [-84.14663636365536, 46.22965454494731], [-84.14882727266999, 46.21432727274415], [-84.21231818172966, 46.29162727323563], [-84.20740909072782, 46.29461818228287], [-84.19617272736662, 46.31480000000999], [-84.20850000044597, 46.301936363895564], [-84.21104545529303, 46.323545453757085]]]}}, {"type": "Feature", "properties": {"code": "5.2", "name": "MIXED WOOD SHIELD"}, "geometry": {"type": "Polygon", "coordinates": [[[-84.26232727274981, 45.97040000009329], [-84.26864545333818, 45.96958181848249], [-84.2758545458221, 45.975254545059904], [-84.26232727274981, 45.97040000009329]]]}}, {"type": "Feature", "properties": {"code": "5.2", "name": "MIXED WOOD SHIELD"}, "geometry": {"type": "Polygon", "coordinates": [[[-84.26295454637015, 45.9572909095776], [-84.28288181756184, 45.95530909114763], [-84.29096363572847, 45.959900000747595], [-84.2775363643059, 45.96382727307977], [-84.26295454637015, 45.9572909095776]]]}}, {"type": "Feature", "properties": {"code": "5.2", "name": "MIXED WOOD SHIELD"}, "geometry": {"type": "Polygon", "coordinates": [[[-84.29912727278966, 45.97210909137968], [-84.28746363570721, 45.961845454235295], [-84.30377272734151, 45.9735636365312], [-84.29912727278966, 45.97210909137968]]]}}, {"type": "Feature", "properties": {"code": "5.2", "name": "MIXED WOOD SHIELD"}, "geometry": {"type": "Polygon", "coordinates": [[[-84.3531636364554, 46.50220000055192], [-84.34120909084498, 46.49337272726613], [-84.37780909078411, 46.50077272739252], [-84.3531636364554, 46.50220000055192]]]}}, {"type": "Feature", "properties": {"code": "5.2", "name": "MIXED WOOD SHIELD"}, "geometry": {"type": "Polygon", "coordinates": [[[-84.37770956755159, 45.93258531161051], [-84.41695951034538, 45.95233325958411], [-84.41467088724315, 45.97559192913518], [-84.38443983540158, 45.98754042327201], [-84.34256138809849, 45.94707833050099], [-84.37770956755159, 45.93258531161051]]]}}, {"type": "Feature", "properties": {"code": "5.2", "name": "MIXED WOOD SHIELD"}, "geometry": {"type": "Polygon", "coordinates": [[[-84.41982727316689, 45.810018181879286], [-84.40320909119792, 45.78439090879181], [-84.35579090851517, 45.77063636371821], [-84.4195909089574, 45.72000000022011], [-84.50042727178926, 45.73698181842393], [-84.59054545388547, 45.81207272726789], [-84.50369090900288, 45.81061818240523], [-84.43247272724577, 45.786736364042255], [-84.41982727316689, 45.810018181879286]]]}}, {"type": "Feature", "properties": {"code": "5.2", "name": "MIXED WOOD SHIELD"}, "geometry": {"type": "Polygon", "coordinates": [[[-84.51749619954794, 46.9110078142533], [-84.40887427652932, 46.88957948323945], [-84.5166510581615, 46.861410064517976], [-84.53971910300606, 46.871871300924894], [-84.51749619954794, 46.9110078142533]]]}}, {"type": "Feature", "properties": {"code": "5.2", "name": "MIXED WOOD SHIELD"}, "geometry": {"type": "Polygon", "coordinates": [[[-84.64668181940509, 45.884936363698834], [-84.62251818167898, 45.877527272794694], [-84.60384545529634, 45.850363637473286], [-84.65078181786775, 45.85920909080934], [-84.64668181940509, 45.884936363698834]]]}}, {"type": "Feature", "properties": {"code": "5.2", "name": "MIXED WOOD SHIELD"}, "geometry": {"type": "Polygon", "coordinates": [[[-84.71714212611641, 46.64393953051167], [-84.73289243300002, 46.69841554306068], [-84.72149400093528, 46.711531568514225], [-84.69755743208819, 46.65205743152939], [-84.71714212611641, 46.64393953051167]]]}}, {"type": "Feature", "properties": {"code": "5.2", "name": "MIXED WOOD SHIELD"}, "geometry": {"type": "Polygon", "coordinates": [[[-84.72855454548018, 45.7877818182798], [-84.72116363638601, 45.76622727330132], [-84.55758181804508, 45.70905454625665], [-84.4789272730396, 45.65658181803131], [-84.43036363759379, 45.64472727270377], [-84.41404545481487, 45.650554544792826], [-84.4354181814929, 45.66410909067757], [-84.42867272676109, 45.670800000071424], [-84.37640909140566, 45.65556363594064], [-84.33025454478482, 45.66447272666649], [-84.215263635927, 45.63476363733544], [-84.13699090960107, 45.57222727179719], [-84.11669090944898, 45.51304545411114], [-84.07884545555899, 45.48724545406718], [-83.93926363620542, 45.493190908941486], [-83.81140909086088, 45.42086363556525], [-83.77313636252256, 45.41759999979735], [-83.78709090903614, 45.41036363646092], [-83.7161727267787, 45.41485454492677], [-83.59852727291381, 45.35192727298754], [-83.53830909055527, 45.35816363720553], [-83.49373636381296, 45.33946363660059], [-83.49080909089193, 45.35895454492054], [-83.47701818164852, 45.34501818154232], [-83.48552727182896, 45.33009090891758], [-83.46381818189857, 45.330972726611], [-83.38509999950335, 45.274190908802055], [-83.39201818147251, 45.25239090936896], [-83.41789999995689, 45.25512727305689], [-83.41240909094816, 45.23890909082281], [-83.36304545426273, 45.165772727390355], [-83.31611818208822, 45.14195454581207], [-83.32060909150319, 45.118481818158806], [-83.2974363636577, 45.08839999950499], [-83.31730909055548, 45.079836364342874], [-83.31449999966607, 45.05389090868874], [-83.25996363633878, 45.02510909101102], [-83.34025454650322, 45.04154545431243], [-83.36675454651959, 45.075654545087794], [-83.38557272645497, 45.07655454473429], [-83.44930909126721, 45.042218182466264], [-83.4555181821387, 45.01659090906324], [-83.4327727264957, 45.00452727257083], [-83.4638272733649, 45.003336362825216], [-83.4307818193112, 44.930445455140486], [-83.36558181873593, 44.890709090739904], [-83.31256363728421, 44.88292727347912], [-83.3217272717713, 44.854609090961496], [-83.29380908994877, 44.80839090908359], [-83.29730000026605, 44.7461363642589], [-83.26919090913111, 44.71394545392878], [-83.31451818161752, 44.60872727286937], [-83.31842727316898, 44.406745454699625], [-83.33463636364914, 44.33552727339815], [-83.37497272692981, 44.32679090921918], [-83.44322727306168, 44.253609090688684], [-83.46008181766906, 44.248054544784914], [-83.44484545508055, 44.2728272721091], [-83.47952727218396, 44.280090908925054], [-83.53526363652308, 44.25151818175141], [-83.56774545464155, 44.15589999963711], [-83.56431818199337, 44.10516363743234], [-83.59136363707306, 44.07923636420786], [-83.57799999992105, 44.04884545424448], [-83.62317272775708, 44.05604545540892], [-83.67297272661875, 44.04102727231649], [-83.68110909091268, 44.03012727327698], [-83.66627272630859, 44.019745454280745], [-83.68972727217543, 44.02550909069717], [-83.68166363635217, 43.98738181836899], [-83.73922727272377, 44.005409091239365], [-83.76377272761583, 43.98515454585717], [-83.81863636284284, 43.99769090940637], [-83.93582277403425, 43.99020763245818], [-83.96804481558998, 43.97392643683609], [-83.98092187474052, 43.94752545777613], [-84.13678050640115, 43.88540638268488], [-84.19513927739936, 43.81618814293373], [-84.24052184275158, 43.79728309103189], [-84.30306251687009, 43.802879142647164], [-84.40132847090537, 43.84604255167919], [-84.4531776749904, 43.894189082164104], [-84.59322024593439, 43.849260242400405], [-84.65175299567817, 43.84909263867617], [-84.68513397570855, 43.825927596394486], [-84.74322410013295, 43.835383792336685], [-84.88455322081838, 43.81843894565378], [-84.89184360538192, 43.77630601536792], [-84.9483178081312, 43.717331155408395], [-84.9465099106502, 43.63269964027393], [-84.89900027050409, 43.569952252811845], [-84.90887268224138, 43.49368824668334], [-84.93489864558033, 43.45181583066724], [-84.88931823757197, 43.3588390453509], [-84.89168444936654, 43.326889694238716], [-84.99022689260627, 43.24997984202394], [-85.11427738749944, 43.21128671959301], [-85.13267877667383, 43.1434636346186], [-85.21711068534489, 43.12523060501796], [-85.32816920156903, 43.162378642651404], [-85.34960392956194, 43.21177179755873], [-85.40183334582416, 43.26111435397763], [-85.52078788002994, 43.31542315006271], [-85.5805731670694, 43.31915302931619], [-85.59388563226275, 43.34459229708481], [-85.55777158898835, 43.38282246766682], [-85.62351288749927, 43.42750690314267], [-85.66005077714394, 43.42243940786297], [-85.68787012741147, 43.367231559959684], [-85.71881024702235, 43.368949642881184], [-85.7871761063845, 43.336973383942905], [-85.88115031383818, 43.34405896299123], [-85.87299594855845, 43.404728084682446], [-85.94632367030638, 43.481636271745025], [-85.95008343306742, 43.526539767152], [-86.01839101592046, 43.51768748483655], [-86.06613966844377, 43.536104016449485], [-86.08165176655021, 43.57253131076309], [-86.1085071764054, 43.58800001437241], [-86.17820132553119, 43.583849557223395], [-86.29455776052284, 43.67757692811562], [-86.31133323966328, 43.70477258064377], [-86.29699078425021, 43.71146641847292], [-86.21256634817648, 43.706695811057244], [-86.24419468394652, 43.74107071431145], [-86.24464710357965, 43.79610218787101], [-86.19009570612951, 43.809877828033414], [-86.17330405355325, 43.85409790878217], [-86.2149586565372, 43.887012353158006], [-86.10495917378759, 44.0169804293934], [-86.19053447681563, 44.069983298286076], [-86.2021662558106, 44.11122322473427], [-86.25234443347516, 44.14025831708209], [-86.28569326358152, 44.23899794781542], [-86.14381149549752, 44.296087573900635], [-86.06288605947697, 44.29623687348346], [-86.04202218424041, 44.32745271929044], [-85.96992212546235, 44.35133648490116], [-85.92532468006705, 44.38983510312136], [-85.92054692926583, 44.48298941518159], [-85.6427870697768, 44.65654491218424], [-85.60645903950115, 44.70905459277937], [-85.55257357575033, 44.71457798665129], [-85.50735259789623, 44.75147174520908], [-85.43654306732194, 44.768585902850866], [-85.27862265749089, 44.783431302904944], [-85.25294101596768, 44.89183067063162], [-85.20382277586623, 44.88008727972554], [-85.18609303042172, 44.95980492000916], [-85.16206725106498, 44.97486672982347], [-85.18621621466437, 45.01787771411045], [-85.16132703572752, 45.05684941687283], [-85.1891685925139, 45.08075470242699], [-85.18274200262256, 45.09263898508975], [-85.08836728804606, 45.09095631487369], [-85.09292408503414, 45.112940924358476], [-85.06013036566796, 45.13484280663469], [-84.90692488473702, 45.12766286335731], [-84.91866803426777, 45.24737692827921], [-84.88389056333966, 45.26160566535513], [-84.88135915284411, 45.286257727260804], [-84.91197171941836, 45.33305778109079], [-84.89703352649472, 45.34842738463157], [-84.83700614073756, 45.34920829079516], [-84.83515684214238, 45.36495445181452], [-84.92273636420897, 45.42249090880544], [-84.9907181825027, 45.427554546211056], [-84.97881818247212, 45.41857272682474], [-85.06196363747607, 45.45129090920629], [-85.09348181924618, 45.48164545374033], [-85.11866363561262, 45.575545453619355], [-85.07004545358512, 45.634254544994505], [-85.00890908985676, 45.655399999909264], [-84.94329090862855, 45.7105000001782], [-84.9419000003285, 45.72830909068667], [-84.97138181842496, 45.756163637302265], [-85.00295454516666, 45.75372727277667], [-85.01230909103273, 45.76327272656162], [-84.80682727180279, 45.74520000017161], [-84.77981818185128, 45.764672727081894], [-84.79161818070762, 45.78237272761751], [-84.72855454548018, 45.7877818182798]]]}}, {"type": "Feature", "properties": {"code": "5.2", "name": "MIXED WOOD SHIELD"}, "geometry": {"type": "Polygon", "coordinates": [[[-84.74078213032692, 47.29787214383979], [-84.75175725455996, 47.32119527247221], [-84.7117177690587, 47.321153410657715], [-84.7134922883845, 47.316151236755324], [-84.74078213032692, 47.29787214383979]]]}}, {"type": "Feature", "properties": {"code": "5.2", "name": "MIXED WOOD SHIELD"}, "geometry": {"type": "Polygon", "coordinates": [[[-85.36262727328831, 45.817536364282056], [-85.33918181765478, 45.793754545283726], [-85.37172727236025, 45.76985454622367], [-85.39861818145191, 45.77715454623537], [-85.36571818091642, 45.7981727268938], [-85.37868181765009, 45.8136000002841], [-85.36262727328831, 45.817536364282056]]]}}, {"type": "Feature", "properties": {"code": "5.2", "name": "MIXED WOOD SHIELD"}, "geometry": {"type": "Polygon", "coordinates": [[[-85.50094545438617, 45.75398181827976], [-85.52190909106108, 45.739418181673486], [-85.49877272742923, 45.72629090914603], [-85.50609999949607, 45.681145453970586], [-85.49085454542737, 45.608245454191376], [-85.54112727235561, 45.57504545389235], [-85.62009999961698, 45.582781818313514], [-85.63001818265695, 45.59816363678826], [-85.60451818227862, 45.63925454572844], [-85.60488181808043, 45.681936363789355], [-85.56288181836545, 45.73343636284076], [-85.5685363632395, 45.758290908934846], [-85.50094545438617, 45.75398181827976]]]}}, {"type": "Feature", "properties": {"code": "5.2", "name": "MIXED WOOD SHIELD"}, "geometry": {"type": "Polygon", "coordinates": [[[-85.5212636365329, 45.82802727302655], [-85.46873636328148, 45.80689090968746], [-85.45339999991087, 45.776836364157596], [-85.50682727160418, 45.77841818218676], [-85.49378181812773, 45.78877272732391], [-85.50353636286712, 45.79908181827669], [-85.5089363633905, 45.79556363739935], [-85.53060000001331, 45.79810909142275], [-85.53373636320758, 45.8002545451144], [-85.5185363634307, 45.80407272738119], [-85.5212636365329, 45.82802727302655]]]}}, {"type": "Feature", "properties": {"code": "5.2", "name": "MIXED WOOD SHIELD"}, "geometry": {"type": "Polygon", "coordinates": [[[-85.64103636329224, 45.74220909058186], [-85.67379090903863, 45.69789090887491], [-85.69763636385142, 45.69770909058832], [-85.68700000008945, 45.71837272768217], [-85.70113636437607, 45.73835454596093], [-85.64103636329224, 45.74220909058186]]]}}, {"type": "Feature", "properties": {"code": "5.2", "name": "MIXED WOOD SHIELD"}, "geometry": {"type": "Polygon", "coordinates": [[[-86.67818181958306, 46.56103636388808], [-86.62621818224976, 46.535145455045885], [-86.64679090932405, 46.486390908805795], [-86.62744545382787, 46.47753636424391], [-86.60939090879418, 46.492972728103105], [-86.60808181771338, 46.4719272728254], [-86.63470909155873, 46.453245455277674], [-86.6428636370423, 46.47384545413175], [-86.685045453855, 46.45382727298473], [-86.68381818063415, 46.498081818368455], [-86.70985454523971, 46.5449636360013], [-86.67818181958306, 46.56103636388808]]]}}, {"type": "Feature", "properties": {"code": "5.3", "name": "ATLANTIC HIGHLANDS"}, "geometry": {"type": "Polygon", "coordinates": [[[-65.00582502152292, 43.76737977063404], [-65.05635656520445, 43.71469927422519], [-65.11974498309864, 43.715505927874695], [-65.13220111436316, 43.683363835179094], [-65.19427382275809, 43.71353796871367], [-65.23471110124659, 43.7784211865065], [-65.25503490529483, 43.764357325775585], [-65.23232503475555, 43.7315378604245], [-65.23234443756886, 43.70080367001522], [-65.26311356801844, 43.661172733388625], [-65.32046201453147, 43.69428063635488], [-65.319334633987, 43.75001091657811], [-65.33798245988233, 43.771232749482635], [-65.35916237766092, 43.73477608841014], [-65.34670514932209, 43.67015412625848], [-65.35847124573625, 43.56910138329139], [-65.39292013519552, 43.555749372328556], [-65.42549281933044, 43.575502867981534], [-65.43291483794735, 43.5527969672691], [-65.41184464019295, 43.53579060372642], [-65.4064962489853, 43.49197038524869], [-65.41996938454288, 43.481660779880016], [-65.44417958223319, 43.54925676960906], [-65.46129346192086, 43.545783712832616], [-65.47825547280785, 43.47861017081458], [-65.54829386537358, 43.51389259527105], [-65.58043641555075, 43.56478765361179], [-65.66109240823616, 43.484798791874226], [-65.73163442112056, 43.494601687972725], [-65.78993455977734, 43.55924931659365], [-65.76711374830391, 43.669269929533925], [-65.7810287538051, 43.698757081615874], [-65.79813458956895, 43.685943746190596], [-65.79151026675176, 43.62000238229856], [-65.80290487773114, 43.6028157134569], [-65.81800046253738, 43.608061836517635], [-65.82238850245565, 43.680397830802015], [-65.86239720095794, 43.812122765541396], [-65.94246021884432, 43.839054444142775], [-65.94920467711707, 43.812244636234055], [-65.93103650468596, 43.806579180987136], [-65.9733219258014, 43.77528488016866], [-65.99507199743832, 43.80812083600605], [-65.98600831141985, 43.84748873630324], [-66.00981058429039, 43.846500034415456], [-66.00902412475156, 43.79527256849602], [-65.97122073154641, 43.746181662934546], [-65.98663773626755, 43.69366601281217], [-66.04412955953194, 43.72596545557735], [-66.12610011148396, 43.74065739020333], [-66.15329359098408, 43.855977817845094], [-66.1746637409039, 43.86278388789244], [-66.15426423440567, 44.006959718463314], [-66.1824284285659, 44.08051088609122], [-66.21482227666225, 44.08526025082443], [-66.18314626996816, 44.17488332677032], [-66.14186657662567, 44.22416295298531], [-66.1228542126823, 44.33879615422087], [-66.01281609746279, 44.450108863544045], [-65.84998412668781, 44.571439917279584], [-65.73331433084753, 44.591424921678026], [-65.65803060927307, 44.62404414106432], [-65.62093391401915, 44.62101471579524], [-65.5874682699249, 44.651826924443796], [-65.5906501956766, 44.6843256027317], [-65.4643659832981, 44.7563273675884], [-65.3712649816557, 44.796040722632874], [-65.3225264465871, 44.79558910238549], [-65.21770443176136, 44.84996771401377], [-65.13039756844353, 44.8362087800394], [-65.0, 44.85157262721057], [-65.00582502152292, 43.76737977063404]]]}}, {"type": "Feature", "properties": {"code": "5.3", "name": "ATLANTIC HIGHLANDS"}, "geometry": {"type": "Polygon", "coordinates": [[[-65.2862811679963, 43.61813115838794], [-65.30628608648554, 43.631969132680396], [-65.30825999690741, 43.6611693878479], [-65.26881413799468, 43.631029222399995], [-65.2862811679963, 43.61813115838794]]]}}, {"type": "Feature", "properties": {"code": "5.3", "name": "ATLANTIC HIGHLANDS"}, "geometry": {"type": "Polygon", "coordinates": [[[-65.6196814207945, 43.41191147745198], [-65.65932262868249, 43.45743817741945], [-65.60956525894035, 43.51529666612179], [-65.5636111913125, 43.48739702558051], [-65.6196814207945, 43.41191147745198]]]}}, {"type": "Feature", "properties": {"code": "5.3", "name": "ATLANTIC HIGHLANDS"}, "geometry": {"type": "Polygon", "coordinates": [[[-67.03229879618968, 47.993523560224226], [-67.04327532991192, 47.967479947198846], [-67.13791602483904, 47.93328105904849], [-67.36942327379838, 47.89640075866426], [-67.39433377061101, 47.86195080978682], [-67.38055792445542, 47.85791380498928], [-67.39039687979025, 47.850740083993045], [-67.37906327385208, 47.8345313178625], [-67.41558376566769, 47.80179546014319], [-67.39687955481031, 47.77204614524301], [-67.40557163562116, 47.764720167754405], [-67.44135392757512, 47.764569106859895], [-67.49129227779079, 47.79504098896062], [-67.5250185242633, 47.788251384905195], [-67.52296704335723, 47.76639606550175], [-67.57441757109191, 47.67553574883657], [-67.61238661653354, 47.67976275390136], [-67.65543536156093, 47.634603804199386], [-67.70833157877155, 47.63013821153058], [-67.77608366225847, 47.59569505039592], [-67.79571969982027, 47.56774906555084], [-67.92669744671434, 47.55071930091924], [-67.95709754745788, 47.511024098167034], [-68.0090485388039, 47.51554991750719], [-68.00996446184016, 47.57819421146781], [-68.03874445233906, 47.609353528304624], [-68.03873625000837, 47.6350874767909], [-68.09292147107759, 47.6796545178927], [-68.07164810241045, 47.705151011996456], [-68.06566058154573, 47.77218190292779], [-68.11218796984036, 47.76545934562181], [-68.15341877803827, 47.777185942783255], [-68.1545310353376, 47.79220240593307], [-68.1698724855618, 47.77245042659873], [-68.21618123802016, 47.760096751423426], [-68.19700931984876, 47.728877327867984], [-68.22696931374091, 47.679347272058095], [-68.26971793806331, 47.64728088935717], [-68.29748503982125, 47.65574571499213], [-68.31325832867275, 47.695871453176636], [-68.33462963420034, 47.6991663160029], [-68.36945721257878, 47.74290797800563], [-68.40747568825144, 47.75494697735064], [-68.44876184007035, 47.71478535840945], [-68.49297254416615, 47.70395109401346], [-68.59583657790127, 47.73210495305329], [-68.62726045884179, 47.71286648993435], [-68.63900972818816, 47.665062263988325], [-68.7098561606189, 47.623010113947494], [-68.74143828475688, 47.62596799679509], [-68.75188230458771, 47.59355262959378], [-68.794900969226, 47.57668149594466], [-68.8288270059608, 47.59132088708997], [-68.85063127524565, 47.56692748207087], [-68.90151856402922, 47.58804797410894], [-69.00039081970765, 47.5050851703933], [-69.03117840379157, 47.44771793757692], [-69.05623617261553, 47.4324095667317], [-69.03041818205304, 47.4083636365555], [-69.05389090879095, 47.37788181783057], [-69.03939999922787, 47.24439090914292], [-68.90098181746372, 47.178518181955305], [-68.71786363682791, 47.24091818187513], [-68.61336725246173, 47.24564955376949], [-68.60559983656546, 47.227299945227735], [-68.64040811632621, 47.19232948323878], [-68.59874895033494, 47.110818014267224], [-68.63467770761967, 47.01612683670695], [-68.62749517799331, 46.9995469215447], [-68.70487282943324, 46.92363208721918], [-68.68938718396002, 46.90918377314798], [-68.59172935449355, 46.90930488097492], [-68.58979471200374, 46.85360718285054], [-68.61597873573008, 46.83039575981508], [-68.61414033630851, 46.800282589127406], [-68.68618724121983, 46.72780206590952], [-68.67988681720914, 46.70737981936044], [-68.63261740889465, 46.67485584471861], [-68.61112298162361, 46.61172137563506], [-68.67702845824876, 46.54621041120976], [-68.69080145441451, 46.47757673130133], [-68.72122350363804, 46.443024230874926], [-68.76521698718786, 46.44404819105933], [-68.8282196337918, 46.41800799795252], [-68.82993573063641, 46.38260913097021], [-68.86759947199317, 46.38971319519413], [-68.97856213895014, 46.36727073775156], [-68.96884372808184, 46.335068000691265], [-68.99715648048729, 46.314698271729036], [-68.97575762811682, 46.28061249608117], [-69.03335814653117, 46.26368034368983], [-69.0483092769781, 46.24085460692837], [-68.91601430252223, 46.161297868746786], [-68.80293933305985, 46.15403527017672], [-68.79553191120685, 46.09188590538797], [-68.639723111059, 45.92658759941137], [-68.62802516415401, 45.87943102738096], [-68.64769424327172, 45.83222309252322], [-68.69666716611249, 45.78714697034028], [-68.96794467056237, 45.80861747029079], [-68.95291483873487, 45.75816288353936], [-69.02996026891911, 45.729886452874396], [-68.981225970166, 45.694116285301774], [-69.05505877104135, 45.65505882526196], [-69.01570219790428, 45.63672169580983], [-68.98175051635009, 45.588480373030386], [-69.00500672605172, 45.46721461514317], [-69.143476549568, 45.39322302323289], [-69.1765195103361, 45.395999088501185], [-69.23834085346388, 45.36903048706247], [-69.31545480557845, 45.373164730697944], [-69.49451092737094, 45.330312475259795], [-69.5482158205669, 45.289281195184884], [-69.54424337931891, 45.24587350939611], [-69.60560785812139, 45.15104593939895], [-69.79439198553129, 45.03942315513914], [-69.82913709064185, 45.04526513389172], [-69.87797965505132, 45.0882849130912], [-69.91244900913598, 45.06597019445323], [-69.96387655440687, 44.97749958846154], [-69.97574973277358, 44.919518908272536], [-70.04911955482852, 44.92081741527337], [-70.04483885689692, 44.89426500695285], [-69.99975898745501, 44.880038727264356], [-70.0112119762385, 44.86153902119577], [-69.99532496698852, 44.807263258348996], [-70.01131190860346, 44.76028430066087], [-70.0441434993884, 44.71724097689192], [-70.17224035536061, 44.65421302700114], [-70.26816701622025, 44.5115002566184], [-70.25403399312592, 44.414439793881094], [-70.27993805233696, 44.26321152144077], [-70.26292404326301, 44.18210392943692], [-70.3202754078424, 44.08080709457761], [-70.25986967453653, 43.98634887193898], [-70.31491623229067, 43.985078933523575], [-70.34532205740643, 43.95550936899514], [-70.35814795220769, 43.901813234363566], [-70.51648088770895, 43.76218168207805], [-70.66469492284943, 43.84054568981531], [-70.73197715335537, 43.81148697280199], [-70.73884119941985, 43.790116998005075], [-70.695194945364, 43.777871224260345], [-70.69824408782684, 43.72422435618601], [-70.80253590531072, 43.659598285078296], [-70.75113583461406, 43.63601246870357], [-70.72435369880343, 43.59492171759455], [-70.74156196533647, 43.52352753730573], [-70.82688787145155, 43.469471864255134], [-70.89086414507958, 43.46714471078175], [-70.89231337533037, 43.445774733042306], [-70.93533785883467, 43.437007878742946], [-70.95660086215764, 43.38845123002466], [-70.9729994607586, 43.41529908809436], [-70.98827054435928, 43.40827929180949], [-70.99544412734753, 43.35629718644987], [-71.05264257703213, 43.39097452676106], [-71.08087845630051, 43.38362457716888], [-71.1052494685609, 43.333821653275244], [-71.16825688232827, 43.268811650414364], [-71.15239069401213, 43.23791424770964], [-71.16292892918705, 43.169911256058974], [-71.14667392870162, 43.13804940095134], [-71.1679558583645, 43.097903119975854], [-71.20627193910099, 43.09345339084222], [-71.22791536314487, 43.122811760764336], [-71.26500424142334, 43.130140446742914], [-71.35328036830734, 43.18874821888664], [-71.34465762228622, 43.28929135022946], [-71.46299694462316, 43.31561970808693], [-71.52699597026236, 43.30703784353082], [-71.5859704830944, 43.331312738557166], [-71.62471826462304, 43.3723398766303], [-71.65382258350249, 43.35422567493747], [-71.61828550602613, 43.298260851586576], [-71.62377540811707, 43.2757824250177], [-71.70724445371863, 43.271440971004054], [-71.76297994974298, 43.24354026966842], [-71.7810326664648, 43.19543100970955], [-71.73833595040199, 43.113361408287716], [-71.67544812875332, 43.09401330937226], [-71.6580861202672, 43.022090799640786], [-71.5784298795081, 42.982993384973035], [-71.60394059449128, 42.91729324696244], [-71.71248664744381, 42.86895501972116], [-71.75958678104556, 42.76142637027134], [-71.75679750252478, 42.699158285816836], [-71.80601541867102, 42.66943403732735], [-71.80453464230045, 42.63204048965038], [-71.84604550092112, 42.573885791115714], [-71.82087033365089, 42.49995528973842], [-71.86132787207278, 42.433107887791486], [-71.89117390378941, 42.413253560653814], [-71.87775473702487, 42.345422983333215], [-71.85440747988339, 42.32062131212295], [-71.86727923083679, 42.28064413135578], [-71.93524167335161, 42.27411148420089], [-71.9778746663936, 42.32215710290989], [-71.98276560365643, 42.37961248475381], [-71.959511120707, 42.44670347666941], [-71.98067521540007, 42.470843727044965], [-72.06027134314016, 42.4682304673212], [-72.1346737256217, 42.40140867081129], [-72.18277816942988, 42.400968318439155], [-72.16974647848521, 42.45068975121502], [-72.19585404421211, 42.487541205013805], [-72.20116399344307, 42.58050692267012], [-72.2178116051933, 42.606766169463135], [-72.2659763090056, 42.6325690463497], [-72.30052125705117, 42.62193375799349], [-72.32572933926033, 42.57578558434916], [-72.31529975397328, 42.48259203614445], [-72.3337784434996, 42.322582001267016], [-72.3906788178637, 42.303419339580394], [-72.45317897873336, 42.33906145153598], [-72.45764220551865, 42.378244460073006], [-72.47811902024917, 42.39586356245392], [-72.48194189172517, 42.43729111719559], [-72.50215903025278, 42.46413394835563], [-72.54881300084713, 42.44744259093502], [-72.56491123074261, 42.4670624439184], [-72.47257949914463, 42.59976457139607], [-72.43340302443553, 42.7190792911524], [-72.48569053829907, 42.775617781261495], [-72.5013171616779, 42.841002906727546], [-72.53649833585061, 42.83622310053898], [-72.55097141279607, 42.85454713478126], [-72.50952765198147, 42.95823031233331], [-72.51771638900875, 42.976615755018656], [-72.53975034838746, 42.97623934519751], [-72.56027385866386, 42.9626808667104], [-72.56083986669982, 42.9054554012371], [-72.59905780923371, 42.88654421478055], [-72.54327819578145, 42.799539160949074], [-72.53529161739021, 42.754141129829456], [-72.46879933235965, 42.71477028734428], [-72.50520149699472, 42.66852198444297], [-72.55216226532107, 42.67272695844368], [-72.63812259335488, 42.622070935054346], [-72.62628508058167, 42.56715818096903], [-72.64504511194815, 42.46440512133612], [-72.63700239734561, 42.388232128287804], [-72.65143185576518, 42.35519174275631], [-72.69794962693757, 42.34789165317385], [-72.75538517325025, 42.20680802585185], [-72.82238583429518, 42.137597645763485], [-72.82455982263774, 41.996600741313856], [-72.88014352563764, 41.88088855222408], [-72.88318984432047, 41.83701014002531], [-73.01991654537734, 41.808569816801956], [-73.11689203844806, 41.724730992207874], [-73.1839592318475, 41.755934260359936], [-73.22810001580939, 41.74834134766685], [-73.38468680075788, 41.65514632473197], [-73.42230706740983, 41.59365615638814], [-73.44003336635303, 41.496791801480775], [-73.45885943763156, 41.47407770398146], [-73.53817603503539, 41.464132570862155], [-73.55172988124039, 41.436810663735386], [-73.63947620718884, 41.38879505696061], [-73.73680622242901, 41.372764804050085], [-73.80268591339667, 41.378974068404446], [-73.83348013018933, 41.33889588586851], [-73.88859366289765, 41.33011105473751], [-73.96816882791455, 41.26435795889181], [-74.03207661610917, 41.24828190166739], [-74.06827779167484, 41.18853866095341], [-74.35442136640548, 40.93785191216257], [-74.45292659184338, 40.886051145671054], [-74.48823256373562, 40.78943716511276], [-74.5934669224065, 40.70793126799327], [-74.64111139691605, 40.70121472925266], [-74.66560358358852, 40.75252110473199], [-74.68230610680243, 40.755037291411504], [-74.79768345137612, 40.67337993874635], [-74.8456955984029, 40.65923459870402], [-74.89507611383362, 40.67047733381189], [-74.98637108445575, 40.658543553322794], [-75.05776716594907, 40.619808747972904], [-75.16830332636317, 40.589758755654394], [-75.21886507426203, 40.536331331813514], [-75.3050367277566, 40.53991034205727], [-75.31978013121304, 40.51228545860433], [-75.38919818667128, 40.528726168732796], [-75.41510623223168, 40.47282365010519], [-75.4384519156106, 40.46463440261704], [-75.4608032295822, 40.47953914077247], [-75.46686638350157, 40.44071121297122], [-75.50146906183839, 40.43871573952749], [-75.51190891255541, 40.45353095484812], [-75.56919425882965, 40.43590073333054], [-75.65940211741605, 40.320737773719856], [-75.73198020469418, 40.32135175038143], [-75.72350056035054, 40.3897758187834], [-75.76815350146342, 40.4016185910764], [-75.79783407842814, 40.39562168294898], [-75.81441472235156, 40.366958622739766], [-75.80755948841932, 40.330668331877426], [-75.91471816366152, 40.337249178041915], [-75.91813871552819, 40.40703986768265], [-75.90131385388969, 40.42916249269589], [-75.70148335199393, 40.50180200192311], [-75.5239127115335, 40.516523255899294], [-75.42991193083041, 40.58865777209994], [-75.4402368813173, 40.597548169301646], [-75.3570429919271, 40.608920524130646], [-75.46140194844709, 40.534819504725014], [-75.45047829611326, 40.523331596583695], [-75.38489588871781, 40.534380247494994], [-75.31905633991721, 40.57413052904069], [-75.33198671515684, 40.588394563779545], [-75.30714265745563, 40.61493342505741], [-75.33453726540563, 40.61843719714298], [-75.32923015663125, 40.628304886577524], [-75.183781818501, 40.67992727220465], [-75.19770459101032, 40.653454833701446], [-75.1891961083999, 40.621338491358976], [-75.14123009853473, 40.6473945647529], [-75.04065930267146, 40.66611148186471], [-74.9425583366733, 40.71664061713746], [-74.93206281680703, 40.74893182920376], [-74.82510481437865, 40.82316491717885], [-74.80250510540228, 40.868620414147], [-74.8276286281805, 40.866362008995566], [-74.93836764790444, 40.76901648587047], [-74.96275166338573, 40.794499416300795], [-75.09591487195526, 40.71221059607153], [-75.13240823041744, 40.71234634902216], [-75.1398889771186, 40.72719648289674], [-75.11659206036651, 40.74867678338447], [-75.12820617373934, 40.75968244927348], [-75.05648778345791, 40.81469167538585], [-74.98345318361235, 40.84287187594869], [-75.0193421830649, 40.84459074855217], [-75.02123056025147, 40.85772895676983], [-74.90725359878626, 40.92882305062602], [-74.89110538537328, 40.92547874695755], [-74.89279569724181, 40.90798660259775], [-74.96240099765356, 40.8710897839314], [-74.9273984714311, 40.87502819271256], [-74.92213531043126, 40.86182777192092], [-74.99378744916501, 40.80999953942512], [-74.91543734400503, 40.85092323323795], [-74.88634265791005, 40.84475766505876], [-74.84084413255646, 40.88967803569104], [-74.89531714539027, 40.88963017589779], [-74.7612721938452, 40.965204742099274], [-74.73072604099957, 41.015430325129515], [-74.66092630183748, 41.055347019371034], [-74.6267159009218, 41.095436789311925], [-74.5761920001869, 41.104908988952516], [-74.54113429204212, 41.16072292394338], [-74.57600684305896, 41.1649018357421], [-74.5765902979997, 41.181581257346735], [-74.54240621583017, 41.25218702482083], [-74.51118424345039, 41.28109135118967], [-74.49203524641486, 41.28178535991653], [-74.48470126364847, 41.24726568280593], [-74.51697342226288, 41.20656938220463], [-74.50853437907124, 41.19718910377579], [-74.4150231822418, 41.23473750088291], [-74.29190307340986, 41.25079998880439], [-74.26059290363688, 41.34837663885994], [-74.21557065034298, 41.349226241271744], [-74.14396746941817, 41.416877623884105], [-74.09726865849197, 41.42386110001508], [-74.09230234426556, 41.393959740078095], [-74.0684813634021, 41.39548529426841], [-73.98469791717315, 41.44679315873195], [-73.95534176047073, 41.49798408110715], [-73.9119362200053, 41.52433764791835], [-73.89688203313038, 41.512045839442294], [-73.8617359511212, 41.53986200601851], [-73.85422362949582, 41.51600326022594], [-73.79454937659247, 41.52667785898872], [-73.79158534361132, 41.51227443455088], [-73.66726211947558, 41.60643103120188], [-73.67796118871635, 41.651560042489784], [-73.64868714954852, 41.71194438124798], [-73.67928721295002, 41.700789827880094], [-73.7088296242963, 41.623514453864146], [-73.73116071836832, 41.611149174840314], [-73.78049250551979, 41.64049061503473], [-73.8031277593366, 41.709934587264975], [-73.79871289613064, 41.7830258007877], [-73.75733403007843, 41.848379677989016], [-73.76252701553102, 41.868317538346666], [-73.79484012320543, 41.88431783080949], [-73.78110032311865, 41.94110814335537], [-73.79634673668315, 41.97715133229642], [-73.79185978322423, 42.03406593725567], [-73.77944587211707, 42.078114874805536], [-73.7365377325087, 42.10631734875557], [-73.72451048987138, 42.16671080190628], [-73.66722246723465, 42.19658455827069], [-73.68973823020224, 42.22128425699042], [-73.634507831393, 42.248504200542776], [-73.62448285832713, 42.314270660108555], [-73.53706034946298, 42.4071433171701], [-73.56400468063006, 42.4592146827127], [-73.66623860562733, 42.505381290719974], [-73.7015520584095, 42.62409097066554], [-73.66650786368214, 42.69688550473056], [-73.65752883845644, 42.7987118220847], [-73.63164317346077, 42.839184485343665], [-73.58630009098646, 42.859482750860785], [-73.56966066648887, 42.89671784330799], [-73.58331043019457, 42.9289456553001], [-73.51135383078999, 43.10178841286945], [-73.52351629120517, 43.149456249933], [-73.36923312148777, 43.383785096308166], [-73.36894513726027, 43.422842905172956], [-73.33846862745303, 43.46183759781818], [-73.34380240664947, 43.55268710071537], [-73.2951108827388, 43.60636245316758], [-73.29265827527553, 43.658223264748564], [-73.24746931346874, 43.71462776386431], [-73.30025384396048, 43.7278086727693], [-73.302214601561, 43.784446050902815], [-73.25942056219208, 43.80311039603271], [-73.2049037710194, 43.776341444166476], [-73.17325365973898, 43.81379856455999], [-73.10006851097367, 43.76886534440018], [-73.05479972159954, 43.808123583162065], [-73.06366187527765, 43.914654336745734], [-73.09162529900186, 43.935286602814585], [-73.09050767019107, 44.04996278677529], [-73.07322176422919, 44.09611628197185], [-73.09586152543886, 44.239924922038504], [-73.08319277117803, 44.25667893297231], [-73.06294560322631, 44.174067191338665], [-73.05052638650577, 44.172811309974435], [-73.03900436027759, 44.2122420439534], [-73.04825764279062, 44.27975675370182], [-73.12416765156075, 44.36518933992202], [-73.13750238466812, 44.40587150623956], [-73.11278742808425, 44.43543069008155], [-73.01324251224048, 44.44779493505125], [-73.02621472518666, 44.52709858940136], [-73.06609929356256, 44.53172469993931], [-73.10924391839879, 44.50754081473402], [-73.13306428979082, 44.53055047176401], [-73.13152315350514, 44.56096120415649], [-73.0810567774129, 44.64847520449341], [-73.0665431565147, 44.78136154718072], [-73.02519350445614, 44.85921161091157], [-72.97320786746144, 44.915223279977695], [-72.9451308158518, 44.98327114589719], [-72.90265351307136, 45.01568130098613], [-72.93272062750586, 45.01511786155081], [-72.90819565038365, 45.0225820452862], [-72.85591066166158, 45.097135327638526], [-72.77359658164215, 45.161176358374014], [-72.72296109601986, 45.1749397961503], [-72.68148703885953, 45.23242641906287], [-72.54920706962373, 45.28285861834614], [-72.48275398551752, 45.38297582263723], [-72.37776667433593, 45.48830166687453], [-72.31954758795104, 45.56352779969031], [-72.32175430606134, 45.66621473017348], [-72.25600667693234, 45.75458465249946], [-72.10596644976341, 45.833397615293705], [-71.98699703271251, 45.86295416344598], [-71.86960584177766, 46.05837911271444], [-71.74881731418584, 46.17771735675915], [-71.59889535561994, 46.28345701781926], [-71.44457000792764, 46.363852202664276], [-71.28849690572373, 46.42255422476827], [-71.1335084255442, 46.403157038141465], [-71.05447450536361, 46.42880641998056], [-71.07558508217357, 46.45725471103684], [-70.93010186091682, 46.520949089438865], [-70.90232038508239, 46.559075993950756], [-70.84750052324486, 46.57322780700562], [-70.80726672396801, 46.742844318589064], [-70.74485210203149, 46.776489066297636], [-70.72224502604432, 46.807223911479575], [-70.587471662366, 46.87780500333277], [-70.57658243647623, 46.90449663732259], [-70.47166449482424, 46.97253375873943], [-70.38135656119746, 46.98920058003717], [-70.34943375466047, 47.029231353303004], [-70.30194299514199, 47.039061595574836], [-70.24265502275354, 47.08099744101249], [-70.25106808855718, 47.09611730890867], [-70.17336987687432, 47.1511997522309], [-70.16265958361785, 47.171238710283276], [-70.17523300498404, 47.179171014543556], [-70.06114055898374, 47.291867011357716], [-70.01648892389768, 47.31975063073299], [-69.98173779483237, 47.3207082913747], [-69.98329749455606, 47.33699810064337], [-69.95065310137875, 47.36546678576059], [-69.9444499567155, 47.40576165680697], [-69.86772943430968, 47.46435384848573], [-69.82912328146443, 47.465829021439895], [-69.78921593907423, 47.494247703772714], [-69.79750286151216, 47.50572852884747], [-69.76925704007442, 47.55684142274919], [-69.7918460421043, 47.568917597790836], [-69.81703242585517, 47.53909702594747], [-69.79515864812439, 47.5790950103838], [-69.80461278555971, 47.59695147376286], [-69.7009649975025, 47.70219778160282], [-69.63314377446709, 47.740757319299675], [-69.44562319241643, 48.0], [-67.03229879618968, 47.993523560224226]]]}}, {"type": "Feature", "properties": {"code": "5.3", "name": "ATLANTIC HIGHLANDS"}, "geometry": {"type": "Polygon", "coordinates": [[[-69.49156005917469, 47.98431118799321], [-69.49796021366288, 47.999996530909065], [-69.48052703416177, 48.0], [-69.48089363426783, 47.9995885997153], [-69.49156005917469, 47.98431118799321]]]}}, {"type": "Feature", "properties": {"code": "5.3", "name": "ATLANTIC HIGHLANDS"}, "geometry": {"type": "Polygon", "coordinates": [[[-73.62760573955504, 44.91068953071746], [-73.58222281492021, 44.876367007896754], [-73.58321292785688, 44.765145501752464], [-73.64301756813104, 44.70513533299031], [-73.70996911350059, 44.6830423610446], [-73.75419784061536, 44.645245113574425], [-73.63510068232699, 44.66594642291309], [-73.63805417498062, 44.62135056235689], [-73.59817554893837, 44.58717979130272], [-73.61467079552354, 44.524312669284214], [-73.5967453238147, 44.49378531516137], [-73.57012991253944, 44.51473289174107], [-73.56597122758535, 44.475584965127204], [-73.51081734128239, 44.476082168307606], [-73.5226609596174, 44.4535310451111], [-73.51063760158102, 44.39442717563927], [-73.53787886484632, 44.373825544195974], [-73.57539468678581, 44.374214538303775], [-73.56747049956626, 44.343664302782294], [-73.59724742266646, 44.296964307569205], [-73.60198788066405, 44.24710743270332], [-73.58571068138157, 44.239640515893726], [-73.54769593122512, 44.26041444238957], [-73.52050186718277, 44.2427764459582], [-73.54272130123617, 44.187856497699826], [-73.49483185088329, 44.17181776616851], [-73.46604188454766, 44.131128519893366], [-73.4792245675715, 44.071719043956065], [-73.52001558487898, 44.11644616177695], [-73.55458708728933, 44.11925587594596], [-73.5750320587592, 44.05313370802487], [-73.52757594500008, 44.04905525615655], [-73.50814500600019, 43.99978054970203], [-73.46302353690659, 43.99974075674361], [-73.45722216300652, 43.977967632055936], [-73.49928862608564, 43.962265852738646], [-73.48201876675856, 43.934297349736404], [-73.42309179385424, 43.93160272838896], [-73.45792234145351, 43.88579901609709], [-73.44048900314587, 43.82909977944709], [-73.41680474698965, 43.84619415679661], [-73.40489369639275, 43.83296108201898], [-73.43505536294425, 43.77993376167534], [-73.41229271834875, 43.74652271845988], [-73.44802137163686, 43.7003166996464], [-73.43183774144202, 43.59808440908404], [-73.4531122373371, 43.55918591685478], [-73.41704828811126, 43.565796963982685], [-73.40871237949393, 43.554776577783045], [-73.4500943979739, 43.45670092776593], [-73.48311772739696, 43.44605916097282], [-73.50501832642739, 43.5018492678089], [-73.51059192444585, 43.4570491321793], [-73.54007686624465, 43.41345184171723], [-73.60569497349529, 43.40421374327437], [-73.63002467192511, 43.44387507521456], [-73.6491656722976, 43.44128188509811], [-73.656368955726, 43.38541203537041], [-73.71630427712371, 43.38079926083334], [-73.73455837294942, 43.33244915530103], [-73.72818088468433, 43.27384302873907], [-73.83921350578233, 43.28733596079429], [-73.86685463937113, 43.25538879567574], [-73.86878981070592, 43.212619183961465], [-73.9110632116633, 43.18430071599848], [-73.91932993353862, 43.140632141671254], [-74.00100823671595, 43.07568889508747], [-74.15182677753616, 43.08814365523987], [-74.21306044355636, 43.06910356909112], [-74.26131069008544, 43.08536527033487], [-74.30043096402407, 43.130128925875596], [-74.38745588237698, 43.085678831776505], [-74.43668792719359, 43.0328165513104], [-74.57356667819066, 43.019184236012876], [-74.68318928267234, 43.04102803782846], [-74.7454113446786, 43.11735588661464], [-74.83304499021723, 43.136160013228796], [-74.88214433634823, 43.211749106746545], [-74.99577850162585, 43.2464984648807], [-75.03222680141081, 43.30013631894188], [-75.16990686742037, 43.40070642771358], [-75.21319084363348, 43.46647266110657], [-75.30270424632505, 43.534216367504], [-75.34640200851338, 43.6269089876625], [-75.3409413298086, 43.67906317696199], [-75.36882868845564, 43.74658701573402], [-75.4358029259283, 43.799238328835216], [-75.43256587774606, 43.88386890469781], [-75.54023794743227, 44.00072468731422], [-75.47901354044964, 44.14041083774153], [-75.34414083436819, 44.207299174228986], [-75.30504541642534, 44.2817690807959], [-75.22041811045996, 44.32490482294101], [-75.1072949475355, 44.435779535193596], [-75.01041943832003, 44.472047177889294], [-74.98703773046851, 44.50977346411404], [-74.86793204850464, 44.5933949960374], [-74.75470490137509, 44.64612181388637], [-74.67408042448072, 44.65253864386404], [-74.49824228825172, 44.75716127913719], [-74.32259522271282, 44.80994189683126], [-74.20282773577846, 44.782158251810095], [-74.15634775257172, 44.84484302892462], [-74.08979117487031, 44.85450772583342], [-74.03817019782014, 44.83833447071393], [-73.97820048323473, 44.880322142835055], [-73.9107160764168, 44.8406858809071], [-73.8439372360251, 44.88163299071242], [-73.76089922190882, 44.87802690153962], [-73.62760573955504, 44.91068953071746]]]}}, {"type": "Feature", "properties": {"code": "5.3", "name": "ATLANTIC HIGHLANDS"}, "geometry": {"type": "Polygon", "coordinates": [[[-74.03186256662036, 42.239364689959196], [-74.01498872417466, 42.239792906151], [-74.00861815324294, 42.21290355661486], [-74.06847988398977, 42.08264035622571], [-74.09623992785198, 42.05878818387356], [-74.16597484249696, 42.05085880794272], [-74.11536617763265, 42.03068131593059], [-74.11914553994383, 42.007389783896016], [-74.22728537549533, 41.975987615830114], [-74.28116304658647, 42.00217770406465], [-74.2844720272192, 41.966186472215604], [-74.25496517952314, 41.92102332610698], [-74.3193229170993, 41.88549805680537], [-74.38930303842955, 41.89068154115452], [-74.46890514028455, 41.811369698860965], [-74.51342747748214, 41.81077327913857], [-74.54529882982173, 41.830636088084425], [-74.58586212362518, 41.8104853188351], [-74.61460602206496, 41.84550995191927], [-74.61105098906427, 41.86623820680013], [-74.66176207250169, 41.9142238881122], [-74.657167644853, 41.938112538776544], [-74.73090020250237, 41.97817438807228], [-74.80615300770245, 41.958621530337574], [-74.83325052770259, 41.97386803936548], [-74.86387906144306, 41.95698867469201], [-74.89074894934, 41.97060978114922], [-74.871440211622, 42.07385101901328], [-74.67387752634315, 42.12326910389332], [-74.64177698726016, 42.146958001729345], [-74.51942260395728, 42.16325606391671], [-74.48836994744086, 42.185211904438184], [-74.45407786742055, 42.26024283322519], [-74.25176144961208, 42.230577652749204], [-74.22713318081338, 42.24808867370459], [-74.20797275613944, 42.29778932442574], [-74.12393003052071, 42.340518196084524], [-74.06110878627258, 42.2998473316693], [-74.06309787711889, 42.2738903982308], [-74.03186256662036, 42.239364689959196]]]}}, {"type": "Feature", "properties": {"code": "5.3", "name": "ATLANTIC HIGHLANDS"}, "geometry": {"type": "Polygon", "coordinates": [[[-74.44178697413498, 41.65331537885613], [-74.4636922989272, 41.59634007567737], [-74.54518829536221, 41.52822125774859], [-74.64088421009555, 41.41732352391619], [-74.71093380257128, 41.3588506195353], [-74.8206988298042, 41.29910579812595], [-74.89447830370608, 41.179596876182586], [-75.02851428728886, 41.07809274911407], [-75.1895289921858, 41.03734367950771], [-75.36222664343146, 40.962252731956085], [-75.40044433121379, 40.96276590490758], [-75.65628097168978, 40.86873447269229], [-75.65893607218823, 40.884419752157214], [-75.61649021417209, 40.90834372216747], [-75.68367427515045, 40.89630318312496], [-75.63250803535277, 41.0085275343101], [-75.71609505120632, 40.991261386463115], [-75.78846707592183, 41.07002502212019], [-75.93620009244458, 41.07766532874916], [-75.87025580570393, 41.10668921888955], [-75.8726064428693, 41.11807168656432], [-75.98148101183686, 41.076789240023736], [-75.87443381808319, 41.178159325338925], [-75.78373049767865, 41.21173601591634], [-75.67949580962326, 41.283025263362376], [-75.60509645100052, 41.25061009331921], [-75.59157821342977, 41.269913214487865], [-75.6118694445106, 41.27701724985694], [-75.61655509553611, 41.30139955003932], [-75.53028469777554, 41.39784648538746], [-75.59117478507862, 41.31761147493225], [-75.58630132943803, 41.29660664392846], [-75.53389534075971, 41.299613524345666], [-75.45802650499759, 41.34583231656083], [-75.39098798416974, 41.33431427221086], [-75.31071414030419, 41.3766699415163], [-75.24478850745498, 41.44734668092052], [-75.27708684850155, 41.479921162126494], [-75.30685430335349, 41.47404051418761], [-75.29417716029312, 41.49236486836744], [-75.31913771354792, 41.50117770065649], [-75.23409146905762, 41.505189147629174], [-75.23100381813995, 41.5549259537721], [-75.18827895873969, 41.52976481132367], [-75.11171468157595, 41.5808566578674], [-75.08465072503523, 41.64095054363447], [-75.08161368364847, 41.697347541344094], [-75.049863636296, 41.71330909096193], [-75.04802468961597, 41.75771681146633], [-74.99361307622927, 41.722489804132714], [-74.96412915211943, 41.65701554494408], [-74.84530268836978, 41.690680922765445], [-74.79701733131752, 41.67354740420676], [-74.7547899836614, 41.678876695220374], [-74.7336680144043, 41.663888881223784], [-74.73178767761048, 41.62553233615536], [-74.71677358214092, 41.61696704865225], [-74.55802308362651, 41.677935498794476], [-74.44917205721758, 41.667395442763706], [-74.44178697413498, 41.65331537885613]]]}}, {"type": "Feature", "properties": {"code": "5.3", "name": "ATLANTIC HIGHLANDS"}, "geometry": {"type": "Polygon", "coordinates": [[[-75.85935678294105, 43.96036652787474], [-75.73155238391406, 43.929879493927665], [-75.5872121135271, 43.834934068017034], [-75.58247590343645, 43.81397520304585], [-75.4254970253225, 43.65497494717563], [-75.41565763732834, 43.56868475714717], [-75.37047653860952, 43.51779293768146], [-75.35472898646616, 43.46601470605179], [-75.3113338869677, 43.47090831481893], [-75.27255974044884, 43.4473507837989], [-75.21558226803039, 43.34630171156896], [-75.30936623541629, 43.336382283289325], [-75.35650556760636, 43.362189344228774], [-75.37950885322898, 43.35107034342571], [-75.38466155861587, 43.31917295625854], [-75.44532022042898, 43.31067883725434], [-75.56096592533595, 43.33995562209702], [-75.65551247741536, 43.281952184103524], [-75.67909869529794, 43.2817365317111], [-75.96382860143181, 43.456907453026695], [-76.01334189147389, 43.51818677723138], [-76.04462292247129, 43.650112236180824], [-76.03785514870349, 43.69077344719981], [-76.01766719128284, 43.76299287335367], [-75.98428715444848, 43.81150544774805], [-75.98569269988928, 43.87231763530619], [-75.9236443522131, 43.93431927171077], [-75.85935678294105, 43.96036652787474]]]}}, {"type": "Feature", "properties": {"code": "5.3", "name": "ATLANTIC HIGHLANDS"}, "geometry": {"type": "Polygon", "coordinates": [[[-76.17135640450216, 40.35286871518308], [-76.0462972448802, 40.309858119955855], [-76.10549852508983, 40.2873432283389], [-76.21628790931456, 40.29836676774844], [-76.22672988721031, 40.3135998318351], [-76.17135640450216, 40.35286871518308]]]}}, {"type": "Feature", "properties": {"code": "5.3", "name": "ATLANTIC HIGHLANDS"}, "geometry": {"type": "Polygon", "coordinates": [[[-78.35875134586395, 42.24622522427046], [-78.31256881998932, 42.24475582517967], [-78.3051022649359, 42.18466858289636], [-78.20841178184807, 42.156609444254975], [-78.0834477276202, 42.065186128147346], [-78.06921319647121, 42.03852947699817], [-78.03532563756866, 42.04372035778194], [-77.97962893569081, 42.02158167893175], [-78.04298261652187, 41.970393735364055], [-78.01254639290521, 41.96288353328377], [-77.93575488777212, 41.879822164574584], [-77.84840063893499, 41.83097883801612], [-77.79206300021845, 41.853755565893366], [-77.76506287084375, 41.833326460136114], [-77.710761152327, 41.933893123268405], [-77.63407324329626, 41.94000878794089], [-77.62509892320423, 41.95715439297148], [-77.59335781167064, 41.94694267315859], [-77.43472663440818, 41.994259322538745], [-77.35776027005416, 41.985116090093705], [-77.3474438515232, 41.965673590628114], [-77.60097390051475, 41.87680300223011], [-77.63758106614218, 41.85170547199012], [-77.6433567346002, 41.81945325675813], [-77.60702881510534, 41.80920240398893], [-77.46649285241577, 41.8387847457157], [-77.39487482952282, 41.82922760608785], [-77.23779913342307, 41.88231132430836], [-77.1609673630917, 41.88798971078583], [-77.11884377885023, 41.91349202988894], [-76.96542895860657, 41.91852284182747], [-77.0160176871938, 41.857357279783855], [-77.1043090995432, 41.83793405701546], [-77.16032302500882, 41.80471394917986], [-77.20162127540345, 41.82032685864336], [-77.38366270132079, 41.74904892365581], [-77.44361270807764, 41.69554485258989], [-77.42807986554892, 41.63872839931063], [-77.38179818021494, 41.63681432246198], [-77.18668347644898, 41.71427214226762], [-77.08302192370806, 41.71401958427745], [-76.84994026807256, 41.780747400855006], [-76.82956174719003, 41.76381147300205], [-76.83239204972013, 41.7360170419506], [-76.87265963246982, 41.680121656006676], [-76.96288700206532, 41.6160572191276], [-77.03982579625071, 41.58700846841234], [-77.18547106265466, 41.58475013535872], [-77.28394680768804, 41.564258392733166], [-77.33879440818093, 41.50736847141889], [-77.19903107820227, 41.55315818336483], [-77.15638650464294, 41.51707932295287], [-77.08346132648352, 41.51465465397265], [-76.89099699893822, 41.57439490644704], [-76.69668690525424, 41.65804986360624], [-76.52306872918217, 41.68552539807821], [-76.37277943924077, 41.6605240066771], [-76.5186193917511, 41.58955209405177], [-76.72718596164529, 41.55955789884183], [-76.77806660731915, 41.532618911798565], [-76.69531175145805, 41.512498979381846], [-76.42886304752585, 41.49162003713316], [-76.31572163336564, 41.52127512205075], [-76.23471303437735, 41.50081772219203], [-76.18303478599647, 41.523373065777676], [-76.13073627644636, 41.49389187631967], [-75.95073432536417, 41.51276125930545], [-75.94332640475973, 41.470689512252804], [-75.97676341168413, 41.46761868376016], [-76.01140111843829, 41.42127329720225], [-76.09396647836849, 41.40489899493973], [-76.12156623336618, 41.35533336761962], [-76.17155965700432, 41.32868174354335], [-76.19472217262816, 41.33450294652266], [-76.25632426897194, 41.30946638529979], [-76.27514656957835, 41.32343317778669], [-76.37012645624061, 41.291701876728276], [-76.49061449628684, 41.286111693399555], [-76.55874506942382, 41.30555148334242], [-76.57322414040573, 41.33238114137462], [-76.60277842612321, 41.30550958333657], [-76.63586331386504, 41.303233415985005], [-76.76476296963664, 41.321079031823714], [-76.8683483850499, 41.3168386590732], [-76.97105962272943, 41.34173205056551], [-77.05764641121162, 41.33634775978776], [-77.08802657122732, 41.35521645934821], [-77.25802782059958, 41.28709065585885], [-77.34248511143247, 41.2701180780355], [-77.34644017962475, 41.25150082174976], [-77.37175906878332, 41.24866220914718], [-77.35881582956173, 41.23411152893967], [-77.2685496134141, 41.243054759386304], [-77.6092816298169, 41.10614511574944], [-77.75618671601401, 41.11898296400191], [-77.76689480765145, 41.13646977684408], [-77.7318332804726, 41.1707127899361], [-77.73987217593427, 41.18683794866614], [-77.91115675799747, 41.14487571002185], [-77.98809020435554, 41.19525100843795], [-78.55383977611598, 41.04582352287476], [-78.60328922778451, 41.06137107864634], [-78.62232411589962, 41.10698058752782], [-78.68569825365148, 41.09884054033355], [-78.77077157392826, 41.122357401376036], [-78.79705737594178, 41.14648352587313], [-78.78087082294265, 41.18463127579946], [-78.6934336576641, 41.271422175959295], [-78.76695031011215, 41.253755455339544], [-78.91256139387318, 41.25059904102707], [-78.97555577178373, 41.21536154973602], [-79.03545602671362, 41.21026633686777], [-79.071394093559, 41.182889887166944], [-79.09115765780399, 41.23818170350748], [-79.12456634275438, 41.249576076291085], [-79.25523376151956, 41.20809570866288], [-79.33381884909956, 41.23871880797172], [-79.32243483503052, 41.262367506287454], [-79.35937216534015, 41.27503655964796], [-79.28429294664764, 41.392889939576], [-79.33874452147495, 41.40250212383049], [-79.36335045890435, 41.43462069353914], [-79.40048243622674, 41.427440085399745], [-79.39598466018272, 41.39077636728516], [-79.41507492555367, 41.37709617177488], [-79.67416773753423, 41.394969125724515], [-79.744045104786, 41.359562737029194], [-79.82148293477923, 41.370869136144464], [-79.88105884201111, 41.40398023384279], [-79.93352050504399, 41.40498235018015], [-79.99681082745686, 41.446590664107944], [-79.98878907289979, 41.4571803883642], [-79.89822429967025, 41.42519004703435], [-79.90539018677467, 41.473718685261886], [-79.88537333881783, 41.45691688699187], [-79.84383298274813, 41.56910708725226], [-79.77545122557231, 41.57000318047972], [-79.7680888325464, 41.50684557578951], [-79.73828439745017, 41.576321015310796], [-79.6887564449975, 41.56343127415401], [-79.675421166205, 41.629700987273395], [-79.63226686652, 41.66147563906762], [-79.58528084633517, 41.77092832236495], [-79.53579654754263, 41.816664942958134], [-79.54941501938426, 41.83922454330399], [-79.5079881103998, 41.86257896948891], [-79.50434638518897, 41.887883125186285], [-79.46353638790853, 41.892883900615224], [-79.46700201464633, 41.904774634719104], [-79.44292258061672, 41.912912648536235], [-79.41703987568988, 41.88619964374677], [-79.33731155476131, 41.93109159126098], [-79.31472267817247, 41.9127966900493], [-79.26332325616701, 41.91144693662087], [-79.26933869138442, 41.930064283337266], [-79.24925560880477, 41.9507494266165], [-79.18393815671259, 41.911588739628606], [-79.1153428428282, 41.93058218988752], [-79.10477269544836, 41.94807095418356], [-79.11529550146622, 41.98318231631615], [-79.0742063406492, 42.000231141082196], [-79.04596623885544, 42.09739228078452], [-78.96550069294193, 42.100509157541694], [-78.91949406455021, 42.125681833888414], [-78.8855687850331, 42.116352599122116], [-78.88793565374039, 42.16949814937671], [-78.8683746363339, 42.181667590216776], [-78.84394758244072, 42.26265459003631], [-78.77136344457335, 42.294979967021945], [-78.68048235149098, 42.277058456870826], [-78.5304197833213, 42.288558564048664], [-78.4595416590206, 42.317419530357476], [-78.35875134586395, 42.24622522427046]]]}}, {"type": "Feature", "properties": {"code": "8.1", "name": "MIXED WOOD PLAINS"}, "geometry": {"type": "MultiPolygon", "coordinates": [[[[-73.5017272727382, 41.05007272678567], [-73.52271818088637, 41.04281818212901], [-73.52956363627273, 41.01689999981322], [-73.53030909057969, 41.04454545383178], [-73.53760909132362, 41.03191818244827], [-73.54613636238497, 41.04261818213923], [-73.57081818173481, 41.001827272663064], [-73.58545454529097, 41.004699999992326], [-73.57041818240639, 41.025809091522135], [-73.5948363638099, 41.01216363597973], [-73.58842727266793, 41.04161818087495], [-73.6023454547882, 41.0151454538263], [-73.62837272670649, 41.01897272674465], [-73.62784545441075, 41.0013818183343], [-73.64074545372586, 41.012227273395446], [-73.68550909077527, 40.94371818053479], [-73.69828181821835, 40.939290909411056], [-73.68978181826333, 40.960063637449416], [-73.72632727271028, 40.94204545524025], [-73.72169999998677, 40.953081818175505], [-73.73773636344956, 40.94374545517668], [-73.72115454469734, 40.93876363583254], [-73.72512727326976, 40.92820909100746], [-73.7736272729668, 40.91216363558399], [-73.76641818230759, 40.8974181814997], [-73.80935454672505, 40.87127272778592], [-73.78436363569548, 40.87830000001716], [-73.80026363744808, 40.84807272729162], [-73.82190909046287, 40.870272727093926], [-73.81877272737074, 40.884363635679144], [-73.82092727230247, 40.88698181872301], [-73.82390909106718, 40.88767272692394], [-73.82281818145842, 40.860063636792304], [-73.81275454448306, 40.858781818111424], [-73.81407272719699, 40.82423636291904], [-73.79075454512109, 40.80448181831308], [-73.83714545518042, 40.80596363727715], [-73.83904545493083, 40.82256363637164], [-73.84237272756725, 40.82808181765625], [-73.8486545461515, 40.80472727276121], [-73.8844999996305, 40.822600000101936], [-73.87179090955733, 40.801545454822545], [-73.92746363626988, 40.80269090909211], [-73.93312727252649, 40.83525454467762], [-73.90871818042537, 40.87160000013946], [-73.91147272839892, 40.874399999754445], [-73.92500909130057, 40.87880909111982], [-73.91040909220038, 40.871436363043614], [-73.93501818124793, 40.83484545506774], [-73.92922727204974, 40.7959272730544], [-73.97133636339534, 40.74390909097161], [-73.97642727179232, 40.71190000019107], [-74.0251818177442, 40.7059181820065], [-74.01378181904454, 40.75660000044312], [-73.92918181807498, 40.88950000006304], [-73.89124679489984, 40.99806548639306], [-73.89276042453027, 41.1475844548461], [-73.97101426730553, 41.250965605412915], [-73.9461851777845, 41.291311572378845], [-73.88859366289765, 41.33011105473751], [-73.83348013018933, 41.33889588586851], [-73.80268591339667, 41.378974068404446], [-73.73680622242901, 41.372764804050085], [-73.63947620718884, 41.38879505696061], [-73.55172988124039, 41.436810663735386], [-73.53817603503539, 41.464132570862155], [-73.45885943763156, 41.47407770398146], [-73.44003336635303, 41.496791801480775], [-73.42230706740983, 41.59365615638814], [-73.38468680075788, 41.65514632473197], [-73.22810001580939, 41.74834134766685], [-73.1839592318475, 41.755934260359936], [-73.11689203844806, 41.724730992207874], [-73.01991654537734, 41.808569816801956], [-72.88318984432047, 41.83701014002531], [-72.88014352563764, 41.88088855222408], [-72.82455982263774, 41.996600741313856], [-72.82238583429518, 42.137597645763485], [-72.75538517325025, 42.20680802585185], [-72.69794962693757, 42.34789165317385], [-72.65143185576518, 42.35519174275631], [-72.63700239734561, 42.388232128287804], [-72.64504511194815, 42.46440512133612], [-72.62628508058167, 42.56715818096903], [-72.63812259335488, 42.622070935054346], [-72.55216226532107, 42.67272695844368], [-72.50520149699472, 42.66852198444297], [-72.46879933235965, 42.71477028734428], [-72.53529161739021, 42.754141129829456], [-72.54327819578145, 42.799539160949074], [-72.59905780923371, 42.88654421478055], [-72.56083986669982, 42.9054554012371], [-72.56027385866386, 42.9626808667104], [-72.51310161644192, 42.97308387482291], [-72.52082595473374, 42.90367184203875], [-72.55097141279607, 42.85454713478126], [-72.53649833585061, 42.83622310053898], [-72.5013171616779, 42.841002906727546], [-72.48569053829907, 42.775617781261495], [-72.43340302443553, 42.7190792911524], [-72.47257949914463, 42.59976457139607], [-72.56491123074261, 42.4670624439184], [-72.54881300084713, 42.44744259093502], [-72.50215903025278, 42.46413394835563], [-72.48194189172517, 42.43729111719559], [-72.47811902024917, 42.39586356245392], [-72.45764220551865, 42.378244460073006], [-72.45317897873336, 42.33906145153598], [-72.3906788178637, 42.303419339580394], [-72.3337784434996, 42.322582001267016], [-72.31529975397328, 42.48259203614445], [-72.32572933926033, 42.57578558434916], [-72.30052125705117, 42.62193375799349], [-72.2659763090056, 42.6325690463497], [-72.2178116051933, 42.606766169463135], [-72.20116399344307, 42.58050692267012], [-72.19585404421211, 42.487541205013805], [-72.16974647848521, 42.45068975121502], [-72.18277816942988, 42.400968318439155], [-72.1346737256217, 42.40140867081129], [-72.06027134314016, 42.4682304673212], [-71.98067521540007, 42.470843727044965], [-71.959511120707, 42.44670347666941], [-71.98276560365643, 42.37961248475381], [-71.9778746663936, 42.32215710290989], [-71.93524167335161, 42.27411148420089], [-71.86727923083679, 42.28064413135578], [-71.85440747988339, 42.32062131212295], [-71.87775473702487, 42.345422983333215], [-71.89117390378941, 42.413253560653814], [-71.86132787207278, 42.433107887791486], [-71.82087033365089, 42.49995528973842], [-71.84604550092112, 42.573885791115714], [-71.80453464230045, 42.63204048965038], [-71.80601541867102, 42.66943403732735], [-71.75679750252478, 42.699158285816836], [-71.75958678104556, 42.76142637027134], [-71.71248664744381, 42.86895501972116], [-71.60394059449128, 42.91729324696244], [-71.5784298795081, 42.982993384973035], [-71.6580861202672, 43.022090799640786], [-71.67544812875332, 43.09401330937226], [-71.73833595040199, 43.113361408287716], [-71.7810326664648, 43.19543100970955], [-71.76297994974298, 43.24354026966842], [-71.70724445371863, 43.271440971004054], [-71.62377540811707, 43.2757824250177], [-71.61828550602613, 43.298260851586576], [-71.65382258350249, 43.35422567493747], [-71.62471826462304, 43.3723398766303], [-71.5859704830944, 43.331312738557166], [-71.52699597026236, 43.30703784353082], [-71.46299694462316, 43.31561970808693], [-71.34465762228622, 43.28929135022946], [-71.35328036830734, 43.18874821888664], [-71.26500424142334, 43.130140446742914], [-71.22791536314487, 43.122811760764336], [-71.20627193910099, 43.09345339084222], [-71.1679558583645, 43.097903119975854], [-71.14667392870162, 43.13804940095134], [-71.16292892918705, 43.169911256058974], [-71.15239069401213, 43.23791424770964], [-71.16825688232827, 43.268811650414364], [-71.1052494685609, 43.333821653275244], [-71.08087845630051, 43.38362457716888], [-71.05264257703213, 43.39097452676106], [-70.99544412734753, 43.35629718644987], [-70.98827054435928, 43.40827929180949], [-70.9729994607586, 43.41529908809436], [-70.95660086215764, 43.38845123002466], [-70.93533785883467, 43.437007878742946], [-70.89231337533037, 43.445774733042306], [-70.89086414507958, 43.46714471078175], [-70.82688787145155, 43.469471864255134], [-70.74156196533647, 43.52352753730573], [-70.72435369880343, 43.59492171759455], [-70.75113583461406, 43.63601246870357], [-70.80253590531072, 43.659598285078296], [-70.69824408782684, 43.72422435618601], [-70.695194945364, 43.777871224260345], [-70.73884119941985, 43.790116998005075], [-70.73197715335537, 43.81148697280199], [-70.66469492284943, 43.84054568981531], [-70.51648088770895, 43.76218168207805], [-70.35814795220769, 43.901813234363566], [-70.34532205740643, 43.95550936899514], [-70.31491623229067, 43.985078933523575], [-70.25986967453653, 43.98634887193898], [-70.3202754078424, 44.08080709457761], [-70.26292404326301, 44.18210392943692], [-70.27993805233696, 44.26321152144077], [-70.25403399312592, 44.414439793881094], [-70.26816701622025, 44.5115002566184], [-70.17224035536061, 44.65421302700114], [-70.0441434993884, 44.71724097689192], [-70.01131190860346, 44.76028430066087], [-69.99532496698852, 44.807263258348996], [-70.0112119762385, 44.86153902119577], [-69.99975898745501, 44.880038727264356], [-70.04483885689692, 44.89426500695285], [-70.04911955482852, 44.92081741527337], [-69.97574973277358, 44.919518908272536], [-69.96387655440687, 44.97749958846154], [-69.91244900913598, 45.06597019445323], [-69.87797965505132, 45.0882849130912], [-69.82913709064185, 45.04526513389172], [-69.79439198553129, 45.03942315513914], [-69.60560785812139, 45.15104593939895], [-69.54424337931891, 45.24587350939611], [-69.5482158205669, 45.289281195184884], [-69.49451092737094, 45.330312475259795], [-69.31545480557845, 45.373164730697944], [-69.23834085346388, 45.36903048706247], [-69.1765195103361, 45.395999088501185], [-69.143476549568, 45.39322302323289], [-69.00500672605172, 45.46721461514317], [-68.98175051635009, 45.588480373030386], [-69.01570219790428, 45.63672169580983], [-69.05505877104135, 45.65505882526196], [-68.981225970166, 45.694116285301774], [-69.02996026891911, 45.729886452874396], [-68.95291483873487, 45.75816288353936], [-68.96794467056237, 45.80861747029079], [-68.69666716611249, 45.78714697034028], [-68.64769424327172, 45.83222309252322], [-68.62802516415401, 45.87943102738096], [-68.639723111059, 45.92658759941137], [-68.79553191120685, 46.09188590538797], [-68.80293933305985, 46.15403527017672], [-68.91601430252223, 46.161297868746786], [-69.0483092769781, 46.24085460692837], [-69.03335814653117, 46.26368034368983], [-68.97575762811682, 46.28061249608117], [-68.99715648048729, 46.314698271729036], [-68.96884372808184, 46.335068000691265], [-68.97856213895014, 46.36727073775156], [-68.86759947199317, 46.38971319519413], [-68.82993573063641, 46.38260913097021], [-68.8282196337918, 46.41800799795252], [-68.76521698718786, 46.44404819105933], [-68.72122350363804, 46.443024230874926], [-68.69080145441451, 46.47757673130133], [-68.67702845824876, 46.54621041120976], [-68.61112298162361, 46.61172137563506], [-68.63261740889465, 46.67485584471861], [-68.67988681720914, 46.70737981936044], [-68.68618724121983, 46.72780206590952], [-68.61414033630851, 46.800282589127406], [-68.61597873573008, 46.83039575981508], [-68.58979471200374, 46.85360718285054], [-68.59172935449355, 46.90930488097492], [-68.68938718396002, 46.90918377314798], [-68.70487282943324, 46.92363208721918], [-68.62749517799331, 46.9995469215447], [-68.63467770761967, 47.01612683670695], [-68.59874895033494, 47.110818014267224], [-68.64040811632621, 47.19232948323878], [-68.61036158640728, 47.21501489080945], [-68.61336725246173, 47.24564955376949], [-68.71786363682791, 47.24091818187513], [-68.90098181746372, 47.178518181955305], [-69.05073636382262, 47.25732727193186], [-69.05389090879095, 47.37788181783057], [-69.03041818205304, 47.4083636365555], [-69.05623617261553, 47.4324095667317], [-69.03117840379157, 47.44771793757692], [-69.00039081970765, 47.5050851703933], [-68.90151856402922, 47.58804797410894], [-68.85063127524565, 47.56692748207087], [-68.8288270059608, 47.59132088708997], [-68.794900969226, 47.57668149594466], [-68.75188230458771, 47.59355262959378], [-68.74143828475688, 47.62596799679509], [-68.7098561606189, 47.623010113947494], [-68.64342021033454, 47.66158726579289], [-68.62726045884179, 47.71286648993435], [-68.59583657790127, 47.73210495305329], [-68.49297254416615, 47.70395109401346], [-68.44876184007035, 47.71478535840945], [-68.40747568825144, 47.75494697735064], [-68.36945721257878, 47.74290797800563], [-68.33462963420034, 47.6991663160029], [-68.31325832867275, 47.695871453176636], [-68.29748503982125, 47.65574571499213], [-68.26971793806331, 47.64728088935717], [-68.22696931374091, 47.679347272058095], [-68.19700931984876, 47.728877327867984], [-68.21618123802016, 47.760096751423426], [-68.1698724855618, 47.77245042659873], [-68.1545310353376, 47.79220240593307], [-68.15341877803827, 47.777185942783255], [-68.11218796984036, 47.76545934562181], [-68.06566058154573, 47.77218190292779], [-68.07164810241045, 47.705151011996456], [-68.09292147107759, 47.6796545178927], [-68.03873625000837, 47.6350874767909], [-68.03874445233906, 47.609353528304624], [-68.00996446184016, 47.57819421146781], [-68.0090485388039, 47.51554991750719], [-67.95709754745788, 47.511024098167034], [-67.92669744671434, 47.55071930091924], [-67.79571969982027, 47.56774906555084], [-67.77608366225847, 47.59569505039592], [-67.70833157877155, 47.63013821153058], [-67.65543536156093, 47.634603804199386], [-67.61238661653354, 47.67976275390136], [-67.57441757109191, 47.67553574883657], [-67.52296704335723, 47.76639606550175], [-67.5250185242633, 47.788251384905195], [-67.49129227779079, 47.79504098896062], [-67.44135392757512, 47.764569106859895], [-67.40557163562116, 47.764720167754405], [-67.39687955481031, 47.77204614524301], [-67.41558376566769, 47.80179546014319], [-67.37906327385208, 47.8345313178625], [-67.39039687979025, 47.850740083993045], [-67.38055792445542, 47.85791380498928], [-67.39433377061101, 47.86195080978682], [-67.36942327379838, 47.89640075866426], [-67.13791602483904, 47.93328105904849], [-67.04327532991192, 47.967479947198846], [-67.03140565734518, 48.0], [-66.32574589841768, 48.0], [-66.16208815966442, 47.967797651500206], [-66.08221739619543, 47.92494945720307], [-65.8999774151264, 47.91824071658979], [-65.7674141183772, 47.85985289256528], [-65.71592281154705, 47.7746654901716], [-65.70535827872509, 47.683479315330494], [-65.62882284748491, 47.64984250093154], [-65.49390556541644, 47.668917138397774], [-65.19298282993722, 47.81438660679592], [-65.0, 47.83219752189127], [-65.0, 47.81418099381017], [-65.0696891904282, 47.78424966642608], [-65.05618557097029, 47.768046997887645], [-65.0, 47.776731374286285], [-65.0, 47.27088789188788], [-65.06382482395193, 47.25817193145475], [-65.12429196843478, 47.20327558624997], [-65.36203553587872, 47.08045329230524], [-65.28779258040852, 47.05705594893004], [-65.27905714918404, 47.078338836326274], [-65.21196474804394, 47.085065423987274], [-65.23100820826035, 47.040532482131354], [-65.2164811316205, 47.03204970232853], [-65.16753313231327, 47.03495552509601], [-65.11029444797317, 47.073894160922364], [-65.03472632919001, 47.08773042121456], [-65.0, 47.057959328973105], [-65.0, 45.548329901431735], [-65.35085340074036, 45.4402329209882], [-65.53963658367181, 45.34803189386242], [-65.59403388191174, 45.30535561476693], [-65.78340597322659, 45.25905493092829], [-65.90488269228545, 45.19395608840842], [-66.01447640138437, 45.21825518393028], [-66.01003133232327, 45.24908481540369], [-66.03919982156877, 45.267307102956934], [-66.13313117718323, 45.213172982423536], [-66.16878219354204, 45.21221835871293], [-66.1541160144381, 45.18101611374205], [-66.19182969719199, 45.15972001019245], [-66.35171054748393, 45.12851100684915], [-66.46417547936281, 45.058389868120294], [-66.48260016764189, 45.1226850090857], [-66.50501786763368, 45.14345599199365], [-66.57494953900866, 45.128360133314864], [-66.65892185179993, 45.07695979832566], [-66.75471121942536, 45.05096137030349], [-66.8884654730011, 45.04379612889204], [-66.92137423619232, 45.071589101966985], [-66.91793952207536, 45.13404729061956], [-66.95976366149318, 45.16023073302278], [-67.02976571192116, 45.164813161449274], [-67.05872581121912, 45.10073122470544], [-67.04071255608065, 45.073801358642214], [-67.08798577992523, 45.08028919412825], [-67.13556579753453, 45.14036563296273], [-67.14915413115675, 45.204635294224104], [-67.18659973907988, 45.22717668430831], [-67.19737217780175, 45.21616730869433], [-67.18620372134271, 45.1889880407951], [-67.10625454557243, 45.078218182124665], [-67.11769090902014, 45.05672727260872], [-67.09626363672916, 45.03890909069486], [-67.10928181921332, 45.03424545445508], [-67.08359090895449, 45.0311636371621], [-67.05045454676365, 44.978718181769324], [-67.07725454506878, 44.97464545526772], [-67.04430909066751, 44.96362727274433], [-67.03331818175018, 44.939763635701205], [-67.01110909076269, 44.93593636249342], [-66.98352727303092, 44.90847272653358], [-66.99544545396765, 44.891599999986596], [-66.99981818172132, 44.90569090957479], [-67.01976363623776, 44.898363635890924], [-67.01562727281626, 44.9234545456591], [-67.0444181810879, 44.92740000020718], [-67.02887272743352, 44.93724545495225], [-67.04312727341258, 44.944036363915934], [-67.04022727294159, 44.95359090886349], [-67.06228181835104, 44.96333636389463], [-67.07306363619223, 44.960800000061454], [-67.0495636364302, 44.938009090857264], [-67.07112727337659, 44.93461586535345], [-67.07125454495635, 44.91517272677842], [-67.09625454631896, 44.923581818039715], [-67.1019454551901, 44.954000000394615], [-67.11399999979272, 44.94016363674823], [-67.13947272709126, 44.95879999959805], [-67.13420909085951, 44.94330000023205], [-67.14192727161553, 44.95009090882159], [-67.14730909135386, 44.946918181734645], [-67.11209090868913, 44.92204545522608], [-67.15564545494058, 44.932927271707044], [-67.16046363647843, 44.95313636422422], [-67.17549999963695, 44.947445454368555], [-67.15220909086759, 44.92375454551277], [-67.11100909106973, 44.90176363586752], [-67.13321818205979, 44.902518181986814], [-67.13252727162516, 44.881809090877496], [-67.13834545489244, 44.8885545456156], [-67.1536818180012, 44.89255454540648], [-67.1569545457251, 44.89539090889193], [-67.16165454561153, 44.89534545515054], [-67.16576363668332, 44.89973636426679], [-67.14695454677823, 44.8925999998853], [-67.15605454534104, 44.90652727297117], [-67.22529090950019, 44.93315454583116], [-67.20491818160657, 44.91146363717861], [-67.21659090874698, 44.91351818236709], [-67.2275545458839, 44.90514545461542], [-67.18017272653147, 44.902090908661066], [-67.20028181901634, 44.89034545495037], [-67.1495181817875, 44.863018180867414], [-67.14969090941369, 44.83592727339721], [-67.16247272731454, 44.84439090877235], [-67.14950909144008, 44.82534545389362], [-67.1608272722981, 44.82909999999289], [-67.17251818155039, 44.791609090966936], [-67.14860000026367, 44.796309091434225], [-67.16856363718445, 44.79879090857924], [-67.15959999999441, 44.81298181804025], [-67.12648181925188, 44.81829090921403], [-67.13372727348755, 44.87702727297722], [-67.1151000002413, 44.87412727283031], [-67.12332727245855, 44.839372727301935], [-67.09059090907606, 44.85575454604153], [-67.08801818090242, 44.854081817651505], [-67.08798181824812, 44.84667272685301], [-67.0849272728265, 44.841463637220485], [-67.08220909097555, 44.854799999664856], [-67.09555454537012, 44.8589181824855], [-67.10129090867459, 44.85458181829672], [-67.11220000058296, 44.86934545373991], [-67.0853909100788, 44.86240909120193], [-67.10983636442919, 44.882681818907656], [-67.10402727300583, 44.89410909103745], [-67.06140909022099, 44.86789090912279], [-67.07953636305217, 44.85762727213362], [-67.07497272763655, 44.84955454583217], [-67.05854545489248, 44.862609091136896], [-67.04916363651324, 44.84971818202146], [-67.06035454626105, 44.8438272725571], [-67.04946363624302, 44.84091818108574], [-67.07252727282729, 44.8199818175943], [-67.07159090850448, 44.816254545909736], [-67.02338181847793, 44.850309091356905], [-67.06176363665242, 44.90664545449153], [-67.01899999999507, 44.88651818163779], [-67.01829090932661, 44.84658181802322], [-66.98339090866062, 44.86230909068492], [-66.99655454554173, 44.84369090927682], [-66.98440000004453, 44.811709090751755], [-66.95057272669717, 44.814536364046546], [-67.02403636281005, 44.768309090767005], [-67.0673818194448, 44.770900000211356], [-67.06372727184156, 44.75238181810759], [-67.06956363583706, 44.75490000029584], [-67.08903636250584, 44.7558363640932], [-67.07100909121421, 44.752754545594485], [-67.0743363626691, 44.7414090909903], [-67.12267272622816, 44.7411636371389], [-67.09758181843036, 44.730818181938], [-67.15448181798816, 44.6681181822414], [-67.22862727211648, 44.65877272705866], [-67.18891818271584, 44.64470909082471], [-67.23392727370971, 44.63709090874043], [-67.24520909121188, 44.67126363593454], [-67.27199090873748, 44.66406363579953], [-67.25760909005677, 44.627090909024695], [-67.2872818187132, 44.624272726608645], [-67.29844545391991, 44.65438181807228], [-67.32650909154067, 44.657736363829116], [-67.32836363538256, 44.66674545517826], [-67.32154545481121, 44.67340000031043], [-67.30748181858708, 44.6617363638299], [-67.29619090856232, 44.70773636297721], [-67.35751818251472, 44.70351818204122], [-67.36621818084048, 44.68653636379396], [-67.39059090974607, 44.6980090909701], [-67.37608181841794, 44.713781818022476], [-67.40372727178448, 44.71577272709992], [-67.39318181835641, 44.69739090880808], [-67.40777272716693, 44.683363636293045], [-67.37602727230097, 44.677336363052575], [-67.39067272757869, 44.6680636359766], [-67.3668909091796, 44.65143636383355], [-67.3839727276649, 44.64023636285735], [-67.36315454597624, 44.631827272881175], [-67.39134545376805, 44.62595454629837], [-67.40624545530301, 44.594463637248154], [-67.42875454580381, 44.62900000019411], [-67.41750909069356, 44.626845453632946], [-67.42744545397431, 44.64501818239917], [-67.41973636466827, 44.64312727281739], [-67.41199090889037, 44.649618181492535], [-67.43857272684478, 44.6426454539756], [-67.42873636311666, 44.66639999975179], [-67.44959090865733, 44.67296363632029], [-67.4598727275775, 44.66630909116407], [-67.44507272761909, 44.66452727210023], [-67.44890908988347, 44.63034545490266], [-67.43008181744112, 44.61378181804674], [-67.4589181807951, 44.59661818173751], [-67.47642727335473, 44.60874545393623], [-67.46581818158148, 44.6148545448072], [-67.46466363575173, 44.62191818145655], [-67.4927454533017, 44.608627273228336], [-67.50644545397864, 44.64425454646542], [-67.53357272752994, 44.62144545485441], [-67.53769090940621, 44.65366363606643], [-67.53715454490687, 44.640999999760815], [-67.54317272701115, 44.63992727195189], [-67.54829090798027, 44.65903636447006], [-67.57208181867193, 44.66197272693796], [-67.55137272690814, 44.65529090864967], [-67.5434999988206, 44.63013636371414], [-67.59117272684198, 44.628399999496565], [-67.59573636394019, 44.61796363562073], [-67.56587272688546, 44.615363636597536], [-67.55640000033178, 44.60000000014475], [-67.57540000065295, 44.560081818075446], [-67.56503636379689, 44.53202727188438], [-67.63922727273838, 44.526800000317], [-67.6249545460502, 44.53978181813231], [-67.64196363688873, 44.53837272708669], [-67.6360363646574, 44.550899999916005], [-67.62031818196819, 44.54948181756859], [-67.6578636359932, 44.57128181838649], [-67.6722636361582, 44.56625454607353], [-67.67520909169524, 44.535499999811364], [-67.70221818117535, 44.531318182171276], [-67.71343636317971, 44.49666363592285], [-67.74335454490667, 44.49741818216276], [-67.73939090898453, 44.527690909132716], [-67.75969999965193, 44.54902727256806], [-67.74219999969546, 44.55684545424353], [-67.75318181784301, 44.57139999972253], [-67.73860909079609, 44.587454545774236], [-67.7479363647176, 44.61457272692043], [-67.73603636334683, 44.616227271975674], [-67.75067272805542, 44.61500000017146], [-67.7491363646536, 44.5876181818961], [-67.76319090913435, 44.58265454628179], [-67.76906363741568, 44.54747272736824], [-67.7902000005906, 44.54617272677215], [-67.77703636431349, 44.54160000072867], [-67.79363636311925, 44.51942727269844], [-67.80520000178524, 44.542545453771545], [-67.78339090840639, 44.55186363604315], [-67.7857090914232, 44.58721818181438], [-67.77428181832713, 44.59011818250918], [-67.78647272812862, 44.58888181833265], [-67.78336363674362, 44.60582727298241], [-67.78694545400086, 44.604436363808986], [-67.79267272708725, 44.61373636374625], [-67.80900000061992, 44.618818181718595], [-67.78649999947731, 44.60157272785054], [-67.79962727250596, 44.59972727328761], [-67.8045909091028, 44.56373636368293], [-67.82253636405811, 44.59837272776021], [-67.83238181806429, 44.569318181786315], [-67.84733636285195, 44.590890909328], [-67.84572727347347, 44.577836364135365], [-67.85061818061452, 44.579390908849774], [-67.84745454437001, 44.58394545489604], [-67.85152727179359, 44.58910909048009], [-67.85715454468337, 44.59229090875074], [-67.85541818231262, 44.572536364220895], [-67.8168727277542, 44.561181818382785], [-67.81405454626572, 44.54300000048666], [-67.84945454465175, 44.56375454577925], [-67.85253636387768, 44.52780909051066], [-67.8816727268794, 44.54344545460619], [-67.85011818201558, 44.494999999888435], [-67.86842727154318, 44.46536363616678], [-67.87642727161389, 44.47967272711183], [-67.88659090884407, 44.471927273005036], [-67.87789090866015, 44.45472727273728], [-67.89906363633786, 44.39412727184962], [-67.9138999996326, 44.4333545456719], [-67.9109363637157, 44.461654545690074], [-67.90068181756364, 44.44844545496156], [-67.89169091051392, 44.445536364212316], [-67.91085454654257, 44.47539090875974], [-67.9044909094401, 44.492036363983324], [-67.93930909089543, 44.47086363722322], [-67.9239818182132, 44.4520727271365], [-67.93582727255846, 44.4489363641264], [-67.92581818224907, 44.419290908622074], [-67.93726363621876, 44.410109090794826], [-67.97986363603304, 44.47291818140182], [-67.96537272620283, 44.48078181824238], [-67.97068181753771, 44.49166363723529], [-67.9673909089593, 44.49558181789733], [-67.96946363675026, 44.497609091105474], [-67.96774545427253, 44.50046363628942], [-67.96870909069749, 44.505263637123065], [-67.96662727318342, 44.506345455166276], [-67.9674909088962, 44.50737272712407], [-67.99164545486806, 44.504209091031775], [-67.97859090862379, 44.48318181752041], [-67.9933909087149, 44.461454546292906], [-68.02170000067898, 44.48967272678801], [-68.03556363609474, 44.483099999660396], [-68.01389091022588, 44.432281817766025], [-68.00378181798061, 44.45489090891927], [-67.9813181814766, 44.448727273288725], [-67.95978181871115, 44.39881818178425], [-67.98254545421199, 44.384636363184754], [-68.00526363655712, 44.41240909081092], [-68.024918182343, 44.40950909142885], [-68.01437272757596, 44.38661818208066], [-68.037781817865, 44.38614545470966], [-68.02219090949404, 44.37921818168755], [-68.0342181810829, 44.375481817972], [-68.02523636390183, 44.35672727162194], [-68.03817272739555, 44.367500000275626], [-68.05933636334557, 44.332009091126494], [-68.07606363651684, 44.347927272854896], [-68.07668181786566, 44.37420000010506], [-68.06338181749304, 44.369218181816514], [-68.07572727270004, 44.39293636409339], [-68.09358181927574, 44.38943636405965], [-68.09354545376527, 44.371881818384445], [-68.11260000019571, 44.40415454492002], [-68.11935454489848, 44.458072727196104], [-68.09569999956395, 44.46768181765394], [-68.13748181827239, 44.47787272830853], [-68.135145455369, 44.490263636022], [-68.17404545493581, 44.5081999995383], [-68.15447272682482, 44.47869999975966], [-68.17012727327054, 44.47047272710888], [-68.1936636370184, 44.47232727333654], [-68.17983636415083, 44.47516363637608], [-68.20159090747546, 44.50989090872581], [-68.18133636375447, 44.512127272111286], [-68.22224545380928, 44.5217999995307], [-68.25654545483275, 44.55295454595893], [-68.23658181775079, 44.57859090884249], [-68.22726363628533, 44.5709090906444], [-68.21328181808312, 44.56897272744095], [-68.19857272708204, 44.571309091403], [-68.24468181862674, 44.58965454472923], [-68.26813636244933, 44.57552727199083], [-68.26651818129194, 44.55883636306009], [-68.29363636409641, 44.566318182048974], [-68.29565454635886, 44.55566363704555], [-68.21261818061129, 44.51583636380292], [-68.22584545474426, 44.46509999981737], [-68.26238181782283, 44.490263636970745], [-68.26899090872048, 44.503636363844016], [-68.25348181768942, 44.51179090844137], [-68.26628181769935, 44.5298454551776], [-68.27754545419818, 44.51093636274238], [-68.32177272762023, 44.53759999949836], [-68.30528181713602, 44.507672728246696], [-68.32379999930194, 44.508136364069756], [-68.32251818211414, 44.506645454096486], [-68.32685454497557, 44.506454546461086], [-68.32937272744361, 44.50204545485053], [-68.30026363562482, 44.49354545487081], [-68.2978090912566, 44.50938181849598], [-68.26956363627755, 44.495100000294165], [-68.26719090876381, 44.4724545463879], [-68.29544545381253, 44.471872727312885], [-68.2700090915348, 44.45859090892356], [-68.3542363632151, 44.45855454613962], [-68.3733000000844, 44.42416363732161], [-68.39435454580207, 44.43649090990479], [-68.39236363654658, 44.41794545473878], [-68.42675454556543, 44.396527272796334], [-68.42274545498235, 44.49722727183371], [-68.43323636351467, 44.50175454467027], [-68.43731818150866, 44.48311818224067], [-68.50474545398187, 44.49440000019505], [-68.46858181826424, 44.48120000042581], [-68.45947272707741, 44.385154544657325], [-68.47998181746436, 44.38156363722964], [-68.48370000035307, 44.43360000054437], [-68.52905454480336, 44.39869090900134], [-68.56636363595479, 44.395363635633416], [-68.54530000041022, 44.35540000016566], [-68.5662000000772, 44.31300909084231], [-68.53092727301153, 44.29900909107952], [-68.5249181815806, 44.22783636400923], [-68.62622727140645, 44.28678181789867], [-68.69161818143002, 44.29819090879336], [-68.73721818266415, 44.33399090937934], [-68.79506363633362, 44.307863637003656], [-68.82522727214123, 44.31112727303333], [-68.8214727273511, 44.351127273528334], [-68.78736363546717, 44.37047272712711], [-68.81956363612849, 44.38189090914552], [-68.80808181799006, 44.4037454535899], [-68.82176363651938, 44.408945454059214], [-68.79891818243587, 44.45023636419156], [-68.78292727328386, 44.44770000028335], [-68.76981818179068, 44.5000727274057], [-68.79967272652665, 44.527418181879405], [-68.80330909160459, 44.561190908785136], [-68.80842727219922, 44.498209091246615], [-68.83797272627912, 44.48423636414303], [-68.81025454547412, 44.467781818974245], [-68.86049090923736, 44.44016363586149], [-68.85642727259413, 44.46840909067479], [-68.83950000028408, 44.476781817616434], [-68.85016363618033, 44.484036362917536], [-68.88342727273633, 44.463372727386094], [-68.8706090914014, 44.445054546197746], [-68.88008181919788, 44.4281818178802], [-68.89279999968473, 44.44341818113731], [-68.88397272703656, 44.46038181780811], [-68.89537272671441, 44.46893636405232], [-68.89649999908337, 44.45066363710655], [-68.92258181846456, 44.45762727329101], [-68.9439363626501, 44.42860909111666], [-68.99419091012369, 44.42473636337285], [-68.98387272696874, 44.385309091173966], [-68.94816363547709, 44.35588181808098], [-68.95446363596409, 44.32405454476798], [-68.97941818237119, 44.29522727268486], [-69.00472727199708, 44.2973272730124], [-69.04582727170633, 44.209318181136105], [-69.06417272668523, 44.210363637193474], [-69.0531454540068, 44.17268181789236], [-69.07358181855095, 44.18693636301653], [-69.09261818107721, 44.13419090856714], [-69.07585454513516, 44.13399090879162], [-69.07889090882922, 44.11809090942405], [-69.10839090989953, 44.109990908860475], [-69.10379999981083, 44.07808181781567], [-69.04345454611966, 44.091936364492646], [-69.07717272693976, 44.04310909065933], [-69.11416363649322, 44.03505454490914], [-69.12397272736943, 44.00592727242341], [-69.17810909119433, 44.00507272852991], [-69.16789999998782, 44.003127273047035], [-69.18157272860986, 43.9786909088716], [-69.18594545475237, 44.01171818167421], [-69.19307272660693, 44.00668181782708], [-69.20444545365213, 43.983290908980365], [-69.19053636255913, 43.97883636274126], [-69.21637272646569, 43.96089999985989], [-69.1914545446684, 43.958936363060666], [-69.21211818053226, 43.93183636432959], [-69.26109090892625, 43.91749090871043], [-69.27596363555399, 43.953281817935355], [-69.25383636361597, 43.9547636372705], [-69.26392727268785, 43.966545454231166], [-69.24904545434826, 43.98574545515272], [-69.23686363580045, 43.97754545518966], [-69.23118181749555, 43.99760000024366], [-69.21980909164046, 43.987699999569294], [-69.20200909144835, 44.011900000157205], [-69.22298181778856, 44.005263636342974], [-69.16380000026214, 44.069209090992146], [-69.18648181824852, 44.07361818184627], [-69.21794545330884, 44.0172909091084], [-69.24612727243539, 44.01993636315483], [-69.25859090986506, 43.98405454464094], [-69.27364545459895, 43.9787545452125], [-69.27774545464995, 43.99664545436387], [-69.28868181900364, 43.97615454533644], [-69.27535454556164, 43.97139090881928], [-69.30724545452365, 43.953654546186776], [-69.29859091000566, 43.98484545496759], [-69.3088545455628, 43.984736363757406], [-69.28981818146791, 43.996645454380115], [-69.2920363637596, 44.00551818201342], [-69.31148181861734, 43.988272726907994], [-69.31323636362728, 44.00121818210714], [-69.3262999994199, 43.97073636319427], [-69.34504545442394, 43.96903636425614], [-69.34993636309386, 43.98417272689323], [-69.36768181818914, 43.964981818394946], [-69.35232727332323, 44.012163636460585], [-69.38001818143823, 44.01300909099835], [-69.33758181741706, 44.049927273149855], [-69.37859999961701, 44.068527273095704], [-69.37759090871248, 44.09475454480375], [-69.39538181783533, 44.06330000035387], [-69.37543636312233, 44.062836364119704], [-69.37038181748287, 44.03499999974814], [-69.38840908988246, 44.02595454600204], [-69.38463636439349, 44.05530909074426], [-69.39626363696836, 44.032427273048526], [-69.40902727292371, 44.04450909122478], [-69.4117363643283, 44.01864545527339], [-69.39145454578157, 44.01733636375753], [-69.39257272773663, 44.00411818185283], [-69.42134545456283, 43.97972727286883], [-69.42026363699877, 43.99779090880445], [-69.43259090801143, 43.992118181764404], [-69.46006363563185, 43.94489090916726], [-69.45979090870453, 43.90286363571118], [-69.50294545350796, 43.83790000018864], [-69.51495454522569, 43.831409090747925], [-69.52544545496262, 43.87237272728727], [-69.50463636292551, 43.884118181967146], [-69.50613636343228, 43.89948181902756], [-69.53736363527807, 43.87818181820167], [-69.52907272722858, 43.911009090680096], [-69.54503636292299, 43.90692727237572], [-69.54307272825093, 43.92222727271158], [-69.56381818145749, 43.890072726952106], [-69.54558181936846, 43.88632727289734], [-69.55415454618712, 43.8644181816196], [-69.57860000057131, 43.86620000004547], [-69.57826363585231, 43.823545455411], [-69.59640000059379, 43.81307272682465], [-69.60602727209745, 43.82275454548268], [-69.58601818162188, 43.860554545459266], [-69.61359999992696, 43.853527273141424], [-69.62235454630188, 43.82703636302049], [-69.6253090906319, 43.848827272748245], [-69.64980909076588, 43.83649090885131], [-69.69503636259148, 43.888881818284865], [-69.71689091065856, 43.84934545497292], [-69.70720909167309, 43.82737272686918], [-69.7148727268685, 43.81026363706332], [-69.71929999983418, 43.8202363630775], [-69.7230909094678, 43.8191363639185], [-69.72104545346563, 43.78220000006349], [-69.7542545459134, 43.75297272707314], [-69.75322727160622, 43.773618181759126], [-69.7651727275589, 43.75244545507474], [-69.76787272865789, 43.76489090899051], [-69.78297272667469, 43.7558636359808], [-69.77829999937809, 43.74401818229975], [-69.83532727278539, 43.72112727288165], [-69.83450000071635, 43.70093636292257], [-69.85506363714225, 43.704772727511205], [-69.84820000040148, 43.74328181780583], [-69.86423636393532, 43.74306363733409], [-69.8761000000222, 43.79163636353712], [-69.84406363671691, 43.80448181790368], [-69.86652727163664, 43.808245454075696], [-69.84308181791106, 43.8399454546927], [-69.86615454600145, 43.82590000040101], [-69.87191818205629, 43.835136363731046], [-69.85264545458915, 43.88190909054175], [-69.86683636452489, 43.88633636379101], [-69.86927272726808, 43.86085454636509], [-69.87284545479943, 43.88009090854247], [-69.88105454486148, 43.85820909103737], [-69.89081818267843, 43.864109090809734], [-69.86886363734604, 43.91081818185266], [-69.93052727171954, 43.84113636402894], [-69.93000909011104, 43.86659090896159], [-69.9463545463311, 43.8537727266423], [-69.96042727187871, 43.798245454815145], [-69.95937272716051, 43.81337272664468], [-69.9720272718598, 43.79918181836721], [-69.97130000019118, 43.80920000036204], [-69.97493636383452, 43.809881817900234], [-69.9773090913264, 43.7874090909552], [-70.00804545423897, 43.76328181807769], [-70.00218181860276, 43.747336362592065], [-70.0255090910202, 43.73012727273277], [-70.01471818160346, 43.754318181666044], [-70.04375454586012, 43.73762727265013], [-70.03467272846355, 43.75654545375984], [-69.94599090827111, 43.86637272686797], [-70.02690909078213, 43.82275454540096], [-69.98191818210854, 43.8707181813156], [-70.02057272752106, 43.86455454527535], [-70.04033636338197, 43.831745455171195], [-70.07084545547978, 43.80844545403748], [-70.06115454551741, 43.82810000032688], [-70.10179999966218, 43.80959090864834], [-70.07591818160599, 43.846045453526386], [-70.09969090906877, 43.84232727204884], [-70.1055727272788, 43.82041818190364], [-70.1235090906895, 43.81513636391028], [-70.11310000035928, 43.80094545427469], [-70.14735454662684, 43.79822727292297], [-70.14064545326039, 43.78957272712728], [-70.17404545465631, 43.76136363608159], [-70.17165454565477, 43.777836363868936], [-70.19540000028738, 43.76944545395423], [-70.19532727272514, 43.73976363736711], [-70.22336363623762, 43.724218181809086], [-70.2174545457137, 43.705454546390136], [-70.24428181822394, 43.69296363738129], [-70.24054545455652, 43.71267272712683], [-70.25260909101284, 43.71468181824134], [-70.25668181758263, 43.686854546103405], [-70.24473636353233, 43.68809090885293], [-70.27742727291484, 43.670563635528296], [-70.24160000065567, 43.67014545494888], [-70.24604545541011, 43.656009091313734], [-70.28044545387526, 43.640518182017715], [-70.31109999963694, 43.658763635674106], [-70.29556363649864, 43.64104545489019], [-70.2648090914703, 43.63343636300159], [-70.2237181811461, 43.65219090947764], [-70.2067181814359, 43.623281818281264], [-70.21727272805816, 43.59686363573788], [-70.19635454550338, 43.56528181823586], [-70.24421818087725, 43.552081818041756], [-70.27095454557264, 43.56304545397586], [-70.31085454586666, 43.52751818239873], [-70.32681818083124, 43.55178181837187], [-70.36231818090863, 43.5281454539721], [-70.38513636365617, 43.48555454595443], [-70.35523636448795, 43.44848181797249], [-70.373745454735, 43.45295454477301], [-70.37491818112642, 43.44141818106542], [-70.34479090883883, 43.45105454549195], [-70.3337181824528, 43.44707272693414], [-70.3696090908014, 43.4349545453674], [-70.3952090908418, 43.39849090892336], [-70.42166363750361, 43.39589090997199], [-70.45135454477645, 43.34662727212436], [-70.52090909137999, 43.34348181808373], [-70.55605454459969, 43.319618181314084], [-70.59580000051854, 43.248172727212335], [-70.57632727232104, 43.22084545455295], [-70.59765454633602, 43.18634545504377], [-70.61462727317394, 43.192790909207694], [-70.59302727370749, 43.165463635863304], [-70.61856363600049, 43.16406363565851], [-70.66644545446945, 43.075263635938704], [-70.68817272711254, 43.06459999991071], [-70.69457272717365, 43.083063636022985], [-70.77910000034589, 43.09589090904343], [-70.828100000071, 43.12909090925346], [-70.83379999991294, 43.146881818395876], [-70.82499999929382, 43.17268181789938], [-70.82629090838951, 43.17704545514281], [-70.83540000011338, 43.14878181901488], [-70.8361454534401, 43.12653636405584], [-70.82787272686728, 43.11935454517066], [-70.8461636365076, 43.12789999973881], [-70.8446000003239, 43.14859090923222], [-70.85113636350965, 43.1591909090938], [-70.85987272779253, 43.16598181779463], [-70.85255454533093, 43.12972727266903], [-70.89830909047714, 43.139000000296576], [-70.91752727343204, 43.13151818203003], [-70.87046363585132, 43.121809090972334], [-70.86229999978637, 43.086390908648745], [-70.87027272642213, 43.08476363585937], [-70.8679727265749, 43.0890090908966], [-70.87885454648625, 43.09660909106077], [-70.88313636411172, 43.09850909029765], [-70.88659090846993, 43.09914545484824], [-70.88829090941934, 43.098890909128905], [-70.87846363675003, 43.0846272730858], [-70.91181818206958, 43.07378181809406], [-70.91515454502532, 43.052318182105644], [-70.87268181868767, 43.06069090909081], [-70.83686363631313, 43.04470000031611], [-70.84256363654664, 43.08213636413778], [-70.86159999991389, 43.07141818221816], [-70.85594545527807, 43.121627273099506], [-70.81299999983925, 43.116690909080035], [-70.7815545445405, 43.09518181769594], [-70.76749090926089, 43.092081817781015], [-70.7722545456467, 43.07152727213687], [-70.76215454536418, 43.084336363402095], [-70.73732727303393, 43.06177272739782], [-70.74261818150765, 43.054936364107206], [-70.7485545461019, 43.05579090866543], [-70.7621181823203, 43.05157272837922], [-70.76418181827779, 43.053890908725855], [-70.7687090906775, 43.051236363722104], [-70.7657181817724, 43.04899090906247], [-70.75065454586951, 43.04898181826021], [-70.73093636270713, 43.059109090894864], [-70.74089999990838, 43.04828181871606], [-70.71682727248705, 43.05525454596846], [-70.71140909105466, 43.042745454666196], [-70.7944818181301, 42.93977272765674], [-70.81066363674256, 42.896599999522074], [-70.81479999982824, 42.90980908974406], [-70.838181818322, 42.91652727254671], [-70.82380909120168, 42.904090908599386], [-70.84343636342828, 42.888290909138966], [-70.82957272704651, 42.88957272683876], [-70.83739999859581, 42.882172726752096], [-70.8339181816188, 42.876999999919285], [-70.82727272711612, 42.87551818168036], [-70.82539090859017, 42.87154545402938], [-70.82327272852471, 42.87133636418346], [-70.82661818170156, 42.87609090879281], [-70.83320908965398, 42.87865454492332], [-70.83328181781161, 42.88062727171218], [-70.81100000024344, 42.892372726607164], [-70.81137272697495, 42.8213545452346], [-70.86278181754125, 42.811263636970125], [-70.83552727250809, 42.7982818180216], [-70.80842727374895, 42.81570909076339], [-70.77097272688803, 42.70443636386527], [-70.78545454477789, 42.702054545233494], [-70.80936363687474, 42.745836363383646], [-70.80732727271688, 42.75823636319368], [-70.81038181735933, 42.7611909090532], [-70.82340000034594, 42.75106363740652], [-70.8147818175237, 42.71311818095718], [-70.83877272663536, 42.700690908754346], [-70.79787272669302, 42.70935454463283], [-70.72733636334512, 42.664772727118745], [-70.72979090987741, 42.66231818188675], [-70.7484363637724, 42.67262727273998], [-70.76796363636154, 42.67512727332232], [-70.76849999943035, 42.67841818208412], [-70.77218181759257, 42.67858181804566], [-70.76866363739191, 42.67477272776151], [-70.77907272696042, 42.67519999962518], [-70.78998181865929, 42.66784545483459], [-70.79129999932903, 42.66401818213809], [-70.7898272727663, 42.66242727274351], [-70.79278181829386, 42.66204545465348], [-70.79259090923671, 42.663481818136674], [-70.7943818191371, 42.66336363635758], [-70.79345454472234, 42.66034545475462], [-70.79088181776747, 42.65978181826989], [-70.79546363655261, 42.660063637159645], [-70.79584545372104, 42.65976363631348], [-70.79561818222855, 42.65906363594763], [-70.79057272708151, 42.65978181778905], [-70.79329090929741, 42.66055454491572], [-70.7941363634601, 42.66314545483515], [-70.79289090859471, 42.66185454576171], [-70.79047272688767, 42.661827273157], [-70.78858181803832, 42.66324545437983], [-70.78934545381391, 42.66791818161081], [-70.77536363597565, 42.67243636400565], [-70.76568181869135, 42.66807272724366], [-70.77866363751838, 42.663290909011714], [-70.77941818099065, 42.654590908540406], [-70.73274545438187, 42.64695454540896], [-70.71669090960113, 42.64730909097051], [-70.71924545433743, 42.66360909087453], [-70.68670909211178, 42.65220909098087], [-70.63012727363775, 42.69280909101691], [-70.62283636372719, 42.660754544601716], [-70.5954545462654, 42.66105454534341], [-70.59079090991833, 42.64040909060975], [-70.63494545522889, 42.61759090876923], [-70.66151818205417, 42.57994545365028], [-70.66468181845987, 42.5799090910812], [-70.672509090933, 42.58258181756819], [-70.65065454490114, 42.616845453952315], [-70.71014545480415, 42.57263636402749], [-70.73358181942149, 42.57891818235112], [-70.77811818086005, 42.55955454617896], [-70.7708272725909, 42.57327272792367], [-70.87909090907563, 42.53920000040041], [-70.91355454519115, 42.54768181788534], [-70.91391818223367, 42.55619090926501], [-70.92660909172562, 42.56038181780163], [-70.92590909069774, 42.563745454561214], [-70.92634545536703, 42.56680909157014], [-70.92661818147624, 42.567254544728534], [-70.92769090961333, 42.56770909085655], [-70.92785454479285, 42.56811818176961], [-70.92661818220998, 42.559654546280385], [-70.9172636369919, 42.5528181810406], [-70.91993636437354, 42.545872727368355], [-70.89476363645532, 42.53660909094914], [-70.89861818202243, 42.52471818189863], [-70.88710909088424, 42.53919999974693], [-70.88473636414231, 42.52670909135245], [-70.86948181728556, 42.536836364227575], [-70.8643545450308, 42.53365454543958], [-70.88958181768898, 42.519509090500975], [-70.88808181790625, 42.49805454475332], [-70.86223636330325, 42.52125454586684], [-70.84089090852369, 42.51833636373336], [-70.85481818227859, 42.49205454478689], [-70.83375454662968, 42.50592727273257], [-70.83039999986725, 42.502254544985675], [-70.8948272734628, 42.460636364265056], [-70.93319090942673, 42.45851818176752], [-70.93630000108891, 42.43684545377573], [-70.90170000060988, 42.420081817744], [-70.9087545451763, 42.41499090880183], [-70.93627272682288, 42.41648181775215], [-70.94441818233199, 42.459763636965945], [-70.97928181943843, 42.450745453904936], [-70.98516363761821, 42.4287454540706], [-70.95964545421515, 42.4408090909066], [-70.99018181774979, 42.4059363636245], [-70.9664909100699, 42.38867272667546], [-70.96891818218452, 42.36013636449125], [-70.95342727211967, 42.34389090918618], [-70.97491818189586, 42.35966363566494], [-70.97089999975252, 42.37146363639396], [-70.99785454580812, 42.37153636356577], [-70.99415454527227, 42.3826636368996], [-71.0194454539955, 42.377436363657544], [-70.98626363660338, 42.35977272679486], [-71.00478181873908, 42.347045454792124], [-71.04182727279861, 42.364399999598334], [-71.04214545450988, 42.38201818191568], [-71.02733636371529, 42.382681817965256], [-71.01965454629313, 42.38635454592262], [-71.0082272728334, 42.40173636398069], [-71.04389090946742, 42.38503636412326], [-71.07119090951781, 42.38964545370661], [-71.07311818158728, 42.41788181772215], [-71.0768636357671, 42.397354544704434], [-71.08473636444488, 42.40271818198223], [-71.08945454655738, 42.40100000016883], [-71.09469090907102, 42.405500000454715], [-71.09854545501982, 42.405463637458496], [-71.06980908996162, 42.385700000257344], [-71.04775454522013, 42.38300000045252], [-71.07057272645906, 42.368281817934516], [-71.02187272765069, 42.34447272676206], [-71.03869999984528, 42.34363636363581], [-71.04194545403949, 42.33951818175227], [-71.00961818161879, 42.33843636408446], [-71.0468363625191, 42.32800909087552], [-71.03264545440476, 42.31338181799053], [-71.05329090928001, 42.307590909859094], [-71.03738181766042, 42.28837272837212], [-71.04375454504084, 42.27719999992313], [-71.05010909112134, 42.278618182185156], [-71.05330909165983, 42.277745453775815], [-71.0554909094155, 42.27569999934185], [-71.0445818181119, 42.27452727344905], [-71.02616363579627, 42.28842727194144], [-71.03929090941524, 42.30108181810999], [-70.98753636323856, 42.30678181777289], [-71.02266363674754, 42.287654546076254], [-70.98599090873873, 42.26326363632614], [-70.95372727214897, 42.28019090877275], [-70.96247272656366, 42.24837272769067], [-70.99314545546473, 42.25888181814424], [-70.96600000046443, 42.24780909135726], [-70.9689090908064, 42.22290909109309], [-70.94990909041564, 42.23244545515852], [-70.96694545468128, 42.23960909065312], [-70.96385454559076, 42.24581818225023], [-70.92484545449877, 42.263336363708056], [-70.9377363642339, 42.247154544705126], [-70.8957454544804, 42.262718181960636], [-70.87985454530211, 42.246927272149335], [-70.88075454548543, 42.274090909896394], [-70.86567272723615, 42.25496363567638], [-70.85575454503936, 42.26849090883081], [-70.88927272650209, 42.27659090902693], [-70.87716363703484, 42.28016363718604], [-70.88544545410423, 42.30450909076678], [-70.92277272712029, 42.303554545578514], [-70.88231818124976, 42.31024545521712], [-70.85337272845445, 42.26929999990133], [-70.78892727258535, 42.253736362670466], [-70.79410909168276, 42.23971818183446], [-70.76315454598199, 42.25110909060444], [-70.75489090925552, 42.227909090633396], [-70.71494545510573, 42.20628181868733], [-70.72695454432811, 42.19990000018999], [-70.71370909082863, 42.20017272691162], [-70.7148181806872, 42.16779999947582], [-70.74261818172866, 42.16080909095314], [-70.72121818068953, 42.16432727287313], [-70.70305454465888, 42.14935454516192], [-70.70235454641586, 42.14350909130008], [-70.68789091018061, 42.1315000002922], [-70.70582727258231, 42.16262727324841], [-70.63933636407621, 42.08730909126445], [-70.6422545444318, 42.04993636409646], [-70.59972727235065, 42.00350000022039], [-70.63770000011233, 41.994663635764745], [-70.61429090922529, 42.01761818204803], [-70.64458181810447, 42.04949090917171], [-70.67001818171155, 42.04808181898452], [-70.66856363640342, 42.00975454521771], [-70.68667272675552, 42.01886363628825], [-70.71265454551981, 42.006009091006995], [-70.68003787581638, 41.978270519140985], [-70.77246253466267, 41.96329993909799], [-70.79653935434689, 41.92224841127476], [-70.80098833461604, 41.845629559542246], [-70.76909491470084, 41.80827361153659], [-70.78145261012854, 41.76205939136227], [-70.7128636363688, 41.708036364002524], [-70.7304272731582, 41.706590908822236], [-70.71572727283962, 41.676481818324255], [-70.74032727191936, 41.69274545384946], [-70.73052727343587, 41.690218181693815], [-70.75657272652667, 41.72287272821118], [-70.76111818266597, 41.72140908994237], [-70.744254545066, 41.67517272699524], [-70.76395454506661, 41.67648181805011], [-70.76497272665621, 41.64130000033446], [-70.80808181910137, 41.658300000130424], [-70.82938181835407, 41.652072727298034], [-70.80352727292737, 41.640109091394976], [-70.80993636251421, 41.62444545400901], [-70.81665454483016, 41.63492727165327], [-70.85400000001019, 41.62579999962566], [-70.86777272822549, 41.64122727338249], [-70.84163636371612, 41.59324545355711], [-70.85408181902554, 41.58199090927146], [-70.87071818199384, 41.625981817687716], [-70.90569090935013, 41.624554546538], [-70.91827272758658, 41.6514272729735], [-70.9119363630339, 41.66162727295367], [-70.91510909109212, 41.66033636326854], [-70.91248181838164, 41.67435454646461], [-70.91748181793064, 41.680818182133216], [-70.92379090895987, 41.6456636355576], [-70.8994272715655, 41.59295454561576], [-70.92913636396682, 41.613481817995286], [-70.93787272765226, 41.57727272687151], [-70.96203636270272, 41.60059090849571], [-70.92877272712103, 41.53956363631143], [-70.94740909050512, 41.5364454548677], [-70.9531363641039, 41.51470909139906], [-70.96929090897767, 41.53559090942808], [-70.9825363627169, 41.50897272697141], [-71.03585454460632, 41.49919999972], [-71.03757272742376, 41.48133636286839], [-71.04623636330834, 41.501381818368294], [-71.09042727306979, 41.50999090924024], [-71.04662727321072, 41.516718182172326], [-71.07226363631152, 41.57021818179397], [-71.06113636372797, 41.536736362920955], [-71.07058181869586, 41.51593636267417], [-71.12459090872746, 41.554390908713906], [-71.09716363718732, 41.51009090926173], [-71.0875181809899, 41.50715454516368], [-71.1951818180958, 41.454045454271906], [-71.18993636351526, 41.48397272699956], [-71.22108181830629, 41.559009090786326], [-71.20075454427395, 41.59356363623703], [-71.21265454456591, 41.639063635635594], [-71.19881248784912, 41.67952043978373], [-71.14015922118806, 41.72930991143212], [-71.10584553393255, 41.7947186302318], [-71.11841593225083, 41.81861954285287], [-71.1277363545252, 41.77158766520653], [-71.17195368077776, 41.71351898464061], [-71.1975339200213, 41.70454205514083], [-71.22754398040239, 41.71817505601729], [-71.22169094855035, 41.70673493626913], [-71.24254545491327, 41.698263636617035], [-71.24356363628496, 41.71648181827571], [-71.25518181913695, 41.71772727280886], [-71.26230909133282, 41.723909090788595], [-71.26167272747941, 41.72902727325913], [-71.26267272661669, 41.72940909051198], [-71.26444545461379, 41.72402727293373], [-71.2597545456904, 41.71624545447738], [-71.24458181941606, 41.7009909094455], [-71.2371000002093, 41.66753636410025], [-71.26131818228878, 41.642245455425176], [-71.28653636334978, 41.68227272711882], [-71.3003363636789, 41.6493818180027], [-71.30671818198202, 41.672754545939604], [-71.28502727147121, 41.716745454194964], [-71.28899090934645, 41.73829090923623], [-71.2860909094197, 41.73980909107751], [-71.2797545452797, 41.73343636425441], [-71.2766909093867, 41.732281817802004], [-71.27408181936707, 41.73365454544372], [-71.28094545342321, 41.7580999998784], [-71.29209999990942, 41.7340727283588], [-71.30006363572188, 41.743072726473535], [-71.31714545462759, 41.75001818228294], [-71.30247272687949, 41.76319090888686], [-71.31773636423883, 41.758927272314], [-71.30653636392691, 41.7684181817124], [-71.32399090937851, 41.777954546128406], [-71.3212454545378, 41.752236364230484], [-71.2881363625252, 41.72835454630036], [-71.30210909111481, 41.705927272938396], [-71.30873636276425, 41.72192727281653], [-71.33918181783827, 41.725018181878724], [-71.35293636329851, 41.745699999715235], [-71.35072727258903, 41.75530909124527], [-71.35391818247855, 41.7561181819266], [-71.35240909010885, 41.757663636166875], [-71.35390000044265, 41.760627272824685], [-71.35590000002011, 41.76230909070727], [-71.35939999979725, 41.745472726744275], [-71.37085454456268, 41.788190908619846], [-71.39433636328918, 41.811390909407734], [-71.38728181795771, 41.816199999866676], [-71.36864545464908, 41.837318181957954], [-71.36830909008935, 41.85265454583128], [-71.37500909138646, 41.85743636394662], [-71.37922727299409, 41.8677363640792], [-71.38458181900648, 41.872636362791184], [-71.37963636349262, 41.82887272696997], [-71.39930909088028, 41.81458181838064], [-71.40804545475328, 41.82386363556058], [-71.37906363653148, 41.787172727271034], [-71.39168181826193, 41.7827909090662], [-71.39074545524876, 41.745527272851646], [-71.37575454669567, 41.74404545483507], [-71.39363636234442, 41.73322727318687], [-71.35441818083041, 41.7177090908993], [-71.37111818197701, 41.71566363632302], [-71.375100000273, 41.71218181816789], [-71.36287272817609, 41.691436362609636], [-71.37866363577398, 41.66653636362018], [-71.39084545481028, 41.67232727337534], [-71.38297272753223, 41.699636362772736], [-71.3957636365185, 41.683627272267906], [-71.41764545428958, 41.70248181844024], [-71.40309090860318, 41.685309090832796], [-71.45329090939622, 41.696545454997846], [-71.44089090856609, 41.6739545448176], [-71.45559999981361, 41.64774545379934], [-71.44028181764328, 41.66713636391532], [-71.40806363640903, 41.66309090886185], [-71.40965454557403, 41.65691818232086], [-71.42369999963411, 41.65557272653825], [-71.42835454567668, 41.65179090863233], [-71.4336818178756, 41.65109090870254], [-71.44285454476316, 41.64539090912427], [-71.40739090917923, 41.65210909100352], [-71.4037363644875, 41.62545454586113], [-71.41977272643277, 41.621163635924844], [-71.40271818138848, 41.600472726983185], [-71.40781818042107, 41.58595454621239], [-71.4384090906718, 41.57677272655463], [-71.44993636346592, 41.59494545380753], [-71.45809999958243, 41.582700000100346], [-71.44497272680731, 41.57289090910381], [-71.45611818233598, 41.570927272765765], [-71.45102727317013, 41.57021818177089], [-71.45799090949635, 41.56600000030674], [-71.45793636413453, 41.56249090914059], [-71.43888181893564, 41.57131818199015], [-71.41509999929686, 41.529972727876334], [-71.4175181804016, 41.47808181815662], [-71.43199090896873, 41.445481817805494], [-71.45587272748055, 41.432781817905756], [-71.45286363632567, 41.40949091007729], [-71.48125454506331, 41.36011818174159], [-71.5513818186691, 41.3741818178301], [-71.85862727291571, 41.303254545639966], [-71.88631818139832, 41.30635454623313], [-71.85482727309466, 41.315336363019135], [-71.88130909111077, 41.346363635807904], [-71.90522727240315, 41.327109091237816], [-71.91369090897624, 41.348681818284916], [-71.92099090853701, 41.327854546032505], [-71.96148181805249, 41.34021818241518], [-71.96982727328688, 41.32092727296343], [-71.97229090984303, 41.34143636267537], [-71.959709091064, 41.340272727389454], [-71.95830909062414, 41.34359999977194], [-71.96892727342825, 41.354754545905536], [-71.98971818274656, 41.31573636374494], [-72.0048636374492, 41.330645454885136], [-72.00501818173863, 41.30619999995082], [-72.02135454564622, 41.33341818165736], [-72.02987272731144, 41.312127272931924], [-72.05437272785987, 41.31590909118123], [-72.03626363707114, 41.322227272975226], [-72.03260909064622, 41.33395454502259], [-72.03794545533444, 41.34660000020869], [-72.04415454502305, 41.322309091336976], [-72.05995454499033, 41.33848181777608], [-72.05542727327851, 41.31752727265406], [-72.08771818245627, 41.32325454519512], [-72.11304545364017, 41.29881818221272], [-72.14402727167666, 41.30272727151924], [-72.14719090882463, 41.32569999957693], [-72.16311818188613, 41.31160000025503], [-72.16034545484395, 41.306372727919666], [-72.16531818114211, 41.30439999942487], [-72.18685454620407, 41.324127273033106], [-72.2056272732053, 41.285418181636324], [-72.21880909111918, 41.30844545529596], [-72.26164545468532, 41.28238181773068], [-72.27161818171281, 41.284636362798445], [-72.29907272674924, 41.27894545427028], [-72.30603636442348, 41.27992727328895], [-72.31298181799329, 41.27789090932272], [-72.32609999836806, 41.278400000294724], [-72.31228181881191, 41.28960909102682], [-72.3506727274084, 41.31033636349931], [-72.35661818259253, 41.29041818210409], [-72.36442727325692, 41.2971545446922], [-72.3689090908527, 41.292472727315904], [-72.3429818186528, 41.26835454588246], [-72.38843636346532, 41.2606727268021], [-72.39924545519719, 41.27824545511088], [-72.45131818250556, 41.27900909124529], [-72.50914545445883, 41.25612727338031], [-72.51980909059797, 41.27058181771651], [-72.54600909070075, 41.26289090845868], [-72.54499999957604, 41.2733090910596], [-72.54818181861773, 41.26162727278461], [-72.54428181911321, 41.25958181837352], [-72.5241545446576, 41.26636363558711], [-72.54450000032583, 41.2485000000337], [-72.5781363642144, 41.271172727421586], [-72.61687272760663, 41.27216363614902], [-72.66546363533814, 41.2705181822472], [-72.704381817706, 41.24328181919724], [-72.70551818138239, 41.25972727271875], [-72.73450909081463, 41.25436363615215], [-72.75799090950942, 41.27171818222664], [-72.8126454535203, 41.249390908927644], [-72.82886363547883, 41.26390909111569], [-72.83600000026321, 41.24854545551925], [-72.84168181784283, 41.259145453529335], [-72.89580000011037, 41.242045454004675], [-72.90998181737031, 41.298700000113875], [-72.93910909116669, 41.28192727196642], [-72.92039090901885, 41.2679090906069], [-73.01389999993818, 41.205090908958454], [-73.03818181761063, 41.20177272649379], [-73.04841818225574, 41.210290909276885], [-73.04280909090856, 41.20941818156948], [-73.03487272783799, 41.221172726795245], [-73.03493636467475, 41.22433636287618], [-73.04723636280096, 41.210927272566344], [-73.05535454516549, 41.2221090906248], [-73.05751818171694, 41.21340000017207], [-73.04960909113872, 41.211527271593795], [-73.04937272661073, 41.21121818209663], [-73.04944545460188, 41.209699999597625], [-73.11172727156134, 41.17112727294426], [-73.10290909141114, 41.151654545028656], [-73.13023636263087, 41.147136364325895], [-73.17195454606552, 41.15900909070585], [-73.16689999949251, 41.16445454584525], [-73.15851818135324, 41.15700909101021], [-73.14275454546951, 41.151799999911916], [-73.13432727276606, 41.15596363572725], [-73.18893636428356, 41.186118182428125], [-73.17743636269508, 41.16656363600442], [-73.21668181828467, 41.14173636324973], [-73.20067272690979, 41.166718181923706], [-73.21742727150979, 41.15895454484066], [-73.26225454449474, 41.1173090908952], [-73.28679090845499, 41.12800909119853], [-73.32989091032294, 41.109427272339865], [-73.34019090947169, 41.122699999709035], [-73.3529636358061, 41.10140000039489], [-73.37204545548305, 41.10830000013946], [-73.36621818218484, 41.122327272893806], [-73.36919999999911, 41.12306363606232], [-73.38324545408913, 41.10569090864351], [-73.3657636357006, 41.09752727289942], [-73.38501818186225, 41.10149999964145], [-73.3956090911549, 41.08223636448241], [-73.41531818225282, 41.09886363676548], [-73.41550000051251, 41.08083636413804], [-73.40832727274397, 41.08426363604486], [-73.40909999937432, 41.07984545444254], [-73.40704545489235, 41.07564545378178], [-73.40731818225595, 41.0714818177442], [-73.42165454490218, 41.08127272673316], [-73.44077272757544, 41.06482727295317], [-73.43329090971658, 41.05539090879504], [-73.44766363572988, 41.07303636320107], [-73.44720000006701, 41.05777272669989], [-73.47632727349563, 41.05593636430753], [-73.47784545530826, 41.03603636371735], [-73.48403636381232, 41.04694545539514], [-73.47376363609064, 41.065999999975666], [-73.48768181795573, 41.04110000005866], [-73.50722727255321, 41.06093636379837], [-73.5017272727382, 41.05007272678567]]], [[[-65.00456680088593, 44.85089096284391], [-65.13039756844353, 44.8362087800394], [-65.22179863606586, 44.84892064211136], [-65.27067457829227, 44.81565988662246], [-65.3712649816557, 44.796040722632874], [-65.52610672322893, 44.727152506315555], [-65.5906501956766, 44.6843256027317], [-65.5874682699249, 44.651826924443796], [-65.62093391401915, 44.62101471579524], [-65.6649438665673, 44.62253456462462], [-65.8395587704879, 44.56333696058137], [-65.8667658182586, 44.5867679131493], [-65.94410497842689, 44.57525509128459], [-66.0487874525424, 44.50858825795537], [-66.20376990218926, 44.37321710737307], [-66.20061535513545, 44.41630592763252], [-65.95371451498285, 44.609482350153826], [-65.79284541035184, 44.689483183794636], [-65.76616601410936, 44.67177582333195], [-65.76022374136673, 44.61141979042364], [-65.69322880995055, 44.614356848555296], [-65.57446782878874, 44.704841326283585], [-65.46370808459332, 44.76359029066756], [-65.68745451801205, 44.69631188092439], [-65.73306415002958, 44.666561541807816], [-65.75952761270742, 44.679233195381435], [-65.74691243575217, 44.71012885796987], [-65.0, 45.07784146011501], [-65.00456680088593, 44.85089096284391]]]]}}, {"type": "Feature", "properties": {"code": "8.1", "name": "MIXED WOOD PLAINS"}, "geometry": {"type": "MultiPolygon", "coordinates": [[[[-87.99997837253059, 45.17180049040179], [-87.94778177144408, 45.15852988970114], [-87.94948418310568, 45.1124718889727], [-87.98795762829295, 45.08411802636049], [-87.97596240704135, 45.07323044580936], [-87.84133889450601, 45.13877319823958], [-87.79517016159382, 45.18016468780006], [-87.74869017997152, 45.18432361996885], [-87.77606762920121, 45.149244312887525], [-87.75893475453141, 45.138517863260866], [-87.78007802754362, 45.099265985836006], [-87.77192049166023, 45.074841164205324], [-87.79704614544006, 45.070780389741614], [-87.80626637884987, 45.01996930414279], [-87.9551192083167, 44.85336515928837], [-87.96312678469907, 44.79353317166649], [-87.95120893065842, 44.78043223291477], [-87.9230670367884, 44.7849558504435], [-87.98666363643144, 44.71662727341911], [-87.9785130514514, 44.650385871265414], [-87.9907363644874, 44.68223636421804], [-88.0, 44.66453018168499], [-87.99997837253059, 45.17180049040179]]], [[[-87.99608155895052, 44.60986238533102], [-87.98083177259119, 44.59636060480023], [-87.97823170730676, 44.588113709287825], [-87.98183744319824, 44.5843604138298], [-87.99608155895052, 44.60986238533102]]]]}}, {"type": "Feature", "properties": {"code": "8.1", "name": "MIXED WOOD PLAINS"}, "geometry": {"type": "Polygon", "coordinates": [[[-66.39098852489592, 44.233459398548824], [-66.37687857266481, 44.26135219428921], [-66.3288923285155, 44.28106509948452], [-66.21751308251936, 44.403517358781926], [-66.21569635893809, 44.37446398343615], [-66.32394881193605, 44.25242416888933], [-66.39098852489592, 44.233459398548824]]]}}, {"type": "Feature", "properties": {"code": "8.1", "name": "MIXED WOOD PLAINS"}, "geometry": {"type": "Polygon", "coordinates": [[[-66.90480221354836, 44.59528130528919], [-66.91493039122676, 44.61718740345228], [-66.82427194126107, 44.78225519096466], [-66.78374543305627, 44.800272877626], [-66.75011087231691, 44.779031426983686], [-66.74597421317172, 44.68373213294223], [-66.90480221354836, 44.59528130528919]]]}}, {"type": "Feature", "properties": {"code": "8.1", "name": "MIXED WOOD PLAINS"}, "geometry": {"type": "Polygon", "coordinates": [[[-66.93576411090633, 44.82830527476632], [-66.97105487754425, 44.84204827204876], [-66.97848633309802, 44.86853417532532], [-66.9465800075539, 44.92811450430509], [-66.90774670793704, 44.95458214926116], [-66.89348423652683, 44.911521394796], [-66.9364827481163, 44.86433962968028], [-66.92309295076568, 44.840264373031324], [-66.93576411090633, 44.82830527476632]]]}}, {"type": "Feature", "properties": {"code": "8.1", "name": "MIXED WOOD PLAINS"}, "geometry": {"type": "Polygon", "coordinates": [[[-66.99084457544426, 44.92449169164561], [-67.02440665483178, 44.97473083421168], [-66.94500110295418, 45.026169824137995], [-66.95395108802745, 44.974670036923655], [-66.99084457544426, 44.92449169164561]]]}}, {"type": "Feature", "properties": {"code": "8.1", "name": "MIXED WOOD PLAINS"}, "geometry": {"type": "Polygon", "coordinates": [[[-67.26801035998308, 44.61465535153754], [-67.30690432756826, 44.598728976588625], [-67.32453527059297, 44.61217983683178], [-67.30498142159763, 44.62424959378569], [-67.26801035998308, 44.61465535153754]]]}}, {"type": "Feature", "properties": {"code": "8.1", "name": "MIXED WOOD PLAINS"}, "geometry": {"type": "Polygon", "coordinates": [[[-67.49113636409356, 44.55950000030175], [-67.50604545478876, 44.55361818162436], [-67.51796363658597, 44.56037272700373], [-67.5098999995554, 44.5655999996406], [-67.49113636409356, 44.55950000030175]]]}}, {"type": "Feature", "properties": {"code": "8.1", "name": "MIXED WOOD PLAINS"}, "geometry": {"type": "Polygon", "coordinates": [[[-67.50908181831541, 44.592781818426836], [-67.48981818099226, 44.58618181833829], [-67.48603636329392, 44.58162727220076], [-67.51250909129975, 44.5846272729264], [-67.51581818086173, 44.56574545480508], [-67.53296363778773, 44.564399999792926], [-67.54037272720407, 44.59023636321202], [-67.53301818203572, 44.579809090751894], [-67.50908181831541, 44.592781818426836]]]}}, {"type": "Feature", "properties": {"code": "8.1", "name": "MIXED WOOD PLAINS"}, "geometry": {"type": "Polygon", "coordinates": [[[-67.52432727269348, 44.51114545503654], [-67.51485454525135, 44.4912909094692], [-67.563600000333, 44.50991818244901], [-67.54704545563854, 44.51545454602898], [-67.52432727269348, 44.51114545503654]]]}}, {"type": "Feature", "properties": {"code": "8.1", "name": "MIXED WOOD PLAINS"}, "geometry": {"type": "Polygon", "coordinates": [[[-67.52512727270508, 44.55998181796261], [-67.51087272850069, 44.55682727332111], [-67.50988181849308, 44.553872726978895], [-67.52512727270508, 44.55998181796261]]]}}, {"type": "Feature", "properties": {"code": "8.1", "name": "MIXED WOOD PLAINS"}, "geometry": {"type": "Polygon", "coordinates": [[[-67.58357272746134, 44.513663635836345], [-67.59330000015352, 44.49374545387603], [-67.57707272662343, 44.48784545466091], [-67.59460909109717, 44.487027272770206], [-67.56238181846402, 44.47173636305159], [-67.58753636396484, 44.447081818147595], [-67.60683636385946, 44.486518181817836], [-67.58357272746134, 44.513663635836345]]]}}, {"type": "Feature", "properties": {"code": "8.1", "name": "MIXED WOOD PLAINS"}, "geometry": {"type": "Polygon", "coordinates": [[[-67.62080000011949, 44.51881818194956], [-67.60158181796463, 44.50798181790554], [-67.62049999997991, 44.503845455113066], [-67.62080000011949, 44.51881818194956]]]}}, {"type": "Feature", "properties": {"code": "8.1", "name": "MIXED WOOD PLAINS"}, "geometry": {"type": "Polygon", "coordinates": [[[-67.79628790570813, 44.48955693138665], [-67.81041718098146, 44.487401579289305], [-67.82216586857253, 44.51122091312597], [-67.81319394758016, 44.51159857831735], [-67.79628790570813, 44.48955693138665]]]}}, {"type": "Feature", "properties": {"code": "8.1", "name": "MIXED WOOD PLAINS"}, "geometry": {"type": "Polygon", "coordinates": [[[-67.8271171158796, 44.520837891125154], [-67.83907191399052, 44.53371266217515], [-67.83064925041805, 44.539114350310996], [-67.8271171158796, 44.520837891125154]]]}}, {"type": "Feature", "properties": {"code": "8.1", "name": "MIXED WOOD PLAINS"}, "geometry": {"type": "Polygon", "coordinates": [[[-67.87367872359209, 44.45602891852712], [-67.85372877325227, 44.42485086435615], [-67.87729523629106, 44.43098118010008], [-67.87367872359209, 44.45602891852712]]]}}, {"type": "Feature", "properties": {"code": "8.1", "name": "MIXED WOOD PLAINS"}, "geometry": {"type": "Polygon", "coordinates": [[[-68.12586363697527, 44.38718181800531], [-68.14034545504495, 44.37738181804419], [-68.14862727301846, 44.38557272668137], [-68.13250909008502, 44.40449999959616], [-68.12586363697527, 44.38718181800531]]]}}, {"type": "Feature", "properties": {"code": "8.1", "name": "MIXED WOOD PLAINS"}, "geometry": {"type": "Polygon", "coordinates": [[[-68.23679091019817, 44.26596363641356], [-68.21298181902586, 44.255227273017674], [-68.24038181866756, 44.2517545448525], [-68.23679091019817, 44.26596363641356]]]}}, {"type": "Feature", "properties": {"code": "8.1", "name": "MIXED WOOD PLAINS"}, "geometry": {"type": "Polygon", "coordinates": [[[-68.24570909163741, 44.27373636408739], [-68.26340000021797, 44.27049090949926], [-68.27042727266291, 44.27319090935157], [-68.24570909163741, 44.27373636408739]]]}}, {"type": "Feature", "properties": {"code": "8.1", "name": "MIXED WOOD PLAINS"}, "geometry": {"type": "Polygon", "coordinates": [[[-68.25270000034327, 44.434654546105264], [-68.25022727166487, 44.413490909302816], [-68.19740909057857, 44.38705454590328], [-68.1736090902833, 44.3284000001448], [-68.18975454530613, 44.306881818226465], [-68.20205454537057, 44.322363636246585], [-68.20284545385134, 44.30173636248504], [-68.23108181785787, 44.28849090929103], [-68.28212727324807, 44.30220909063499], [-68.28003636405414, 44.28659090868373], [-68.29468181860156, 44.28715454532114], [-68.30526363711454, 44.35977272706042], [-68.32248181846765, 44.35734545489357], [-68.33060909146629, 44.377290908994965], [-68.30720909107784, 44.3123272732069], [-68.3283272718356, 44.29146363686268], [-68.31042727282588, 44.27637272741221], [-68.32529090872559, 44.27106363572019], [-68.29920909099071, 44.26711818190309], [-68.29089999957561, 44.24680909066111], [-68.33787272847702, 44.2218272728577], [-68.34819090844331, 44.23374545489583], [-68.3397999993824, 44.25049999997198], [-68.34359090850923, 44.25648181874349], [-68.34206363750997, 44.258100000235984], [-68.34661818128012, 44.26674545382403], [-68.36494545474093, 44.22650909104057], [-68.37686363708735, 44.25525454649712], [-68.3895999995722, 44.2451636357445], [-68.39193636281698, 44.26140909104684], [-68.4023454539349, 44.2518545459903], [-68.42006363588361, 44.27427272712405], [-68.39924545503675, 44.28396363573762], [-68.43094545451095, 44.29862727313517], [-68.40124545478861, 44.34094545438745], [-68.42148181756043, 44.33765454559245], [-68.38976363706941, 44.35779090854956], [-68.39802727272831, 44.37620909061266], [-68.34864545531522, 44.40329090929588], [-68.36559999964526, 44.42449090965915], [-68.32714545434959, 44.42492727335111], [-68.31879091000714, 44.445527271654505], [-68.25270000034327, 44.434654546105264]]]}}, {"type": "Feature", "properties": {"code": "8.1", "name": "MIXED WOOD PLAINS"}, "geometry": {"type": "Polygon", "coordinates": [[[-68.25339091032355, 44.154700000567416], [-68.24663636395907, 44.15275454596228], [-68.2464363640894, 44.141209091016584], [-68.25339091032355, 44.154700000567416]]]}}, {"type": "Feature", "properties": {"code": "8.1", "name": "MIXED WOOD PLAINS"}, "geometry": {"type": "Polygon", "coordinates": [[[-68.25418181827835, 44.255845455110105], [-68.2614454535489, 44.24658181797098], [-68.24003636288572, 44.2399909088177], [-68.2751636372365, 44.2372363629321], [-68.27431818139385, 44.259172727062], [-68.25418181827835, 44.255845455110105]]]}}, {"type": "Feature", "properties": {"code": "8.1", "name": "MIXED WOOD PLAINS"}, "geometry": {"type": "Polygon", "coordinates": [[[-68.30362727328487, 44.27726363693683], [-68.29267272710422, 44.27781818072248], [-68.29124545480575, 44.275963635665555], [-68.30362727328487, 44.27726363693683]]]}}, {"type": "Feature", "properties": {"code": "8.1", "name": "MIXED WOOD PLAINS"}, "geometry": {"type": "Polygon", "coordinates": [[[-68.33570909020791, 44.20669090861123], [-68.31486363710123, 44.19715454464884], [-68.3365909089994, 44.19831818095036], [-68.33570909020791, 44.20669090861123]]]}}, {"type": "Feature", "properties": {"code": "8.1", "name": "MIXED WOOD PLAINS"}, "geometry": {"type": "Polygon", "coordinates": [[[-68.3460272724864, 44.12662727209395], [-68.33103636306156, 44.10758181799191], [-68.36783636296084, 44.097572726839715], [-68.37582727298914, 44.11595454571033], [-68.3460272724864, 44.12662727209395]]]}}, {"type": "Feature", "properties": {"code": "8.1", "name": "MIXED WOOD PLAINS"}, "geometry": {"type": "Polygon", "coordinates": [[[-68.41878181838253, 44.187227273051306], [-68.38385454618309, 44.155845453659055], [-68.40588181844828, 44.133972726895394], [-68.43330909064709, 44.13077272691644], [-68.44385454481471, 44.157409090625755], [-68.45163636389685, 44.13459091002428], [-68.45796363755693, 44.16054545469116], [-68.48513636406373, 44.142127272752894], [-68.5033090912724, 44.15049090904261], [-68.48833636355276, 44.16938181770611], [-68.47429090964755, 44.1608636368715], [-68.4665818183664, 44.183763635898295], [-68.44763636418318, 44.177654544809], [-68.45649999972306, 44.1655272719449], [-68.4532272725024, 44.15867272689477], [-68.41878181838253, 44.187227273051306]]]}}, {"type": "Feature", "properties": {"code": "8.1", "name": "MIXED WOOD PLAINS"}, "geometry": {"type": "Polygon", "coordinates": [[[-68.43291818200419, 44.37139090969099], [-68.4155454545584, 44.35670909081941], [-68.44088181753892, 44.321745454070914], [-68.45688181891475, 44.34488181806657], [-68.43291818200419, 44.37139090969099]]]}}, {"type": "Feature", "properties": {"code": "8.1", "name": "MIXED WOOD PLAINS"}, "geometry": {"type": "Polygon", "coordinates": [[[-68.46646990020378, 44.27052718607452], [-68.48754935930418, 44.268329961974594], [-68.49253126809143, 44.284756290407614], [-68.46646990020378, 44.27052718607452]]]}}, {"type": "Feature", "properties": {"code": "8.1", "name": "MIXED WOOD PLAINS"}, "geometry": {"type": "Polygon", "coordinates": [[[-68.47196303371923, 44.22086667309783], [-68.48145368800733, 44.230476098444804], [-68.46743124844734, 44.22951091826278], [-68.47196303371923, 44.22086667309783]]]}}, {"type": "Feature", "properties": {"code": "8.1", "name": "MIXED WOOD PLAINS"}, "geometry": {"type": "Polygon", "coordinates": [[[-68.48398665092435, 44.317090076074685], [-68.53114265603752, 44.33184951991692], [-68.51030753464714, 44.38647666342174], [-68.48566516136903, 44.34900427505907], [-68.48398665092435, 44.317090076074685]]]}}, {"type": "Feature", "properties": {"code": "8.1", "name": "MIXED WOOD PLAINS"}, "geometry": {"type": "Polygon", "coordinates": [[[-68.48996801068536, 44.201342756607424], [-68.48667976682226, 44.21408788100344], [-68.47520547846256, 44.213588109365], [-68.47335925835729, 44.20583268431777], [-68.48996801068536, 44.201342756607424]]]}}, {"type": "Feature", "properties": {"code": "8.1", "name": "MIXED WOOD PLAINS"}, "geometry": {"type": "Polygon", "coordinates": [[[-68.57842829985928, 44.22626110556927], [-68.58731629175986, 44.233123889615534], [-68.5739499638931, 44.2285270589775], [-68.57842829985928, 44.22626110556927]]]}}, {"type": "Feature", "properties": {"code": "8.1", "name": "MIXED WOOD PLAINS"}, "geometry": {"type": "Polygon", "coordinates": [[[-68.6028636375118, 44.086645453852086], [-68.61089090839639, 44.013054546049], [-68.61923636237387, 44.02361818216615], [-68.65480909042586, 44.006590908770605], [-68.65638181892005, 44.0325454549968], [-68.63982727336037, 44.04621818219904], [-68.66138181764038, 44.047690909131305], [-68.6520545448566, 44.06460909002148], [-68.62659090896358, 44.08949999989439], [-68.6028636375118, 44.086645453852086]]]}}, {"type": "Feature", "properties": {"code": "8.1", "name": "MIXED WOOD PLAINS"}, "geometry": {"type": "Polygon", "coordinates": [[[-68.63459429831468, 44.100198838099175], [-68.64986785426608, 44.10160657012235], [-68.65746649691397, 44.110285182029244], [-68.64344412007523, 44.111158682751736], [-68.63459429831468, 44.100198838099175]]]}}, {"type": "Feature", "properties": {"code": "8.1", "name": "MIXED WOOD PLAINS"}, "geometry": {"type": "Polygon", "coordinates": [[[-68.63596753272748, 44.08106784013512], [-68.65831327127493, 44.06882642647668], [-68.67036732456488, 44.07569305930218], [-68.63596753272748, 44.08106784013512]]]}}, {"type": "Feature", "properties": {"code": "8.1", "name": "MIXED WOOD PLAINS"}, "geometry": {"type": "Polygon", "coordinates": [[[-68.67483636433137, 44.14680000022336], [-68.66855454433116, 44.137718182107896], [-68.68233636288699, 44.13856363606081], [-68.67483636433137, 44.14680000022336]]]}}, {"type": "Feature", "properties": {"code": "8.1", "name": "MIXED WOOD PLAINS"}, "geometry": {"type": "Polygon", "coordinates": [[[-68.72591818134552, 44.20403636321364], [-68.7253727265506, 44.19794545364849], [-68.73166363705086, 44.202609091198106], [-68.72591818134552, 44.20403636321364]]]}}, {"type": "Feature", "properties": {"code": "8.1", "name": "MIXED WOOD PLAINS"}, "geometry": {"type": "Polygon", "coordinates": [[[-68.72820908955448, 44.30494545522941], [-68.61016363651032, 44.24464545487301], [-68.60547272746066, 44.2289090908819], [-68.62208181792826, 44.23734545488148], [-68.64706363664695, 44.215718181998], [-68.58435454490474, 44.21485454594665], [-68.56435454591524, 44.192172727288785], [-68.6001363636904, 44.19209999945498], [-68.58698181791766, 44.1952363636359], [-68.59992727310573, 44.21114545412467], [-68.62964545374875, 44.21149999953414], [-68.62769090905175, 44.199818181459456], [-68.65470000027851, 44.20755454630007], [-68.65037272813989, 44.218345455110324], [-68.67523636443862, 44.21590909115675], [-68.66802727259964, 44.20371818150426], [-68.65769090871063, 44.21190000026413], [-68.66579999888829, 44.20127272792264], [-68.65134545447857, 44.18309090879101], [-68.62942727206573, 44.17994545431652], [-68.64648181806201, 44.18852727258606], [-68.63916363660513, 44.19735454596657], [-68.61411818048175, 44.18169090887221], [-68.62994545368676, 44.1695909090478], [-68.65249090873037, 44.17723636434426], [-68.6407545446804, 44.15964545499005], [-68.67944545340328, 44.147627273057495], [-68.7088545455608, 44.157245455141535], [-68.69246363634844, 44.16440909098731], [-68.70720909178827, 44.166690908797], [-68.69596363739002, 44.18279090888574], [-68.72032727304762, 44.16820000044659], [-68.7106909100178, 44.209681817549885], [-68.73298181816877, 44.22101818220987], [-68.7051363634522, 44.23402727289436], [-68.67946363652165, 44.22459999967927], [-68.6983272716598, 44.24165454457559], [-68.67653636339477, 44.27269090887212], [-68.72517272751087, 44.28194545405464], [-68.74370909077446, 44.29723636297326], [-68.72820908955448, 44.30494545522941]]]}}, {"type": "Feature", "properties": {"code": "8.1", "name": "MIXED WOOD PLAINS"}, "geometry": {"type": "Polygon", "coordinates": [[[-68.7345214414464, 44.268597772778904], [-68.7517787223066, 44.261792295043655], [-68.75940788256132, 44.27046707499433], [-68.7345214414464, 44.268597772778904]]]}}, {"type": "Feature", "properties": {"code": "8.1", "name": "MIXED WOOD PLAINS"}, "geometry": {"type": "Polygon", "coordinates": [[[-68.76266569403369, 44.25087447931053], [-68.74738433954614, 44.24173048512432], [-68.76525195088315, 44.240853137137115], [-68.76266569403369, 44.25087447931053]]]}}, {"type": "Feature", "properties": {"code": "8.1", "name": "MIXED WOOD PLAINS"}, "geometry": {"type": "Polygon", "coordinates": [[[-68.77430757798639, 44.20258359714367], [-68.78638467878953, 44.2135433997154], [-68.76660217929928, 44.2176098754033], [-68.77430757798639, 44.20258359714367]]]}}, {"type": "Feature", "properties": {"code": "8.1", "name": "MIXED WOOD PLAINS"}, "geometry": {"type": "Polygon", "coordinates": [[[-68.79592125955614, 44.22312988586081], [-68.79779053070531, 44.23771367606435], [-68.77995337484757, 44.2299391745098], [-68.78060945458142, 44.2253805521674], [-68.79592125955614, 44.22312988586081]]]}}, {"type": "Feature", "properties": {"code": "8.1", "name": "MIXED WOOD PLAINS"}, "geometry": {"type": "Polygon", "coordinates": [[[-68.81886996242764, 44.22817685394189], [-68.83288486556037, 44.23229300078197], [-68.8226542021215, 44.244130141581586], [-68.81564292585338, 44.24138732113292], [-68.81886996242764, 44.22817685394189]]]}}, {"type": "Feature", "properties": {"code": "8.1", "name": "MIXED WOOD PLAINS"}, "geometry": {"type": "Polygon", "coordinates": [[[-68.82179090884576, 44.18274545419022], [-68.80705454610846, 44.15848181809362], [-68.81851818187835, 44.14526363652681], [-68.8632999998314, 44.14669999982315], [-68.85962727265213, 44.12618181785499], [-68.89100909125612, 44.12879090884089], [-68.87180909084213, 44.14456363648986], [-68.88701818132353, 44.14619090867682], [-68.94326363666778, 44.10984545500947], [-68.91729090924947, 44.148236364482656], [-68.88778181760165, 44.14875454518122], [-68.86019999941998, 44.160645455150956], [-68.88894545357694, 44.15914545475948], [-68.84537272748895, 44.18493636434798], [-68.82179090884576, 44.18274545419022]]]}}, {"type": "Feature", "properties": {"code": "8.1", "name": "MIXED WOOD PLAINS"}, "geometry": {"type": "Polygon", "coordinates": [[[-68.8371818180457, 44.04027272722687], [-68.83270909046487, 44.033618181163355], [-68.83819090849467, 44.03657272678589], [-68.8371818180457, 44.04027272722687]]]}}, {"type": "Feature", "properties": {"code": "8.1", "name": "MIXED WOOD PLAINS"}, "geometry": {"type": "Polygon", "coordinates": [[[-68.8424545451744, 44.12999090929082], [-68.83993636333174, 44.115700000029186], [-68.80413636402633, 44.112336363910046], [-68.840527271894, 44.08441818061206], [-68.80042727270046, 44.07654545512962], [-68.78716363613081, 44.094699999616246], [-68.77629090963039, 44.06423636417697], [-68.81844545535175, 44.032045454519235], [-68.82645454600971, 44.047363636628944], [-68.84820909117643, 44.03897272723662], [-68.87511818131942, 44.05357272684898], [-68.88185454491685, 44.07059090857789], [-68.86740909158816, 44.05800909112226], [-68.86002727354538, 44.06915454505096], [-68.88529999930626, 44.07880000001899], [-68.88049090904448, 44.10095454562256], [-68.88637272802535, 44.08806363562032], [-68.90645454569055, 44.089254546071395], [-68.8975636373309, 44.098563636232974], [-68.89670000066528, 44.11605454495222], [-68.90111818149788, 44.10179090898146], [-68.9076272733305, 44.09447272738251], [-68.91263636324459, 44.09634545401328], [-68.90790000005309, 44.11448181796803], [-68.88786363642417, 44.125418181143466], [-68.86448181819063, 44.11902727264451], [-68.88889090866736, 44.111436363761555], [-68.86571818215619, 44.11419999963403], [-68.85519090931972, 44.09440000015859], [-68.8424545451744, 44.12999090929082]]]}}, {"type": "Feature", "properties": {"code": "8.1", "name": "MIXED WOOD PLAINS"}, "geometry": {"type": "Polygon", "coordinates": [[[-68.86388015318502, 44.04550390258524], [-68.86328486158473, 44.026826892193014], [-68.87343178960455, 44.042780194915395], [-68.86388015318502, 44.04550390258524]]]}}, {"type": "Feature", "properties": {"code": "8.1", "name": "MIXED WOOD PLAINS"}, "geometry": {"type": "Polygon", "coordinates": [[[-68.87672727238562, 43.835454545977726], [-68.8867181810937, 43.82219090900845], [-68.8991363636033, 43.82169999956249], [-68.8909818190183, 43.83619090894453], [-68.87672727238562, 43.835454545977726]]]}}, {"type": "Feature", "properties": {"code": "8.1", "name": "MIXED WOOD PLAINS"}, "geometry": {"type": "Polygon", "coordinates": [[[-68.88097272769447, 44.39309999997303], [-68.86052727145652, 44.364790909166146], [-68.87594545389048, 44.35382727249828], [-68.86418181918444, 44.35484545530971], [-68.89271818311654, 44.3430909089619], [-68.90217272789688, 44.30755454641352], [-68.887463635504, 44.3030909098045], [-68.9135272721989, 44.244972727219356], [-68.93042727236718, 44.23107272700629], [-68.91472727368172, 44.28082727275433], [-68.9434727274738, 44.282154545173576], [-68.9047454541481, 44.31121818208935], [-68.9014545457437, 44.32537272692537], [-68.91939090960337, 44.33075454494633], [-68.9041818178352, 44.34901818218603], [-68.91163636283197, 44.36502727323415], [-68.88097272769447, 44.39309999997303]]]}}, {"type": "Feature", "properties": {"code": "8.1", "name": "MIXED WOOD PLAINS"}, "geometry": {"type": "Polygon", "coordinates": [[[-68.88869762838445, 44.03914859225879], [-68.89380137733292, 44.02913107517236], [-68.89570112139414, 44.035967108014034], [-68.88869762838445, 44.03914859225879]]]}}, {"type": "Feature", "properties": {"code": "8.1", "name": "MIXED WOOD PLAINS"}, "geometry": {"type": "Polygon", "coordinates": [[[-68.88911818155853, 43.87470908959821], [-68.88404545495845, 43.85642727240136], [-68.90815454446789, 43.84950909129331], [-68.90261818202711, 43.86885454453318], [-68.88911818155853, 43.87470908959821]]]}}, {"type": "Feature", "properties": {"code": "8.1", "name": "MIXED WOOD PLAINS"}, "geometry": {"type": "Polygon", "coordinates": [[[-68.89817359810203, 44.082438382579355], [-68.89819629155642, 44.06831618379542], [-68.90771767313744, 44.08335776131503], [-68.89817359810203, 44.082438382579355]]]}}, {"type": "Feature", "properties": {"code": "8.1", "name": "MIXED WOOD PLAINS"}, "geometry": {"type": "Polygon", "coordinates": [[[-68.94824545381174, 44.277745454009946], [-68.93831818049216, 44.266354545081455], [-68.94700000074944, 44.26919090878073], [-68.94824545381174, 44.277745454009946]]]}}, {"type": "Feature", "properties": {"code": "8.1", "name": "MIXED WOOD PLAINS"}, "geometry": {"type": "Polygon", "coordinates": [[[-68.9491999996292, 44.26768181778086], [-68.9359272722438, 44.25698181786054], [-68.95570909067975, 44.24380909084462], [-68.96570908997587, 44.258490909286785], [-68.9491999996292, 44.26768181778086]]]}}, {"type": "Feature", "properties": {"code": "8.1", "name": "MIXED WOOD PLAINS"}, "geometry": {"type": "Polygon", "coordinates": [[[-69.05482727271186, 44.00008181757496], [-69.05416363566258, 43.99380909133448], [-69.06223636346468, 43.99974545384899], [-69.05482727271186, 44.00008181757496]]]}}, {"type": "Feature", "properties": {"code": "8.1", "name": "MIXED WOOD PLAINS"}, "geometry": {"type": "Polygon", "coordinates": [[[-69.11577272831597, 43.994381818248776], [-69.11732727339198, 43.99146363570096], [-69.11820909082152, 43.99325454519359], [-69.11577272831597, 43.994381818248776]]]}}, {"type": "Feature", "properties": {"code": "8.1", "name": "MIXED WOOD PLAINS"}, "geometry": {"type": "Polygon", "coordinates": [[[-69.125118181286, 43.996381817649855], [-69.1215181811861, 44.00060909091103], [-69.10972727262882, 43.99819090891489], [-69.125118181286, 43.996381817649855]]]}}, {"type": "Feature", "properties": {"code": "8.1", "name": "MIXED WOOD PLAINS"}, "geometry": {"type": "Polygon", "coordinates": [[[-69.13249090884536, 43.976281818390554], [-69.1241636366523, 43.980754544722025], [-69.12361818182858, 43.97830909065236], [-69.13249090884536, 43.976281818390554]]]}}, {"type": "Feature", "properties": {"code": "8.1", "name": "MIXED WOOD PLAINS"}, "geometry": {"type": "Polygon", "coordinates": [[[-69.13322590849711, 43.866493873938225], [-69.1294723242503, 43.892914686066526], [-69.11995877460384, 43.89747710906022], [-69.1211794766923, 43.870148391613505], [-69.13322590849711, 43.866493873938225]]]}}, {"type": "Feature", "properties": {"code": "8.1", "name": "MIXED WOOD PLAINS"}, "geometry": {"type": "Polygon", "coordinates": [[[-69.13747272719293, 43.99583636288978], [-69.14587272652486, 43.98648181780154], [-69.14894545349493, 43.985754544902896], [-69.14889090874199, 43.997172727197665], [-69.13747272719293, 43.99583636288978]]]}}, {"type": "Feature", "properties": {"code": "8.1", "name": "MIXED WOOD PLAINS"}, "geometry": {"type": "Polygon", "coordinates": [[[-69.21838993907733, 43.915116323619465], [-69.22666753272561, 43.92284495160463], [-69.21587992371701, 43.92377575613215], [-69.21838993907733, 43.915116323619465]]]}}, {"type": "Feature", "properties": {"code": "8.1", "name": "MIXED WOOD PLAINS"}, "geometry": {"type": "Polygon", "coordinates": [[[-69.26794175861525, 43.922768694879736], [-69.28252915823595, 43.91909134194651], [-69.27050520031351, 43.929593253849085], [-69.26794175861525, 43.922768694879736]]]}}, {"type": "Feature", "properties": {"code": "8.1", "name": "MIXED WOOD PLAINS"}, "geometry": {"type": "Polygon", "coordinates": [[[-69.29309090971203, 43.953563635758236], [-69.30898181948582, 43.94281818179881], [-69.31987272764654, 43.944436364014244], [-69.30936363693766, 43.95365454556322], [-69.29309090971203, 43.953563635758236]]]}}, {"type": "Feature", "properties": {"code": "8.1", "name": "MIXED WOOD PLAINS"}, "geometry": {"type": "Polygon", "coordinates": [[[-69.29338569566308, 43.934102349251994], [-69.30355565264747, 43.93544517415704], [-69.29404941858628, 43.94002281805905], [-69.29338569566308, 43.934102349251994]]]}}, {"type": "Feature", "properties": {"code": "8.1", "name": "MIXED WOOD PLAINS"}, "geometry": {"type": "Polygon", "coordinates": [[[-69.29565957320824, 43.87260886450673], [-69.28609999373244, 43.861698717618566], [-69.30070264102191, 43.86576523857617], [-69.29565957320824, 43.87260886450673]]]}}, {"type": "Feature", "properties": {"code": "8.1", "name": "MIXED WOOD PLAINS"}, "geometry": {"type": "Polygon", "coordinates": [[[-69.30163636425401, 43.773490909278465], [-69.31432727233496, 43.75670909119838], [-69.32280909055225, 43.75615454527028], [-69.31546363677357, 43.77161818153725], [-69.30163636425401, 43.773490909278465]]]}}, {"type": "Feature", "properties": {"code": "8.1", "name": "MIXED WOOD PLAINS"}, "geometry": {"type": "Polygon", "coordinates": [[[-69.30853013380386, 43.913571504393026], [-69.31744122995626, 43.91810343697229], [-69.30727890233182, 43.9158488972553], [-69.30853013380386, 43.913571504393026]]]}}, {"type": "Feature", "properties": {"code": "8.1", "name": "MIXED WOOD PLAINS"}, "geometry": {"type": "Polygon", "coordinates": [[[-69.31226863057535, 43.8967103849231], [-69.32241573038479, 43.894860261161014], [-69.32308707089149, 43.90215022394995], [-69.31226863057535, 43.8967103849231]]]}}, {"type": "Feature", "properties": {"code": "8.1", "name": "MIXED WOOD PLAINS"}, "geometry": {"type": "Polygon", "coordinates": [[[-69.31272661749821, 43.85799463698742], [-69.32542954608954, 43.861153248571796], [-69.30963660667597, 43.876217622816064], [-69.31272661749821, 43.85799463698742]]]}}, {"type": "Feature", "properties": {"code": "8.1", "name": "MIXED WOOD PLAINS"}, "geometry": {"type": "Polygon", "coordinates": [[[-69.37821818187628, 44.02734545511943], [-69.37882727327204, 44.02764545547635], [-69.37850909137863, 44.027618180815345], [-69.37821818187628, 44.02734545511943]]]}}, {"type": "Feature", "properties": {"code": "8.1", "name": "MIXED WOOD PLAINS"}, "geometry": {"type": "Polygon", "coordinates": [[[-69.38120000017224, 44.006099999900925], [-69.3793181817526, 43.987027271802596], [-69.39215454558291, 43.97010909126171], [-69.39555454483391, 43.996681817568216], [-69.38120000017224, 44.006099999900925]]]}}, {"type": "Feature", "properties": {"code": "8.1", "name": "MIXED WOOD PLAINS"}, "geometry": {"type": "Polygon", "coordinates": [[[-69.4301272714576, 43.95095454612912], [-69.422181818169, 43.9173090908868], [-69.44040909084893, 43.90944545521537], [-69.43854545369041, 43.938100000065184], [-69.4301272714576, 43.95095454612912]]]}}, {"type": "Feature", "properties": {"code": "8.1", "name": "MIXED WOOD PLAINS"}, "geometry": {"type": "Polygon", "coordinates": [[[-69.55152727321394, 43.89346363643396], [-69.54498181719732, 43.89035454523752], [-69.54915454544995, 43.887790909071526], [-69.55152727321394, 43.89346363643396]]]}}, {"type": "Feature", "properties": {"code": "8.1", "name": "MIXED WOOD PLAINS"}, "geometry": {"type": "Polygon", "coordinates": [[[-69.56569090895455, 43.855872726608105], [-69.54540000027289, 43.8585909089809], [-69.55582727314142, 43.83286363722386], [-69.5533181819623, 43.85365454554077], [-69.56464545369305, 43.842645454575006], [-69.56569090895455, 43.855872726608105]]]}}, {"type": "Feature", "properties": {"code": "8.1", "name": "MIXED WOOD PLAINS"}, "geometry": {"type": "Polygon", "coordinates": [[[-69.56685454643029, 43.829718182448325], [-69.56249090836349, 43.82676363620354], [-69.56486363727475, 43.82351818225837], [-69.56685454643029, 43.829718182448325]]]}}, {"type": "Feature", "properties": {"code": "8.1", "name": "MIXED WOOD PLAINS"}, "geometry": {"type": "Polygon", "coordinates": [[[-69.63620909072276, 43.809300000015675], [-69.62499090930963, 43.80706363681607], [-69.63501818223901, 43.80358181838625], [-69.63620909072276, 43.809300000015675]]]}}, {"type": "Feature", "properties": {"code": "8.1", "name": "MIXED WOOD PLAINS"}, "geometry": {"type": "Polygon", "coordinates": [[[-69.65003636420715, 43.8235727283105], [-69.64858181944274, 43.82345454571843], [-69.64630909046302, 43.822400000154474], [-69.64697272718972, 43.81909090941243], [-69.65003636420715, 43.8235727283105]]]}}, {"type": "Feature", "properties": {"code": "8.1", "name": "MIXED WOOD PLAINS"}, "geometry": {"type": "Polygon", "coordinates": [[[-69.66768181823566, 43.85019090920527], [-69.64899090888257, 43.83164545506419], [-69.654945455033, 43.78613636403421], [-69.69030909038986, 43.822481818242714], [-69.68538181791054, 43.837645454555904], [-69.66840000021378, 43.82950909120341], [-69.66768181823566, 43.85019090920527]]]}}, {"type": "Feature", "properties": {"code": "8.1", "name": "MIXED WOOD PLAINS"}, "geometry": {"type": "Polygon", "coordinates": [[[-69.68547272700258, 43.81632727268106], [-69.68203636426304, 43.8110636360845], [-69.68484545536269, 43.80926363643133], [-69.68547272700258, 43.81632727268106]]]}}, {"type": "Feature", "properties": {"code": "8.1", "name": "MIXED WOOD PLAINS"}, "geometry": {"type": "Polygon", "coordinates": [[[-69.68610909019033, 43.86172727352405], [-69.67706363636098, 43.860345454274324], [-69.68029090902237, 43.85602727341889], [-69.68610909019033, 43.86172727352405]]]}}, {"type": "Feature", "properties": {"code": "8.1", "name": "MIXED WOOD PLAINS"}, "geometry": {"type": "Polygon", "coordinates": [[[-69.71390909006695, 43.84836363569285], [-69.70553636434452, 43.837500000364074], [-69.70929090891674, 43.83585454510632], [-69.71390909006695, 43.84836363569285]]]}}, {"type": "Feature", "properties": {"code": "8.1", "name": "MIXED WOOD PLAINS"}, "geometry": {"type": "Polygon", "coordinates": [[[-69.7180454547676, 43.78234545380273], [-69.7191545466664, 43.78384545489998], [-69.7174181811438, 43.78299999960061], [-69.7180454547676, 43.78234545380273]]]}}, {"type": "Feature", "properties": {"code": "8.1", "name": "MIXED WOOD PLAINS"}, "geometry": {"type": "Polygon", "coordinates": [[[-69.81471915966594, 47.538336140699094], [-69.7918460421043, 47.568917597790836], [-69.76925704007442, 47.55684142274919], [-69.79750286151216, 47.50572852884747], [-69.78921593907423, 47.494247703772714], [-69.82912328146443, 47.465829021439895], [-69.86772943430968, 47.46435384848573], [-69.9444499567155, 47.40576165680697], [-69.95065310137875, 47.36546678576059], [-69.98329749455606, 47.33699810064337], [-69.98173779483237, 47.3207082913747], [-70.01648892389768, 47.31975063073299], [-70.06114055898374, 47.291867011357716], [-70.17523300498404, 47.179171014543556], [-70.16265958361785, 47.171238710283276], [-70.17336987687432, 47.1511997522309], [-70.25106808855718, 47.09611730890867], [-70.24265502275354, 47.08099744101249], [-70.30194299514199, 47.039061595574836], [-70.34943375466047, 47.029231353303004], [-70.38135656119746, 46.98920058003717], [-70.47166449482424, 46.97253375873943], [-70.57658243647623, 46.90449663732259], [-70.587471662366, 46.87780500333277], [-70.72224502604432, 46.807223911479575], [-70.74485210203149, 46.776489066297636], [-70.80726672396801, 46.742844318589064], [-70.84750052324486, 46.57322780700562], [-70.90232038508239, 46.559075993950756], [-70.93010186091682, 46.520949089438865], [-71.07558508217357, 46.45725471103684], [-71.05447450536361, 46.42880641998056], [-71.1335084255442, 46.403157038141465], [-71.28849690572373, 46.42255422476827], [-71.44457000792764, 46.363852202664276], [-71.59889535561994, 46.28345701781926], [-71.74881731418584, 46.17771735675915], [-71.86960584177766, 46.05837911271444], [-71.98699703271251, 45.86295416344598], [-72.10596644976341, 45.833397615293705], [-72.25600667693234, 45.75458465249946], [-72.32175430606134, 45.66621473017348], [-72.31954758795104, 45.56352779969031], [-72.48275398551752, 45.38297582263723], [-72.54920706962373, 45.28285861834614], [-72.68148703885953, 45.23242641906287], [-72.72296109601986, 45.1749397961503], [-72.80169491881183, 45.140145683624375], [-72.87522796111169, 45.07717286879916], [-72.90819565038365, 45.0225820452862], [-72.93272062750586, 45.01511786155081], [-72.90265351307136, 45.01568130098613], [-72.9451308158518, 44.98327114589719], [-72.97320786746144, 44.915223279977695], [-73.0561197030781, 44.804459401734405], [-73.08375585139015, 44.703181578439995], [-73.0810567774129, 44.64847520449341], [-73.13152315350514, 44.56096120415649], [-73.12343959927045, 44.511904973327816], [-73.0909683270913, 44.50765180535741], [-73.06609929356256, 44.53172469993931], [-73.02621472518666, 44.52709858940136], [-73.01402104361824, 44.45901653709045], [-73.03248223609981, 44.43567469613754], [-73.11907471041656, 44.43282507228113], [-73.13750238466812, 44.40587150623956], [-73.12416765156075, 44.36518933992202], [-73.04825764279062, 44.27975675370182], [-73.03900436027759, 44.2122420439534], [-73.05052638650577, 44.172811309974435], [-73.06294560322631, 44.174067191338665], [-73.08319277117803, 44.25667893297231], [-73.09586152543886, 44.239924922038504], [-73.07322176422919, 44.09611628197185], [-73.09050767019107, 44.04996278677529], [-73.09162529900186, 43.935286602814585], [-73.06366187527765, 43.914654336745734], [-73.05479972159954, 43.808123583162065], [-73.10006851097367, 43.76886534440018], [-73.17325365973898, 43.81379856455999], [-73.2049037710194, 43.776341444166476], [-73.25942056219208, 43.80311039603271], [-73.302214601561, 43.784446050902815], [-73.30025384396048, 43.7278086727693], [-73.24746931346874, 43.71462776386431], [-73.29265827527553, 43.658223264748564], [-73.2951108827388, 43.60636245316758], [-73.34380240664947, 43.55268710071537], [-73.33936469174463, 43.45715249731698], [-73.36894513726027, 43.422842905172956], [-73.37094680218043, 43.38051493474586], [-73.52351629120517, 43.149456249933], [-73.51216871151047, 43.09784530470288], [-73.58331043019457, 42.9289456553001], [-73.5678439235666, 42.90414195962676], [-73.58582724896662, 42.860334659199076], [-73.63164317346077, 42.839184485343665], [-73.6659920318168, 42.779761314130184], [-73.66501299721095, 42.70333712830798], [-73.69350783647432, 42.65698839473601], [-73.70199325256887, 42.60544769461161], [-73.66623860562733, 42.505381290719974], [-73.56400468063006, 42.4592146827127], [-73.53713642163397, 42.40533696089211], [-73.62448285832713, 42.314270660108555], [-73.634507831393, 42.248504200542776], [-73.68973823020224, 42.22128425699042], [-73.6678832226151, 42.19563907228712], [-73.72451048987138, 42.16671080190628], [-73.73899273806057, 42.10202291342546], [-73.78342336632933, 42.07087330532226], [-73.79634673668315, 41.97715133229642], [-73.78124913906109, 41.93832159047685], [-73.79484012320543, 41.88431783080949], [-73.75729529348011, 41.85038102275894], [-73.80725771945043, 41.75487522917067], [-73.78445405102894, 41.6477534907343], [-73.7543037045704, 41.61472204357721], [-73.72302234956443, 41.61163100100092], [-73.67928721295002, 41.700789827880094], [-73.6610994853611, 41.71533071104962], [-73.64392631118946, 41.70619268715076], [-73.6773357425455, 41.654601855212974], [-73.66294715870148, 41.615923996037985], [-73.68376108207353, 41.583991787377116], [-73.79074426028563, 41.51270787101505], [-73.79454937659247, 41.52667785898872], [-73.85422362949582, 41.51600326022594], [-73.8617359511212, 41.53986200601851], [-73.89688203313038, 41.512045839442294], [-73.9119362200053, 41.52433764791835], [-73.95534176047073, 41.49798408110715], [-73.98469791717315, 41.44679315873195], [-74.09287171686131, 41.39458017817523], [-74.09597010695714, 41.423146675820675], [-74.06993395921808, 41.44156937534901], [-74.05240911997741, 41.483657309958446], [-74.07292371900823, 41.599447603384256], [-74.03311868340012, 41.76150786381059], [-74.06334505701663, 41.84630290767383], [-74.04955122359505, 41.94702612978761], [-74.18885244859058, 41.839218934059204], [-74.26491533713212, 41.82550383939697], [-74.3679712357696, 41.761661853183874], [-74.44058867541013, 41.662243818434334], [-74.55802308362651, 41.677935498794476], [-74.72147551618662, 41.617213828041876], [-74.73163221597572, 41.66057031829334], [-74.7547899836614, 41.678876695220374], [-74.79701733131752, 41.67354740420676], [-74.84530268836978, 41.690680922765445], [-74.9682072070394, 41.65784025732586], [-74.99361307622927, 41.722489804132714], [-75.04802468961597, 41.75771681146633], [-75.049863636296, 41.71330909096193], [-75.08161368364847, 41.697347541344094], [-75.08465072503523, 41.64095054363447], [-75.11171468157595, 41.5808566578674], [-75.18827895873969, 41.52976481132367], [-75.23100381813995, 41.5549259537721], [-75.23409146905762, 41.505189147629174], [-75.31913771354792, 41.50117770065649], [-75.29417716029312, 41.49236486836744], [-75.30685430335349, 41.47404051418761], [-75.27708684850155, 41.479921162126494], [-75.24478850745498, 41.44734668092052], [-75.31071414030419, 41.3766699415163], [-75.39098798416974, 41.33431427221086], [-75.45802650499759, 41.34583231656083], [-75.52297593425561, 41.304010293912825], [-75.58179227033445, 41.29427394067211], [-75.59117478507862, 41.31761147493225], [-75.53028469777554, 41.39784648538746], [-75.48774984674444, 41.42505323517462], [-75.45799620163697, 41.53049267899612], [-75.42178591118095, 41.593264118179086], [-75.41321513285658, 41.68879993151565], [-75.45836463367648, 41.72767504133429], [-75.55323002944536, 41.57304806395789], [-75.62138423116039, 41.500960239986625], [-75.75362647050508, 41.445129344047274], [-75.78486943425854, 41.37797590113017], [-75.89577575596196, 41.32918186854517], [-76.03638562691197, 41.2346364891626], [-76.12598957182723, 41.193918164053265], [-76.22046307341952, 41.26063571089851], [-76.37790200557974, 41.231885636514775], [-76.44256971175302, 41.2685180811293], [-76.27852730456404, 41.32268334701557], [-76.26386120020986, 41.30891528303058], [-76.19472217262816, 41.33450294652266], [-76.17155965700432, 41.32868174354335], [-76.12156623336618, 41.35533336761962], [-76.09396647836849, 41.40489899493973], [-76.00482555941727, 41.42441914715343], [-75.97676341168413, 41.46761868376016], [-75.94332640475973, 41.470689512252804], [-75.94124483631855, 41.500076659523266], [-75.95584933092485, 41.512799844161655], [-76.13073627644636, 41.49389187631967], [-76.18303478599647, 41.523373065777676], [-76.23471303437735, 41.50081772219203], [-76.31572163336564, 41.52127512205075], [-76.42886304752585, 41.49162003713316], [-76.69531175145805, 41.512498979381846], [-76.77806660731915, 41.532618911798565], [-76.72718596164529, 41.55955789884183], [-76.5186193917511, 41.58955209405177], [-76.37277943924077, 41.6605240066771], [-76.52306872918217, 41.68552539807821], [-76.69668690525424, 41.65804986360624], [-76.89099699893822, 41.57439490644704], [-77.08346132648352, 41.51465465397265], [-77.15638650464294, 41.51707932295287], [-77.19903107820227, 41.55315818336483], [-77.33879440818093, 41.50736847141889], [-77.28394680768804, 41.564258392733166], [-77.18547106265466, 41.58475013535872], [-77.03982579625071, 41.58700846841234], [-76.96288700206532, 41.6160572191276], [-76.87265963246982, 41.680121656006676], [-76.83239204972013, 41.7360170419506], [-76.82956174719003, 41.76381147300205], [-76.84994026807256, 41.780747400855006], [-77.08302192370806, 41.71401958427745], [-77.18668347644898, 41.71427214226762], [-77.38179818021494, 41.63681432246198], [-77.42807986554892, 41.63872839931063], [-77.44361270807764, 41.69554485258989], [-77.38366270132079, 41.74904892365581], [-77.20162127540345, 41.82032685864336], [-77.16032302500882, 41.80471394917986], [-77.1043090995432, 41.83793405701546], [-77.0160176871938, 41.857357279783855], [-76.96542895860657, 41.91852284182747], [-77.11884377885023, 41.91349202988894], [-77.1609673630917, 41.88798971078583], [-77.23779913342307, 41.88231132430836], [-77.39487482952282, 41.82922760608785], [-77.46649285241577, 41.8387847457157], [-77.60702881510534, 41.80920240398893], [-77.6433567346002, 41.81945325675813], [-77.63758106614218, 41.85170547199012], [-77.60097390051475, 41.87680300223011], [-77.3474438515232, 41.965673590628114], [-77.35776027005416, 41.985116090093705], [-77.43472663440818, 41.994259322538745], [-77.59335781167064, 41.94694267315859], [-77.62509892320423, 41.95715439297148], [-77.63407324329626, 41.94000878794089], [-77.710761152327, 41.933893123268405], [-77.76506287084375, 41.833326460136114], [-77.79206300021845, 41.853755565893366], [-77.84840063893499, 41.83097883801612], [-77.93575488777212, 41.879822164574584], [-78.01254639290521, 41.96288353328377], [-78.04298261652187, 41.970393735364055], [-77.97962893569081, 42.02158167893175], [-78.03532563756866, 42.04372035778194], [-78.06921319647121, 42.03852947699817], [-78.0834477276202, 42.065186128147346], [-78.20841178184807, 42.156609444254975], [-78.3051022649359, 42.18466858289636], [-78.31256881998932, 42.24475582517967], [-78.36225790148838, 42.24719664395732], [-78.45389230321999, 42.31625583396984], [-78.5304197833213, 42.288558564048664], [-78.69275015721273, 42.27618705601454], [-78.77396996714633, 42.29444891481968], [-78.84653045770264, 42.26011607024516], [-78.8683746363339, 42.181667590216776], [-78.88793565374039, 42.16949814937671], [-78.8855687850331, 42.116352599122116], [-78.91949406455021, 42.125681833888414], [-78.96550069294193, 42.100509157541694], [-79.04701873611465, 42.096366455570234], [-79.0742063406492, 42.000231141082196], [-79.11529550146622, 41.98318231631615], [-79.10477269544836, 41.94807095418356], [-79.1153428428282, 41.93058218988752], [-79.18393815671259, 41.911588739628606], [-79.24925560880477, 41.9507494266165], [-79.26933869138442, 41.930064283337266], [-79.26332325616701, 41.91144693662087], [-79.31472267817247, 41.9127966900493], [-79.33731155476131, 41.93109159126098], [-79.41703987568988, 41.88619964374677], [-79.44292258061672, 41.912912648536235], [-79.46700201464633, 41.904774634719104], [-79.46353638790853, 41.892883900615224], [-79.50434638518897, 41.887883125186285], [-79.5079881103998, 41.86257896948891], [-79.54941501938426, 41.83922454330399], [-79.53579654754263, 41.816664942958134], [-79.58528084633517, 41.77092832236495], [-79.63226686652, 41.66147563906762], [-79.675421166205, 41.629700987273395], [-79.6887564449975, 41.56343127415401], [-79.73828439745017, 41.576321015310796], [-79.7680888325464, 41.50684557578951], [-79.77545122557231, 41.57000318047972], [-79.8467383700792, 41.56762645569749], [-79.88537333881783, 41.45691688699187], [-79.90539018677467, 41.473718685261886], [-79.89822429967025, 41.42519004703435], [-79.99602535835868, 41.45490409998858], [-79.94293158452876, 41.409480768862075], [-79.88105884201111, 41.40398023384279], [-79.82708995640827, 41.373759301394486], [-79.8505861428803, 41.34247042712991], [-79.8920378443454, 41.36433293219613], [-79.8951268104949, 41.35333445432621], [-79.98705102222259, 41.355684869057505], [-79.97545571774674, 41.299637041588795], [-79.98678896553996, 41.26812385260959], [-79.96449576998738, 41.21910629344834], [-79.98049155800209, 41.12320618516903], [-80.05027863755123, 41.07453495966128], [-80.0426442839351, 41.03057739827758], [-80.06451199669924, 41.010825323707664], [-80.15425760877558, 41.00473908375478], [-80.16142060320698, 40.994495758103476], [-80.13680920703354, 40.96929374570268], [-80.31435015796531, 40.90144481771408], [-80.3792019632639, 40.82538064603971], [-80.4289058506208, 40.7977921842953], [-80.50481976270524, 40.78686504953369], [-80.61720456819616, 40.79812188023895], [-80.70329293085088, 40.7660119043833], [-80.92434161034923, 40.73438214389625], [-80.99745497757448, 40.740948028946434], [-81.12742510725788, 40.79314576060866], [-81.24216819552755, 40.7903449098812], [-81.39183669893815, 40.74254403714031], [-81.44580971355184, 40.70561902095607], [-81.66198195745278, 40.63849288411448], [-81.74600993752047, 40.602417848151944], [-81.80960316504004, 40.553243394793135], [-81.900306130591, 40.532189077718115], [-81.97905035766239, 40.531304875720785], [-82.04071175195406, 40.56169302580852], [-82.12225954336655, 40.56606942940656], [-82.22999062364723, 40.61034504265282], [-82.30128356042059, 40.61476574848664], [-82.32455990556176, 40.57549396973542], [-82.30154007742222, 40.560999989217784], [-82.28283406373815, 40.56834354428897], [-82.27298002463527, 40.53604853989115], [-82.23432432198047, 40.502257180566495], [-82.21058795050821, 40.42522471479949], [-82.21255619250658, 40.40518215201914], [-82.2441880512561, 40.39251283795142], [-82.21747189164783, 40.384571431787386], [-82.22356654676, 40.370359199656484], [-82.17988494162194, 40.341655125671245], [-82.14436348825186, 40.339007413047796], [-82.14179561671493, 40.31082458791532], [-82.17388922262157, 40.2662144576553], [-82.26893617898132, 40.26679212794782], [-82.28431113997138, 40.236077210349315], [-82.3348328608699, 40.230513649114144], [-82.33095400700758, 40.20753150996048], [-82.39911250955647, 40.1639197707759], [-82.4200162458555, 40.11615072374365], [-82.34021401562799, 40.082554811885046], [-82.25668456519766, 40.08659044602778], [-82.27840199096133, 40.05314915906917], [-82.37132474478263, 40.031679595895675], [-82.37728068816516, 40.00294044042474], [-82.30556076508618, 39.94907790496798], [-82.18665441984263, 39.962767835032395], [-82.1651605218217, 39.929654221294676], [-82.17243069016051, 39.84827632083272], [-82.21629331524368, 39.81130366010588], [-82.2954441272664, 39.69096534187816], [-82.33033664021143, 39.66719002904201], [-82.51183687798863, 39.683495632965645], [-82.37688647869254, 39.79888086968325], [-82.38581945337438, 39.87032610221242], [-82.36883001831305, 39.91781052322666], [-82.38854690682469, 39.940096045169554], [-82.46421751331526, 39.966214971753374], [-82.51442450958888, 39.958768534098816], [-82.60104535046472, 39.99109625968355], [-82.62173834241652, 40.03830998200355], [-82.7343588791702, 40.14641807171873], [-82.7465469827616, 40.18941058741286], [-82.73627067839915, 40.30772170633643], [-82.79090897119646, 40.34731513695663], [-82.8392076162044, 40.358322430998115], [-82.83224389363865, 40.45831067978401], [-82.75819281825363, 40.64970948076493], [-82.4913444445798, 41.06191328093336], [-82.31817536752074, 41.226247368248174], [-82.13329684723031, 41.30988005463787], [-82.16266951308117, 41.357870708212346], [-82.248832658701, 41.35583012879629], [-82.27446595027169, 41.37124350770763], [-82.37020826840319, 41.35367733095342], [-82.525408484853, 41.290775663780224], [-82.67273921837156, 41.19866704681997], [-82.80371624512644, 41.22721967665433], [-82.78125504282274, 41.26662664727759], [-82.73162433917804, 41.30587283841351], [-82.62447649673553, 41.345356606404025], [-82.55984396154254, 41.4009545563143], [-82.47684545398671, 41.38213636405869], [-82.36368181806012, 41.42714545419146], [-82.26378181764046, 41.43184545462628], [-82.18607272823824, 41.47387272752125], [-82.01265454584265, 41.51566363570563], [-81.87689090879887, 41.48321818176003], [-81.7324272724258, 41.49135454503599], [-81.28237272709686, 41.765927273553444], [-81.24594545417125, 41.76174545501216], [-81.0020181822752, 41.85345454663618], [-80.54540909070514, 41.96512727308196], [-80.327799999648, 42.03662727293463], [-80.16573636298963, 42.1060181819001], [-80.13012727209264, 42.15549999963967], [-80.11619999979631, 42.166263637413216], [-80.0677181813018, 42.17098181852339], [-80.07979999942414, 42.15226363601828], [-80.12782727270698, 42.14975454612026], [-80.15185454521564, 42.11286363632263], [-79.56899090928972, 42.35137272836635], [-79.45104545357036, 42.412254544568306], [-79.41729999948134, 42.454009091146546], [-79.35465454638162, 42.49400000055975], [-79.34374545363359, 42.48675454536391], [-79.33085454512378, 42.489263636670906], [-79.24877272742901, 42.53215454629499], [-79.14900000029218, 42.55350909119789], [-79.11081818242928, 42.613700000099506], [-79.06473636355133, 42.64410000026695], [-79.04756363659766, 42.691536363859264], [-78.91774545434025, 42.736827271711974], [-78.86541818220768, 42.77199999974026], [-78.8535363636625, 42.79259999998804], [-78.87279090886624, 42.82831818192847], [-78.85696363717929, 42.820881819108834], [-78.84653636376946, 42.835754544516064], [-78.86051818256202, 42.833836363800614], [-78.89023636354247, 42.87573636443377], [-78.91080909037136, 42.954245454051524], [-78.94145454483845, 42.98132727369659], [-78.8816818181915, 43.02412727263412], [-78.8928818187877, 43.04844545491697], [-78.94767272615152, 43.07260000061316], [-79.070109091312, 43.08593636398503], [-79.05673636414396, 43.10580909122939], [-79.06010909125631, 43.11383636399645], [-79.06755454427147, 43.12091818240968], [-79.05669090913139, 43.12655454497066], [-79.04342727277832, 43.1370818176848], [-79.04087272792081, 43.14413636433875], [-79.0506090903981, 43.25249090969444], [-79.06317272801911, 43.26365454679096], [-78.54779999981949, 43.369463636091766], [-78.10450909031441, 43.37562727366803], [-77.76029090930813, 43.341281818263035], [-77.71424545437495, 43.32356363619188], [-77.71680909195995, 43.30784545369575], [-77.5530090911966, 43.235990909398204], [-77.39245454618441, 43.27611818265203], [-77.10555454576316, 43.28922727251822], [-77.04146363659164, 43.27065454475374], [-76.97421818042311, 43.27427272741163], [-76.993590909882, 43.262209090625056], [-76.93154545358782, 43.229627273291335], [-76.92669999987162, 43.21342727286667], [-76.93873636361371, 43.27684545426427], [-76.79333636275668, 43.309545455011126], [-76.70865454454953, 43.34712727362254], [-76.71928181843364, 43.315072727330566], [-76.70656363757851, 43.31503636393187], [-76.70258181748906, 43.34446363698789], [-76.6309454536077, 43.41298181845701], [-76.41706363605225, 43.52141818103444], [-76.2980272726034, 43.51291818193633], [-76.23498181839602, 43.52939090885463], [-76.20332727266549, 43.576318181811956], [-76.19684545361463, 43.65077272752912], [-76.18995454574173, 43.63110000004671], [-76.1593181820641, 43.65398181802002], [-76.18906363746463, 43.67034545520109], [-76.18449999930573, 43.682736363821526], [-76.19990909061521, 43.68020000009504], [-76.23800909033939, 43.81072727214071], [-76.22913636236758, 43.82466363605761], [-76.27031818173663, 43.82485454656931], [-76.26715454570731, 43.838127271834914], [-76.29914545448595, 43.83857272732917], [-76.2973909102579, 43.8559272727116], [-76.21301818150864, 43.90070000065151], [-76.23745454573819, 43.8638000003484], [-76.2056727274811, 43.84916363625841], [-76.20162727359303, 43.8650181820924], [-76.12881818143603, 43.8960727273346], [-76.13527272734704, 43.94499090955743], [-76.08369090926384, 43.9768909098424], [-76.07199090930135, 43.96482727224933], [-76.05871818145978, 43.98604545431852], [-76.07867272644006, 44.00410909109369], [-76.13598181805371, 43.96540909116234], [-76.20041818222568, 43.968172727362166], [-76.2040000000498, 43.988118181925046], [-76.118718181437, 44.03455454582557], [-76.16719090854657, 44.03305454632688], [-76.12830909154998, 44.063681817853436], [-76.20519999953217, 44.05490000027487], [-76.19520909140861, 44.08116363716136], [-76.20383636410737, 44.08089090930347], [-76.27519999950137, 44.052145454964354], [-76.26458181737304, 44.04895454668303], [-76.28370000020047, 44.01097272702452], [-76.20083636402859, 44.02512727313858], [-76.23790909107217, 43.97724545435806], [-76.28149090870187, 43.96096363602809], [-76.26588181775752, 43.99548181760527], [-76.302445453397, 44.01217272751206], [-76.2949454548761, 44.058363636647556], [-76.33460000032514, 44.064945454236955], [-76.31042727281367, 44.078745454965734], [-76.31220909103554, 44.08168181844031], [-76.36005454563086, 44.07087272755947], [-76.34440909043849, 44.087672727854546], [-76.36998181759665, 44.104309091064856], [-76.1983818189681, 44.206781818022804], [-76.01250909117789, 44.266700000115854], [-75.98177272612541, 44.30153636354117], [-75.9129545465139, 44.32868181824094], [-75.92290908970791, 44.33648181776486], [-75.88505454479282, 44.36392727210978], [-75.8615818184378, 44.36880909166047], [-75.86235454636395, 44.363681818491145], [-75.8662545458831, 44.36274545472445], [-75.86760909123281, 44.35454545380511], [-75.8693272721959, 44.35444545503086], [-75.87172727250775, 44.35154545516357], [-75.87205454480262, 44.34860909073173], [-75.86498181824888, 44.35059090870429], [-75.8360636353422, 44.37910909123696], [-75.86227272753351, 44.373190908953866], [-75.85579999982858, 44.38386363556448], [-75.81551818190069, 44.40911818232689], [-75.79526363544956, 44.40539090898432], [-75.75744545387869, 44.44382727251975], [-75.74801818077539, 44.46033636307487], [-75.76487272690375, 44.45027272832527], [-75.77520000059515, 44.46952727205431], [-75.78330909110682, 44.470781818267646], [-75.79101818135771, 44.46223636405615], [-75.79239090850335, 44.463572726823145], [-75.7325000001639, 44.52894545417319], [-75.7545619841419, 44.534092687768755], [-75.97460310186221, 44.3719110248319], [-76.30445784568695, 44.29758255231851], [-76.3402674129367, 44.27237544810546], [-76.54940610762459, 44.21034480674566], [-76.70345800873133, 44.21008769551097], [-76.91168627443004, 44.11422322740075], [-76.98347390933694, 44.06382175484465], [-77.04163139826245, 44.0550966406606], [-77.02902596527939, 44.075440879934106], [-77.07102409408319, 44.082272284033664], [-77.01953080554071, 44.10681907858462], [-77.00367402005166, 44.13425484017751], [-76.91423951525483, 44.14746658867228], [-76.88926316260583, 44.15895018913908], [-76.89173534556076, 44.17209748190266], [-76.93372808965998, 44.18530746161283], [-77.05068851095551, 44.111836940698964], [-77.03854652650783, 44.17488859420243], [-76.9859816871327, 44.19828769784668], [-77.0322009279442, 44.19956765934219], [-77.1491802268128, 44.16413873060453], [-77.2065120470305, 44.16302166265353], [-77.23840382507309, 44.18187935500034], [-77.29889481854542, 44.15812662357304], [-77.34131549198136, 44.166610005420914], [-77.56761042678396, 44.099580981643854], [-77.58748095163085, 44.065767908258515], [-77.57225176827532, 44.06087169559381], [-77.38333636310838, 44.14476740635674], [-77.30175747985805, 44.143824912399616], [-77.33613408412378, 44.120649515785004], [-77.31755914907274, 44.11591849496497], [-77.33724541531038, 44.09018569476634], [-77.27380771531764, 44.0884473994393], [-77.23470231483371, 44.103078349816045], [-77.29531138654558, 44.09928337881501], [-77.25510497590432, 44.131522245280394], [-77.20448060807317, 44.13891513577826], [-77.20312474239009, 44.12395801684689], [-77.16547402742738, 44.15015780270318], [-77.06426583420208, 44.171830202573894], [-77.05416838303444, 44.162403184014295], [-77.11440484261821, 44.03898084530095], [-76.97466588238964, 44.047710191553115], [-76.84161859396934, 44.11324714957845], [-76.89688380993488, 44.04123513981233], [-76.98298261482843, 44.00553015522905], [-77.03086874787785, 43.95951622026426], [-77.03786368351288, 43.932706903044426], [-77.02496817564307, 43.92543667946287], [-77.00351181753143, 43.94931189774402], [-76.92708497945297, 43.935402492522265], [-76.85383183673652, 43.95225260198149], [-76.84760403221168, 43.93668139600582], [-77.04061845936636, 43.8945415257765], [-77.15254664770708, 43.84575859051078], [-77.17021000682671, 43.86666032441208], [-77.23146957420495, 43.86397089592841], [-77.21509657966797, 43.89204332979134], [-77.27426336409385, 43.896934340756665], [-77.30547635674978, 43.9287143506009], [-77.2675754193393, 43.92326300316147], [-77.25144915613474, 43.95608088645076], [-77.33783582465247, 43.956978706504785], [-77.49189353268747, 43.92774256764498], [-77.50580991592096, 43.95151938234684], [-77.57845738602852, 43.987543458480914], [-77.52348608137325, 43.99951198532903], [-77.60666991857606, 44.03862978618732], [-77.67785281965838, 44.01843842838213], [-77.7012411437881, 44.03534986628918], [-77.73254320760287, 44.01705826725315], [-77.7094753099661, 44.00074045593709], [-77.67895289638524, 44.00623544497691], [-77.68143336472949, 43.992773450859154], [-77.7685399287349, 44.00871658891484], [-77.92257696516197, 43.976152650314596], [-78.24634556552063, 43.95649243324927], [-78.49855123144661, 43.90084489484558], [-78.60978464206013, 43.89962206041743], [-78.7122112471574, 43.871396395922645], [-78.92825423212619, 43.85714809153643], [-78.98080784948779, 43.833894895412065], [-79.09051322065318, 43.81882666506713], [-79.14775057423437, 43.76453502217057], [-79.18655549679595, 43.75316285261153], [-79.29047349044531, 43.675097302313134], [-79.34757488571465, 43.64655643771522], [-79.46541784273889, 43.63765877090181], [-79.48967672033342, 43.608096355970304], [-79.53659240646823, 43.588256552114984], [-79.59711860745801, 43.53930337152237], [-79.63473265964892, 43.469075838593284], [-79.78267734401857, 43.32362239458417], [-79.75293738787613, 43.26310981357472], [-79.72109589895558, 43.2430462789082], [-79.58397626582173, 43.20811368903009], [-79.42236056772842, 43.20287349525991], [-79.36021697625641, 43.18170510440734], [-79.11781616245062, 43.2623573018411], [-79.06446584382377, 43.257108914729166], [-79.04324992319994, 43.14299430849454], [-79.07378314008965, 43.12131659651323], [-79.05831910589623, 43.109119713910964], [-79.07892733577054, 43.07755497314402], [-79.01914063254607, 43.04836683266679], [-79.03035811779597, 43.00708224160699], [-79.01804579656735, 42.97634131614809], [-78.91502808907681, 42.9332864905916], [-78.90915115691308, 42.90733024909012], [-78.94400939010795, 42.880677545308075], [-79.0839615892978, 42.86250588309114], [-79.09187499157893, 42.837701543081664], [-79.16012867805141, 42.87536293592558], [-79.38202963429927, 42.863459017006704], [-79.44169350642179, 42.87519484730157], [-79.47765681738018, 42.846561564511646], [-79.54229387048812, 42.84250420886815], [-79.57730273769097, 42.85716279559965], [-79.63374585803442, 42.83773079398438], [-79.7027588087929, 42.859500577267156], [-79.98237403519649, 42.79503193246607], [-80.0107233172504, 42.80602820510157], [-80.06702893753359, 42.78612521436583], [-80.20235738819856, 42.783424739425094], [-80.31455515725773, 42.7014244789752], [-80.3351328125322, 42.655904475115896], [-80.37391273503634, 42.673490298898415], [-80.44568891149281, 42.62305322638181], [-80.43111170928351, 42.59143073431888], [-80.33884992435601, 42.600642259978684], [-80.24430711568445, 42.56667427127184], [-80.14848708151418, 42.56147782058382], [-80.1352272895618, 42.57311085953718], [-80.0441144402214, 42.549965479855594], [-80.09518938303803, 42.53952114947044], [-80.37936232552721, 42.576901756580064], [-80.6037588769037, 42.57815284744746], [-80.88358638543033, 42.659049229668376], [-81.12231082167195, 42.66986733478825], [-81.33755746566735, 42.65082023646624], [-81.39573207599415, 42.61140637908581], [-81.44881886832907, 42.60550452128598], [-81.55801056988211, 42.55368320396172], [-81.63088834893816, 42.48955365498583], [-81.80040796104483, 42.39553302036058], [-81.8350378987919, 42.35205405223035], [-81.84881866256526, 42.25405847588252], [-81.87704591404966, 42.25343154662616], [-81.85389860882563, 42.3174426727834], [-81.87105011274627, 42.32048347019381], [-81.9256463101887, 42.287979469838795], [-81.92974122498455, 42.25903561152542], [-82.06171169038221, 42.255260117696224], [-82.41107664343964, 42.11135459504144], [-82.47112991609292, 42.05662744500974], [-82.49859599359104, 42.00711451448879], [-82.50664717745471, 41.92171223701053], [-82.57546948767825, 42.01569164034222], [-82.61855045639227, 42.034016248408896], [-82.7506836484767, 42.02699239129874], [-82.81669299294975, 41.99544809431796], [-82.92916247162431, 41.981535652660845], [-82.99944673197744, 42.01753110250806], [-83.10816374502647, 42.04536389815968], [-83.12520385491287, 42.10190371047222], [-83.12135398129791, 42.17509884306974], [-83.10447050050082, 42.19751254802155], [-83.106796500605, 42.25834171818155], [-83.0703206447017, 42.31111928431775], [-82.9389906854762, 42.34257725559387], [-82.67800909084083, 42.301354545777485], [-82.58215454513712, 42.3228636359417], [-82.48028181790933, 42.314427272334164], [-82.45286363626319, 42.326663636676706], [-82.41654545484023, 42.40742727246728], [-82.41470000044657, 42.436663636157505], [-82.43386363667067, 42.45085454543923], [-82.41672727312206, 42.459327272408466], [-82.42319090845874, 42.49053636382333], [-82.48470909078688, 42.467981817952406], [-82.46387272744509, 42.493236364079245], [-82.48004545385858, 42.49962727295788], [-82.47570909105384, 42.517845454867924], [-82.5195636359737, 42.4962545454111], [-82.60103636400272, 42.49933636409544], [-82.62118181786491, 42.54240909075135], [-82.67594545486297, 42.522018181911626], [-82.64082429719693, 42.555007867528204], [-82.58390211127872, 42.55407589128095], [-82.5186882757628, 42.6139223087883], [-82.46739330072191, 42.76194294963001], [-82.48195736138494, 42.808661218024824], [-82.46982602062387, 42.8874900524053], [-82.41665065955878, 42.96664318052721], [-82.42250090730393, 43.00005868206699], [-82.18024630227394, 43.05963332547409], [-82.01773216421553, 43.17937672032986], [-82.0142300630065, 43.211687575258736], [-81.96381169103466, 43.21258995814666], [-81.84120733312248, 43.26472436513194], [-81.74087461005728, 43.33355942904559], [-81.71516648577423, 43.371729698631576], [-81.70070776665153, 43.4104472116785], [-81.71346164470388, 43.442970818676784], [-81.70051397967431, 43.54472919738387], [-81.722087168956, 43.67834401589133], [-81.71623505650882, 43.90298613736924], [-81.7481666956516, 44.07804052309899], [-81.66690375024179, 44.141794307581364], [-81.61529626985208, 44.20813040178979], [-81.5910443484725, 44.28687836156247], [-81.59956153132923, 44.31824064245815], [-81.49134360982929, 44.40711208978686], [-81.4081817454077, 44.429689259487944], [-81.38670711475935, 44.484215287286126], [-81.29061380105253, 44.57701383061344], [-81.2639825349847, 44.63408984201738], [-81.29705414044186, 44.68542579428789], [-81.26962260993922, 44.704858137053314], [-81.28091146909237, 44.79153410557499], [-81.35633703739006, 44.88102914445319], [-81.36398669290452, 44.929890612023144], [-81.34863991589778, 44.95356721764638], [-81.36528915195117, 44.983611157712836], [-81.42990549198984, 44.97026549243172], [-81.45093281577927, 45.0228753534011], [-81.50121034691621, 45.06751340269469], [-81.51125582156496, 45.09632699355501], [-81.58620279510146, 45.14499202232047], [-81.57116742757545, 45.18054025933561], [-81.62384589803663, 45.17343418270936], [-81.6897852856726, 45.19221553376358], [-81.71390554528972, 45.217473546896805], [-81.68968734896413, 45.24661348876223], [-81.6454536915895, 45.26304761612825], [-81.46126954996063, 45.225937001554705], [-81.28513180532792, 45.23548790818358], [-81.3284006147846, 45.151802057674544], [-81.3217602046216, 45.12764580945315], [-81.28840550163619, 45.11664891727763], [-81.2561738727733, 45.07400475566979], [-81.26713858759436, 45.00323808345468], [-81.24298063750886, 44.98577393774975], [-81.19005470793799, 44.99943750002111], [-81.20478533261898, 44.96205636960152], [-81.11141147765882, 44.950267153245264], [-81.15020836102204, 44.90519743896575], [-81.14335053351596, 44.896696146441606], [-81.09313958422733, 44.91448018232882], [-81.08557577875534, 44.891254310853164], [-81.05767238521506, 44.89312808884785], [-81.04049780492937, 44.914583385379714], [-81.05149440727108, 44.92978230544344], [-81.03850439601584, 44.957937331475975], [-80.96236042085667, 44.9492133415676], [-81.0174473267834, 44.90253801883027], [-81.00152855091916, 44.87146885721295], [-81.01200811228314, 44.85174417926842], [-81.1110919120494, 44.78296129981314], [-81.12779812060202, 44.75087225409808], [-81.10576596587815, 44.74909983291823], [-80.99310022498015, 44.80724983035809], [-80.89948956325448, 44.79078861514644], [-80.88236305564222, 44.74293725192658], [-80.93780166942818, 44.61013088388737], [-80.93259914547502, 44.58913878447516], [-80.76784225375508, 44.7104792241863], [-80.64498839682263, 44.71981272022766], [-80.62740938828713, 44.713348869000065], [-80.6110846445173, 44.674096573222585], [-80.61740820971855, 44.63493436107213], [-80.57559008586084, 44.60336694996569], [-80.49736726999684, 44.59203878674748], [-80.3869461890154, 44.53487667691405], [-80.28147599177315, 44.52875373955519], [-80.09227703804864, 44.472512456485944], [-80.05565671613572, 44.48809945408961], [-80.00129080245807, 44.54389200280766], [-80.00582433309661, 44.60147604831908], [-79.9871677697938, 44.66269625081366], [-80.00714259051875, 44.6998552591386], [-80.12575814769694, 44.74686313675544], [-80.12439216981251, 44.79337028022087], [-80.07505856864941, 44.814871516860606], [-80.05032238740571, 44.79437188400297], [-80.02906494669703, 44.84435827168089], [-79.95306968259023, 44.861078262701874], [-79.90887465848331, 44.84013649613034], [-79.93804172807398, 44.805325758350456], [-79.88934495916335, 44.8082538035273], [-79.86884728184624, 44.78625186836321], [-79.89485735381676, 44.7611141824803], [-79.88804454401438, 44.75163519200331], [-79.81780705418504, 44.761109227113394], [-79.79246137362718, 44.738630652675255], [-79.75603248351885, 44.76243707541572], [-79.73858668586276, 44.73349815729546], [-79.7183450328305, 44.75243344705979], [-79.66802820628347, 44.74821009015688], [-79.71395166686779, 44.766876426706915], [-79.334807418774, 44.75060787230189], [-79.18845422600175, 44.72545859802605], [-79.09025898271294, 44.67416714919213], [-78.6451212463175, 44.689967683025515], [-78.36297464034027, 44.59254835118664], [-78.00053546387365, 44.56926905688067], [-77.84005920765794, 44.506898658643195], [-77.70647985936093, 44.48226826787763], [-77.3883692991069, 44.50443245477771], [-77.27346202742504, 44.46546335290129], [-77.13944945891635, 44.45183192855001], [-76.95789726306684, 44.48991770609114], [-76.82580291274367, 44.46153792964198], [-76.69722834982238, 44.484026666297154], [-76.53337761051027, 44.46022644010291], [-76.38655628954827, 44.51391917864684], [-76.27589372939268, 44.61987171908062], [-76.2893730012853, 44.7146555387022], [-76.24643330705281, 44.820737627833985], [-76.24503469079941, 44.93894104211556], [-76.34452495980874, 45.014071546878306], [-76.25646583928301, 45.18147243344214], [-76.30999468959752, 45.27318573544668], [-76.41910756035455, 45.34729624729861], [-76.7943526125108, 45.48423575771552], [-76.95240138555971, 45.51778343957322], [-77.06489466843766, 45.704189326906906], [-77.18709310947332, 45.8274392012764], [-77.17118851103588, 45.85061818408347], [-77.08242818486082, 45.82485856395182], [-77.00320355619995, 45.77503563635716], [-76.95320031166999, 45.773949977283465], [-76.90489142050312, 45.80171558299033], [-76.8997182886051, 45.78853982347173], [-76.88584044486862, 45.80874788005349], [-76.89226546203244, 45.858781589626105], [-76.91414676110179, 45.89000995677979], [-76.82045750833387, 45.876953517576595], [-76.77288938188401, 45.85459362915113], [-76.78697940728954, 45.75663836434617], [-76.76690039748664, 45.730232552513314], [-76.7018353813835, 45.70757554465352], [-76.69355728211187, 45.68697762733864], [-76.71581303899347, 45.6638236026391], [-76.6806868844348, 45.62781995255883], [-76.6670908092574, 45.570239105970934], [-76.63986924265309, 45.54542487328901], [-76.45168296961504, 45.500194743469244], [-76.34976924962109, 45.44369285732055], [-76.29387820932943, 45.437552243713164], [-76.27251363946999, 45.46065363687355], [-76.21447050020026, 45.47202889335979], [-76.21105875841278, 45.50853118511938], [-76.14386636989127, 45.514534606531065], [-76.0978232384372, 45.492156929114046], [-76.09757959902285, 45.509998843161796], [-76.06383484548924, 45.4843612676289], [-75.99290494687563, 45.474127969083874], [-75.89263992771863, 45.392317948896135], [-75.89592817761459, 45.37366841336104], [-75.82424101206263, 45.35368679117929], [-75.70371993033552, 45.42202212278433], [-75.62654059047104, 45.499049530977956], [-75.57469902306927, 45.495431117192396], [-75.55654769858563, 45.515408265826494], [-75.24293502685144, 45.6028410138358], [-75.05039353058673, 45.61195754937187], [-75.10575116193061, 45.638404192969], [-75.06935878402955, 45.64301678438493], [-75.09830437909548, 45.65221804078393], [-75.07723861671853, 45.66918713031021], [-74.98714523938258, 45.65414689036813], [-74.90494640756602, 45.680975624857396], [-74.71806290457945, 45.64015794917186], [-74.49127878728738, 45.67549980565312], [-74.32224392956141, 45.670130380464386], [-74.1095203105081, 45.706452386443004], [-73.90629494265993, 45.83593537741665], [-73.75138192536139, 45.90138484135005], [-73.72942379332927, 45.95511938530649], [-73.69447341724312, 45.9649760099204], [-73.67352502650576, 46.00178414763252], [-73.64497315230477, 46.008888386094604], [-73.66614566691949, 46.040724441343094], [-73.65228232419494, 46.067528976642045], [-73.45899144003896, 46.20573135214799], [-73.41092657892966, 46.280853957341996], [-73.37263534422327, 46.286955108809344], [-73.3335190116908, 46.26104814620427], [-73.40884414772822, 46.224398654681956], [-73.34541812081746, 46.158866334109014], [-73.13895868160458, 46.23078555901894], [-73.07664924340168, 46.29739168636763], [-72.97787696016594, 46.366911627973636], [-72.94206986442875, 46.474818009047645], [-72.65798987195946, 46.598029317857744], [-72.65791738416704, 46.70720921615799], [-72.5804643558783, 46.77948245564512], [-72.38639789196338, 46.84285269932786], [-72.30920459912144, 46.83256406787528], [-72.34962625767106, 46.73265074465967], [-72.42554489031097, 46.70915115830708], [-72.31981745373292, 46.613237769016045], [-72.1846941567676, 46.636096630970854], [-72.21449135880013, 46.7228830692123], [-72.10515312208278, 46.768415912485935], [-71.9872464708336, 46.76909368680465], [-71.83760883909207, 46.800188314723144], [-71.63823792915373, 46.73404739816126], [-71.53871559033485, 46.76052522484179], [-71.33433514603655, 46.881401271807775], [-71.04864782512047, 46.949007285521255], [-71.18711130372361, 46.85183063704085], [-71.20711261753225, 46.79968421604594], [-71.27771773956383, 46.74104565378621], [-71.13129073136439, 46.82552212428868], [-71.00089733537583, 46.830877019859415], [-70.9015525504077, 46.887503513335545], [-70.76489262983095, 46.91764820454318], [-70.61971924456917, 46.98563674595891], [-70.56061440183416, 46.98741835184021], [-70.49241086457914, 47.01563807454666], [-70.44094301975184, 47.07685399771901], [-70.3193786750246, 47.16209973811685], [-70.19485458577272, 47.30933356678944], [-70.13476192054063, 47.322305790726766], [-70.07068075380643, 47.3589408821439], [-70.02573763331826, 47.45711737621472], [-69.80461278555971, 47.59695147376286], [-69.79460763485262, 47.58205085649852], [-69.81471915966594, 47.538336140699094]], [[-73.74992839376179, 44.87977875958502], [-73.8439372360251, 44.88163299071242], [-73.9107160764168, 44.8406858809071], [-73.97089993361378, 44.88097636695192], [-74.03817019782014, 44.83833447071393], [-74.13708385292966, 44.85083119313045], [-74.16334643035611, 44.839884755217035], [-74.20282773577846, 44.782158251810095], [-74.33525898460121, 44.808515740818315], [-74.51162880749062, 44.75138368710393], [-74.67408042448072, 44.65253864386404], [-74.76213941039306, 44.64288438484156], [-74.86793204850464, 44.5933949960374], [-74.98703773046851, 44.50977346411404], [-75.01705303971603, 44.46782556273388], [-75.1072949475355, 44.435779535193596], [-75.22041811045996, 44.32490482294101], [-75.30504541642534, 44.2817690807959], [-75.33388682906366, 44.21528686685054], [-75.42478925513602, 44.176844925995745], [-75.49882572112965, 44.11768869035148], [-75.54023794743227, 44.00072468731422], [-75.43256587774606, 43.88386890469781], [-75.4358029259283, 43.799238328835216], [-75.36882868845564, 43.74658701573402], [-75.3409413298086, 43.67906317696199], [-75.34640200851338, 43.6269089876625], [-75.30586985188638, 43.5382564910706], [-75.21319084363348, 43.46647266110657], [-75.16990686742037, 43.40070642771358], [-75.03222680141081, 43.30013631894188], [-74.99769250934936, 43.24797663976307], [-74.88214433634823, 43.211749106746545], [-74.83304499021723, 43.136160013228796], [-74.7454113446786, 43.11735588661464], [-74.68318928267234, 43.04102803782846], [-74.57356667819066, 43.019184236012876], [-74.44528293752816, 43.02965058887411], [-74.38745588237698, 43.085678831776505], [-74.30043096402407, 43.130128925875596], [-74.26131069008544, 43.08536527033487], [-74.21306044355636, 43.06910356909112], [-74.15182677753616, 43.08814365523987], [-74.00100823671595, 43.07568889508747], [-73.91932993353862, 43.140632141671254], [-73.9110632116633, 43.18430071599848], [-73.86878981070592, 43.212619183961465], [-73.86685463937113, 43.25538879567574], [-73.83921350578233, 43.28733596079429], [-73.72818088468433, 43.27384302873907], [-73.73455837294942, 43.33244915530103], [-73.71630427712371, 43.38079926083334], [-73.656368955726, 43.38541203537041], [-73.6491656722976, 43.44128188509811], [-73.63002467192511, 43.44387507521456], [-73.61766838956426, 43.40937504295368], [-73.59882817608475, 43.4036738035586], [-73.53364465060375, 43.418284092016876], [-73.50593980480716, 43.501757213031915], [-73.48311772739696, 43.44605916097282], [-73.44078040271503, 43.46724941094212], [-73.40871237949393, 43.554776577783045], [-73.41704828811126, 43.565796963982685], [-73.4531122373371, 43.55918591685478], [-73.43183774144202, 43.59808440908404], [-73.44629478589522, 43.62923778072945], [-73.43424418198676, 43.67429051411929], [-73.44844616454425, 43.69641296214328], [-73.41316581654189, 43.743078805299504], [-73.43505536294425, 43.77993376167534], [-73.40489369639275, 43.83296108201898], [-73.41680474698965, 43.84619415679661], [-73.44048900314587, 43.82909977944709], [-73.45792234145351, 43.88579901609709], [-73.42309179385424, 43.93160272838896], [-73.48201876675856, 43.934297349736404], [-73.49928862608564, 43.962265852738646], [-73.45722216300652, 43.977967632055936], [-73.46302353690659, 43.99974075674361], [-73.50814500600019, 43.99978054970203], [-73.52757594500008, 44.04905525615655], [-73.5750320587592, 44.05313370802487], [-73.55458708728933, 44.11925587594596], [-73.52001558487898, 44.11644616177695], [-73.4792245675715, 44.071719043956065], [-73.46604188454766, 44.131128519893366], [-73.49483185088329, 44.17181776616851], [-73.54272130123617, 44.187856497699826], [-73.52050186718277, 44.2427764459582], [-73.54769593122512, 44.26041444238957], [-73.58571068138157, 44.239640515893726], [-73.60198788066405, 44.24710743270332], [-73.59724742266646, 44.296964307569205], [-73.56747049956626, 44.343664302782294], [-73.57539468678581, 44.374214538303775], [-73.53787886484632, 44.373825544195974], [-73.51063760158102, 44.39442717563927], [-73.5226609596174, 44.4535310451111], [-73.51081734128239, 44.476082168307606], [-73.56597122758535, 44.475584965127204], [-73.57012991253944, 44.51473289174107], [-73.5967453238147, 44.49378531516137], [-73.61467079552354, 44.524312669284214], [-73.59817554893837, 44.58717979130272], [-73.63805417498062, 44.62135056235689], [-73.63510068232699, 44.66594642291309], [-73.75419784061536, 44.645245113574425], [-73.60065852599334, 44.740745836248955], [-73.57798416768486, 44.78334989886854], [-73.58129182579455, 44.87282086454143], [-73.60447437837769, 44.90227742767887], [-73.64445716359037, 44.91458023374065], [-73.74992839376179, 44.87977875958502]], [[-75.65551247741536, 43.281952184103524], [-75.55904264326576, 43.340199284218734], [-75.44532022042898, 43.31067883725434], [-75.38466155861587, 43.31917295625854], [-75.37950885322898, 43.35107034342571], [-75.35650556760636, 43.362189344228774], [-75.30070570650125, 43.33572920531407], [-75.24276471295589, 43.336734649759144], [-75.21374964176272, 43.35693114363923], [-75.27255974044884, 43.4473507837989], [-75.3113338869677, 43.47090831481893], [-75.35472898646616, 43.46601470605179], [-75.37047653860952, 43.51779293768146], [-75.41565763732834, 43.56868475714717], [-75.4254970253225, 43.65497494717563], [-75.58247590343645, 43.81397520304585], [-75.5872121135271, 43.834934068017034], [-75.73155238391406, 43.929879493927665], [-75.86677908435759, 43.96294851523494], [-75.9236443522131, 43.93431927171077], [-75.99096282999047, 43.86025380696862], [-75.98428715444848, 43.81150544774805], [-76.01766719128284, 43.76299287335367], [-76.04462292247129, 43.650112236180824], [-76.01334189147389, 43.51818677723138], [-75.94629679102688, 43.44224986387507], [-75.78927870320055, 43.35564239585418], [-75.71484683760832, 43.29478887466821], [-75.65551247741536, 43.281952184103524]], [[-74.11714234140351, 42.33898874231237], [-74.21785988546931, 42.28739160522974], [-74.2268055094371, 42.24865836846435], [-74.24849719852999, 42.23150247966523], [-74.35951944519552, 42.2373779988508], [-74.43927184655313, 42.264103232617984], [-74.45833276478824, 42.257832415740424], [-74.47633393650386, 42.20329191978622], [-74.51942260395728, 42.16325606391671], [-74.64177698726016, 42.146958001729345], [-74.67387752634315, 42.12326910389332], [-74.86862249194839, 42.07537295967803], [-74.8903073743545, 41.96956047185568], [-74.86387906144306, 41.95698867469201], [-74.83325052770259, 41.97386803936548], [-74.80430100572966, 41.95871371134105], [-74.73376994290564, 41.979253456149685], [-74.657167644853, 41.938112538776544], [-74.66176207250169, 41.9142238881122], [-74.61105098906427, 41.86623820680013], [-74.61460602206496, 41.84550995191927], [-74.58586212362518, 41.8104853188351], [-74.54529882982173, 41.830636088084425], [-74.51342747748214, 41.81077327913857], [-74.46181373843474, 41.81376747424298], [-74.38930303842955, 41.89068154115452], [-74.3193229170993, 41.88549805680537], [-74.25496517952314, 41.92102332610698], [-74.2844720272192, 41.966186472215604], [-74.28116304658647, 42.00217770406465], [-74.22728537549533, 41.975987615830114], [-74.12150290477257, 42.00598111061209], [-74.11471198778138, 42.03002721651292], [-74.16597484249696, 42.05085880794272], [-74.09623992785198, 42.05878818387356], [-74.06726379832446, 42.084517272857575], [-74.00861815324294, 42.21290355661486], [-74.01348682308485, 42.23739708039633], [-74.03612126795872, 42.241878794714495], [-74.06421611836964, 42.27637774872832], [-74.06110878627258, 42.2998473316693], [-74.11714234140351, 42.33898874231237]]]}}, {"type": "Feature", "properties": {"code": "8.1", "name": "MIXED WOOD PLAINS"}, "geometry": {"type": "Polygon", "coordinates": [[[-69.8824090911251, 43.82360909117983], [-69.8816636365415, 43.811972727141246], [-69.88738181973143, 43.8079454537955], [-69.8824090911251, 43.82360909117983]]]}}, {"type": "Feature", "properties": {"code": "8.1", "name": "MIXED WOOD PLAINS"}, "geometry": {"type": "Polygon", "coordinates": [[[-69.89141818258928, 43.857027272098435], [-69.89469090910033, 43.77498181946001], [-69.90471818265547, 43.80012727192171], [-69.91759090935246, 43.7960818185275], [-69.89640909044525, 43.81218181802303], [-69.91360909092269, 43.83590909060021], [-69.94827272808396, 43.766118182102126], [-69.94185454564011, 43.83340909052251], [-69.93404545529475, 43.84087272696809], [-69.93346363583062, 43.805172727325015], [-69.91813636229892, 43.85682727324522], [-69.92101818340015, 43.84506363604813], [-69.92017272686783, 43.837427272019795], [-69.91372727291305, 43.85802727280783], [-69.89141818258928, 43.857027272098435]]]}}, {"type": "Feature", "properties": {"code": "8.1", "name": "MIXED WOOD PLAINS"}, "geometry": {"type": "Polygon", "coordinates": [[[-69.92185454531318, 43.78216363678392], [-69.91018181942142, 43.7783545459306], [-69.91525454676537, 43.774636363793626], [-69.92185454531318, 43.78216363678392]]]}}, {"type": "Feature", "properties": {"code": "8.1", "name": "MIXED WOOD PLAINS"}, "geometry": {"type": "Polygon", "coordinates": [[[-69.9484545460576, 43.78668181832994], [-69.97099090914662, 43.754327273182916], [-69.98877272695901, 43.74859090921152], [-69.99273636461808, 43.72428181784952], [-70.0070818176943, 43.71732727187243], [-69.97390909116521, 43.77616363734592], [-69.9484545460576, 43.78668181832994]]]}}, {"type": "Feature", "properties": {"code": "8.1", "name": "MIXED WOOD PLAINS"}, "geometry": {"type": "Polygon", "coordinates": [[[-70.01457272690779, 43.82336363643066], [-69.99646363702112, 43.82245454530762], [-70.01355454527395, 43.810427273032076], [-70.01457272690779, 43.82336363643066]]]}}, {"type": "Feature", "properties": {"code": "8.1", "name": "MIXED WOOD PLAINS"}, "geometry": {"type": "Polygon", "coordinates": [[[-70.07379090894314, 43.801836363176086], [-70.06939999982475, 43.79769999989328], [-70.07808181841645, 43.795890909442235], [-70.07379090894314, 43.801836363176086]]]}}, {"type": "Feature", "properties": {"code": "8.1", "name": "MIXED WOOD PLAINS"}, "geometry": {"type": "Polygon", "coordinates": [[[-70.09132887042668, 43.675815902042494], [-70.09898105901831, 43.67939424924821], [-70.08457676323658, 43.688618206791915], [-70.09132887042668, 43.675815902042494]]]}}, {"type": "Feature", "properties": {"code": "8.1", "name": "MIXED WOOD PLAINS"}, "geometry": {"type": "Polygon", "coordinates": [[[-70.09544545419872, 43.758927273161504], [-70.10793636443343, 43.724572727210756], [-70.12806363547965, 43.70835454607319], [-70.12465454506572, 43.719427273384795], [-70.13462727282688, 43.718627273125385], [-70.1408000008391, 43.720618182338164], [-70.14100909076375, 43.72184545508057], [-70.12756363592392, 43.745418181964276], [-70.09544545419872, 43.758927273161504]]]}}, {"type": "Feature", "properties": {"code": "8.1", "name": "MIXED WOOD PLAINS"}, "geometry": {"type": "Polygon", "coordinates": [[[-70.11549090866613, 43.764854545995796], [-70.12312727173007, 43.7578454551862], [-70.13470909080584, 43.753309091193465], [-70.129600000052, 43.76441818211265], [-70.11549090866613, 43.764854545995796]]]}}, {"type": "Feature", "properties": {"code": "8.1", "name": "MIXED WOOD PLAINS"}, "geometry": {"type": "Polygon", "coordinates": [[[-70.11642911146602, 43.70201226285358], [-70.11591024208663, 43.70884833726232], [-70.10895989994481, 43.709817205136936], [-70.11642911146602, 43.70201226285358]]]}}, {"type": "Feature", "properties": {"code": "8.1", "name": "MIXED WOOD PLAINS"}, "geometry": {"type": "Polygon", "coordinates": [[[-70.11906363609761, 43.684409091112194], [-70.08710909080577, 43.69992727323274], [-70.09457272662026, 43.69179999991465], [-70.11906363609761, 43.684409091112194]]]}}, {"type": "Feature", "properties": {"code": "8.1", "name": "MIXED WOOD PLAINS"}, "geometry": {"type": "Polygon", "coordinates": [[[-70.12702727227924, 43.77284545520811], [-70.14089999990237, 43.75028181830599], [-70.15900909079099, 43.75034545536116], [-70.14604545534736, 43.773609091449345], [-70.12702727227924, 43.77284545520811]]]}}, {"type": "Feature", "properties": {"code": "8.1", "name": "MIXED WOOD PLAINS"}, "geometry": {"type": "Polygon", "coordinates": [[[-70.13913636345296, 43.70628181794034], [-70.15215454519885, 43.681736363019354], [-70.16861818247475, 43.675945453936585], [-70.17049090911985, 43.6879272727301], [-70.13913636345296, 43.70628181794034]]]}}, {"type": "Feature", "properties": {"code": "8.1", "name": "MIXED WOOD PLAINS"}, "geometry": {"type": "Polygon", "coordinates": [[[-70.1428652739058, 43.65534639214354], [-70.14551258174247, 43.66215198718458], [-70.13793663891654, 43.663128485285995], [-70.1428652739058, 43.65534639214354]]]}}, {"type": "Feature", "properties": {"code": "8.1", "name": "MIXED WOOD PLAINS"}, "geometry": {"type": "Polygon", "coordinates": [[[-70.1475643800548, 43.70903183237122], [-70.15836750013509, 43.71166797561018], [-70.14072078246565, 43.7163790107696], [-70.1475643800548, 43.70903183237122]]]}}, {"type": "Feature", "properties": {"code": "8.1", "name": "MIXED WOOD PLAINS"}, "geometry": {"type": "Polygon", "coordinates": [[[-70.18213636341454, 43.67305454504366], [-70.17888181796962, 43.65568181796325], [-70.2004272712744, 43.652200000134926], [-70.1998727270342, 43.66215454602994], [-70.18213636341454, 43.67305454504366]]]}}, {"type": "Feature", "properties": {"code": "8.1", "name": "MIXED WOOD PLAINS"}, "geometry": {"type": "Polygon", "coordinates": [[[-70.19150000128377, 43.68879090921914], [-70.19291818216387, 43.67461818122512], [-70.20544545482487, 43.67296363706968], [-70.20532727245703, 43.68230909087483], [-70.19150000128377, 43.68879090921914]]]}}, {"type": "Feature", "properties": {"code": "8.1", "name": "MIXED WOOD PLAINS"}, "geometry": {"type": "Polygon", "coordinates": [[[-70.19552727316011, 43.713781818002936], [-70.19032727287812, 43.716536363779866], [-70.19246363697346, 43.714481818106584], [-70.19552727316011, 43.713781818002936]]]}}, {"type": "Feature", "properties": {"code": "8.1", "name": "MIXED WOOD PLAINS"}, "geometry": {"type": "Polygon", "coordinates": [[[-70.20692727299158, 43.64627272729341], [-70.19643636348586, 43.639918181297595], [-70.20720909083118, 43.6340545449773], [-70.20692727299158, 43.64627272729341]]]}}, {"type": "Feature", "properties": {"code": "8.1", "name": "MIXED WOOD PLAINS"}, "geometry": {"type": "Polygon", "coordinates": [[[-70.2128636357145, 43.66734545468365], [-70.20386363712501, 43.667072728054094], [-70.21278181697132, 43.6628363643599], [-70.2128636357145, 43.66734545468365]]]}}, {"type": "Feature", "properties": {"code": "8.1", "name": "MIXED WOOD PLAINS"}, "geometry": {"type": "Polygon", "coordinates": [[[-70.22678909792567, 43.538504262513015], [-70.24451962763861, 43.54107176922904], [-70.22565988833594, 43.54579812213839], [-70.22678909792567, 43.538504262513015]]]}}, {"type": "Feature", "properties": {"code": "8.1", "name": "MIXED WOOD PLAINS"}, "geometry": {"type": "Polygon", "coordinates": [[[-70.23089091021812, 43.6920727268329], [-70.23123636446111, 43.68640000007976], [-70.23646363593343, 43.68862727316034], [-70.23089091021812, 43.6920727268329]]]}}, {"type": "Feature", "properties": {"code": "8.1", "name": "MIXED WOOD PLAINS"}, "geometry": {"type": "Polygon", "coordinates": [[[-70.43009090901451, 43.366245454844226], [-70.43145454532541, 43.36764545477314], [-70.42982727358009, 43.36737272701685], [-70.43009090901451, 43.366245454844226]]]}}, {"type": "Feature", "properties": {"code": "8.1", "name": "MIXED WOOD PLAINS"}, "geometry": {"type": "Polygon", "coordinates": [[[-70.57400628714414, 47.041660220883905], [-70.51800583093025, 47.12210117928774], [-70.42354349561685, 47.171709322717255], [-70.51032338982539, 47.112750889310675], [-70.5315589460103, 47.06222674289971], [-70.57400628714414, 47.041660220883905]]]}}, {"type": "Feature", "properties": {"code": "8.1", "name": "MIXED WOOD PLAINS"}, "geometry": {"type": "Polygon", "coordinates": [[[-70.72329090858729, 43.077236364332656], [-70.72474545517319, 43.07577272714673], [-70.72581818231549, 43.07723636378416], [-70.72329090858729, 43.077236364332656]]]}}, {"type": "Feature", "properties": {"code": "8.1", "name": "MIXED WOOD PLAINS"}, "geometry": {"type": "Polygon", "coordinates": [[[-70.73658181730563, 43.08484545420634], [-70.73050909068137, 43.0747090912], [-70.74705454611758, 43.080690908736656], [-70.73658181730563, 43.08484545420634]]]}}, {"type": "Feature", "properties": {"code": "8.1", "name": "MIXED WOOD PLAINS"}, "geometry": {"type": "Polygon", "coordinates": [[[-70.73698181841968, 43.071445455281456], [-70.71137272841405, 43.05837272736856], [-70.71357272817436, 43.054827272233865], [-70.73698181841968, 43.071445455281456]]]}}, {"type": "Feature", "properties": {"code": "8.1", "name": "MIXED WOOD PLAINS"}, "geometry": {"type": "Polygon", "coordinates": [[[-70.74031818201621, 43.06854545545553], [-70.74173636240619, 43.071109090951815], [-70.73920000129326, 43.0714909086754], [-70.74031818201621, 43.06854545545553]]]}}, {"type": "Feature", "properties": {"code": "8.1", "name": "MIXED WOOD PLAINS"}, "geometry": {"type": "Polygon", "coordinates": [[[-70.7408000000508, 43.07479090923416], [-70.74340000121619, 43.0740909094381], [-70.74853636433359, 43.07519999983642], [-70.7408000000508, 43.07479090923416]]]}}, {"type": "Feature", "properties": {"code": "8.1", "name": "MIXED WOOD PLAINS"}, "geometry": {"type": "Polygon", "coordinates": [[[-70.74609090853602, 43.06507272677543], [-70.74795454554268, 43.06644545362199], [-70.74345454472358, 43.066899999662795], [-70.74609090853602, 43.06507272677543]]]}}, {"type": "Feature", "properties": {"code": "8.1", "name": "MIXED WOOD PLAINS"}, "geometry": {"type": "Polygon", "coordinates": [[[-70.74727272735622, 43.07614545452357], [-70.74890000063294, 43.07649090873308], [-70.74870000044658, 43.077490908878524], [-70.74727272735622, 43.07614545452357]]]}}, {"type": "Feature", "properties": {"code": "8.1", "name": "MIXED WOOD PLAINS"}, "geometry": {"type": "Polygon", "coordinates": [[[-70.75379090903634, 43.08318181756352], [-70.75199999971579, 43.080590910001696], [-70.75580000150723, 43.08169090909848], [-70.75379090903634, 43.08318181756352]]]}}, {"type": "Feature", "properties": {"code": "8.1", "name": "MIXED WOOD PLAINS"}, "geometry": {"type": "Polygon", "coordinates": [[[-70.81920909127543, 41.62675454488796], [-70.81670909102054, 41.625336363829206], [-70.81765454483887, 41.623745453489484], [-70.81920909127543, 41.62675454488796]]]}}, {"type": "Feature", "properties": {"code": "8.1", "name": "MIXED WOOD PLAINS"}, "geometry": {"type": "Polygon", "coordinates": [[[-70.91626363752748, 41.64260909088093], [-70.914681817843, 41.63930000024615], [-70.91804545356551, 41.64110000021836], [-70.91626363752748, 41.64260909088093]]]}}, {"type": "Feature", "properties": {"code": "8.1", "name": "MIXED WOOD PLAINS"}, "geometry": {"type": "Polygon", "coordinates": [[[-70.92008181837438, 41.63990000005341], [-70.91954545404383, 41.63740909068865], [-70.92064545503315, 41.63770909078756], [-70.92008181837438, 41.63990000005341]]]}}, {"type": "Feature", "properties": {"code": "8.1", "name": "MIXED WOOD PLAINS"}, "geometry": {"type": "Polygon", "coordinates": [[[-70.93392727141966, 42.30207272830227], [-70.93764545509417, 42.28474545364135], [-70.95044545422459, 42.289336364080484], [-70.93392727141966, 42.30207272830227]]]}}, {"type": "Feature", "properties": {"code": "8.1", "name": "MIXED WOOD PLAINS"}, "geometry": {"type": "Polygon", "coordinates": [[[-70.97709090868109, 42.310436363923245], [-70.96510909135142, 42.325345453852634], [-70.95399999870608, 42.330290909314556], [-70.96619999970652, 42.313618182372224], [-70.97709090868109, 42.310436363923245]]]}}, {"type": "Feature", "properties": {"code": "8.1", "name": "MIXED WOOD PLAINS"}, "geometry": {"type": "Polygon", "coordinates": [[[-70.98416363635198, 42.321545454521655], [-70.99106363736283, 42.32660000056619], [-70.98395454531223, 42.3280727269114], [-70.98416363635198, 42.321545454521655]]]}}, {"type": "Feature", "properties": {"code": "8.1", "name": "MIXED WOOD PLAINS"}, "geometry": {"type": "Polygon", "coordinates": [[[-71.00699999926262, 42.320700000204454], [-71.01156363759, 42.308981818087325], [-71.01717272814462, 42.31190909116615], [-71.00699999926262, 42.320700000204454]]]}}, {"type": "Feature", "properties": {"code": "8.1", "name": "MIXED WOOD PLAINS"}, "geometry": {"type": "Polygon", "coordinates": [[[-71.14152213319598, 46.845910030694355], [-70.93468870596381, 46.99826074603501], [-70.85454273497248, 47.02303927509161], [-70.7999198661111, 47.02262031969299], [-70.89298112191476, 46.92095400799855], [-71.0093275230157, 46.85899237928895], [-71.14152213319598, 46.845910030694355]]]}}, {"type": "Feature", "properties": {"code": "8.1", "name": "MIXED WOOD PLAINS"}, "geometry": {"type": "Polygon", "coordinates": [[[-71.22016363640742, 41.65598181817672], [-71.24372727240733, 41.59404545523564], [-71.22781818243844, 41.52838181783681], [-71.24698181757852, 41.49343636414664], [-71.24064545341278, 41.47528181794661], [-71.28560909065932, 41.48889090853395], [-71.30793636427043, 41.451781818529476], [-71.3554272729277, 41.44902727299387], [-71.36324545551395, 41.460609090893584], [-71.36143636255343, 41.46490909110836], [-71.3162363629693, 41.47749999968684], [-71.331118180776, 41.5180272730962], [-71.31156363596739, 41.52259090879115], [-71.27498181776804, 41.61986363624205], [-71.22016363640742, 41.65598181817672]], [[-71.26102727309656, 41.62683636434594], [-71.26027272794197, 41.62659090861586], [-71.26022727292002, 41.626790909196515], [-71.26102727309656, 41.62683636434594]]]}}, {"type": "Feature", "properties": {"code": "8.1", "name": "MIXED WOOD PLAINS"}, "geometry": {"type": "Polygon", "coordinates": [[[-71.28576363628669, 41.63708181784317], [-71.2758909088016, 41.63959090913768], [-71.2722454544609, 41.63705454477899], [-71.28576363628669, 41.63708181784317]]]}}, {"type": "Feature", "properties": {"code": "8.1", "name": "MIXED WOOD PLAINS"}, "geometry": {"type": "Polygon", "coordinates": [[[-71.32469090913533, 41.51339999977194], [-71.33070909128284, 41.50722727281139], [-71.3290181817713, 41.51417272728513], [-71.32469090913533, 41.51339999977194]]]}}, {"type": "Feature", "properties": {"code": "8.1", "name": "MIXED WOOD PLAINS"}, "geometry": {"type": "Polygon", "coordinates": [[[-71.32860000014, 41.49158181894848], [-71.32530909067717, 41.48761818214852], [-71.32786363609719, 41.482827273357934], [-71.32860000014, 41.49158181894848]]]}}, {"type": "Feature", "properties": {"code": "8.1", "name": "MIXED WOOD PLAINS"}, "geometry": {"type": "Polygon", "coordinates": [[[-71.34871818182798, 41.665418181651766], [-71.34346363699349, 41.64014545511239], [-71.304136363712, 41.61889090848646], [-71.32534545405017, 41.57858181781341], [-71.33708181840085, 41.593063636300286], [-71.32541818182635, 41.623854545519436], [-71.35309090900515, 41.64030000020982], [-71.34871818182798, 41.665418181651766]]]}}, {"type": "Feature", "properties": {"code": "8.1", "name": "MIXED WOOD PLAINS"}, "geometry": {"type": "Polygon", "coordinates": [[[-71.35769090911879, 41.660809091230135], [-71.36049999932949, 41.64990909112299], [-71.36708181922693, 41.660499999806994], [-71.35769090911879, 41.660809091230135]]]}}, {"type": "Feature", "properties": {"code": "8.1", "name": "MIXED WOOD PLAINS"}, "geometry": {"type": "Polygon", "coordinates": [[[-71.36990000002382, 41.57319090914785], [-71.3547363637585, 41.48034545449961], [-71.37546363611494, 41.473918182085455], [-71.38566363646463, 41.488118182071986], [-71.38190909130819, 41.467590908646926], [-71.39979090938438, 41.44852727269695], [-71.40065454469301, 41.49046363544913], [-71.3813636358025, 41.489609090173566], [-71.37791818221007, 41.506227272706305], [-71.39249090891823, 41.51778181772931], [-71.38598181861813, 41.553036362690484], [-71.36990000002382, 41.57319090914785]]]}}, {"type": "Feature", "properties": {"code": "8.1", "name": "MIXED WOOD PLAINS"}, "geometry": {"type": "Polygon", "coordinates": [[[-71.96180909111972, 41.32353636398615], [-71.96421818166893, 41.3213454550979], [-71.96364545475885, 41.32415454603871], [-71.96180909111972, 41.32353636398615]]]}}, {"type": "Feature", "properties": {"code": "8.1", "name": "MIXED WOOD PLAINS"}, "geometry": {"type": "Polygon", "coordinates": [[[-72.34072727170363, 41.29777272694756], [-72.32613636386178, 41.289818181666284], [-72.32490000066129, 41.281190908909686], [-72.33311818148218, 41.282509091200524], [-72.34072727170363, 41.29777272694756]]]}}, {"type": "Feature", "properties": {"code": "8.1", "name": "MIXED WOOD PLAINS"}, "geometry": {"type": "Polygon", "coordinates": [[[-72.58182769506517, 40.99013453588348], [-72.76179577795615, 40.95211782699397], [-72.9884710200267, 40.94249810811263], [-73.058316881365, 40.92798997764732], [-73.08595448068505, 40.89276203562478], [-73.15828161227871, 40.859941726387376], [-73.32132463701306, 40.84851156716843], [-73.47461019792641, 40.72350087343202], [-73.50191978929611, 40.65996241940537], [-73.69131964048498, 40.64191254911948], [-73.74625260263944, 40.66590455783182], [-73.82351203361337, 40.673654604772175], [-73.92229834351876, 40.63217914687855], [-73.94598687561526, 40.58802759034702], [-73.99847737198131, 40.58981200910567], [-74.04036363573337, 40.61530909126206], [-74.03869999972265, 40.63970000009274], [-73.99960000027762, 40.6643545453937], [-73.99870000003276, 40.67181818183044], [-74.00293636283914, 40.6673363637663], [-74.00527272700764, 40.67088181826744], [-74.01158181823408, 40.66506363595403], [-74.01536363754174, 40.66467272698067], [-74.0173272724512, 40.66514545465892], [-74.01929999995119, 40.67961818231079], [-73.99359091014868, 40.70459999967741], [-73.96955454638451, 40.70044545543369], [-73.95913636401951, 40.7460272725837], [-73.90992727309677, 40.790872727244285], [-73.89031818151112, 40.773218182049476], [-73.86976363634076, 40.785227271952046], [-73.85162727368605, 40.759345453835806], [-73.83903636367255, 40.76592727305329], [-73.8536454554364, 40.79410000005608], [-73.77795454471986, 40.79675454582249], [-73.75383636326231, 40.76538181780115], [-73.74620909129172, 40.783236364092105], [-73.76569999937897, 40.811500000226744], [-73.75346363599056, 40.83819090933384], [-73.72009090901207, 40.8206272728508], [-73.71645454514503, 40.80557272658601], [-73.71237272781585, 40.79756363629226], [-73.70973636341233, 40.79563636324353], [-73.69910000012158, 40.83358181807108], [-73.727690908986, 40.83285454541431], [-73.73810909144326, 40.84880909138078], [-73.71316363541855, 40.87074545424986], [-73.67563636413361, 40.857018182249895], [-73.64996363663303, 40.827972727131275], [-73.65717272738975, 40.8258272735154], [-73.65331818221279, 40.805509091007956], [-73.64949090935437, 40.800809091552125], [-73.6446545460189, 40.82319999972842], [-73.65397272861357, 40.84471818187884], [-73.63559090895274, 40.861727273130946], [-73.6514727273282, 40.856790908777086], [-73.65448181841934, 40.87865454581854], [-73.63323636337755, 40.90279090942511], [-73.57030909115333, 40.91548181761498], [-73.522281817878, 40.918200000109046], [-73.50786363566203, 40.901536363850575], [-73.53294545504231, 40.88525454517655], [-73.52698181866268, 40.914190908784256], [-73.5787636353113, 40.90430909124005], [-73.56589090936669, 40.88195454633789], [-73.56739999863365, 40.89668181791985], [-73.54858181852973, 40.901972726690914], [-73.54188181850998, 40.87677272809269], [-73.50658181795012, 40.87196363619453], [-73.50917272801335, 40.892881817717175], [-73.49517272754369, 40.89502727188314], [-73.46390909005062, 40.8579909094171], [-73.49701818153706, 40.92339090933611], [-73.48494545391955, 40.947081818444644], [-73.43727272711581, 40.934400000176396], [-73.42886363592476, 40.92087272714398], [-73.43453636279935, 40.9146363631016], [-73.43450000106057, 40.91842727279588], [-73.43253636276073, 40.919363635720366], [-73.43391818130645, 40.91988181831848], [-73.43164545518522, 40.92118181833136], [-73.43140909057502, 40.92421818196081], [-73.48303636352152, 40.912854544729456], [-73.4834181824529, 40.908554545809714], [-73.43406363569491, 40.90783636369063], [-73.4477636362047, 40.89952727285024], [-73.41976363650971, 40.88455454500846], [-73.43353636434715, 40.90582727240547], [-73.39609090942592, 40.909027272270215], [-73.37377272651827, 40.892663636928155], [-73.3746272733234, 40.91375454522489], [-73.36304545455849, 40.88848181759601], [-73.35352727253321, 40.89240909088681], [-73.35229090884036, 40.92312727266433], [-73.37884545536726, 40.92521818213025], [-73.36952727302116, 40.931318182094714], [-73.38169090937016, 40.942636363638876], [-73.40651818268122, 40.916299999874916], [-73.40031818143689, 40.955263636936756], [-73.34551818228086, 40.92089090880855], [-73.32404545448888, 40.92944545367388], [-73.23099090866727, 40.90483636374297], [-73.1489000003959, 40.92966363577406], [-73.18077272637254, 40.917281818253315], [-73.18136363691949, 40.903381817613145], [-73.17644545382191, 40.89673636426425], [-73.17122727278738, 40.89300909081776], [-73.13710000064226, 40.934854544869296], [-73.13859999959676, 40.94664545394212], [-73.14774545489009, 40.92592727285391], [-73.14420000032848, 40.955572727358934], [-73.15890909084038, 40.967381819106585], [-73.11852727296917, 40.97765454539656], [-73.09004545491351, 40.96621818187047], [-73.11548181757686, 40.974309090724006], [-73.12608181947584, 40.952863636335074], [-73.11246363630904, 40.970172727123995], [-73.07236363576902, 40.94605454487726], [-73.07465454552909, 40.97099090898828], [-73.08024545472682, 40.96799090873492], [-73.0894636356454, 40.969181817836386], [-73.09151818157906, 40.97168181820837], [-73.09175454564955, 40.97302727168248], [-73.07744545514852, 40.9730999996948], [-73.04467272716339, 40.96540909122446], [-73.03184545536182, 40.95014545443353], [-73.02041818195733, 40.96321818183209], [-73.04252727351914, 40.96315454482463], [-73.04274545568903, 40.96570909070979], [-72.77407272833283, 40.96536363641699], [-72.6342181820378, 40.982081817705996], [-72.56493312596984, 41.00986312907393], [-72.58182769506517, 40.99013453588348]]]}}, {"type": "Feature", "properties": {"code": "8.1", "name": "MIXED WOOD PLAINS"}, "geometry": {"type": "Polygon", "coordinates": [[[-72.74015454522714, 41.256081818177584], [-72.74215454650331, 41.25431818197235], [-72.74196363687776, 41.25610909122071], [-72.74015454522714, 41.256081818177584]]]}}, {"type": "Feature", "properties": {"code": "8.1", "name": "MIXED WOOD PLAINS"}, "geometry": {"type": "Polygon", "coordinates": [[[-72.74088181839434, 41.25363636451488], [-72.74268181896359, 41.25237272719263], [-72.74304545374684, 41.252899999484455], [-72.74088181839434, 41.25363636451488]]]}}, {"type": "Feature", "properties": {"code": "8.1", "name": "MIXED WOOD PLAINS"}, "geometry": {"type": "Polygon", "coordinates": [[[-72.7450454555251, 41.25022727296596], [-72.74639090911346, 41.251000000084865], [-72.74554545411716, 41.251618181975374], [-72.7450454555251, 41.25022727296596]]]}}, {"type": "Feature", "properties": {"code": "8.1", "name": "MIXED WOOD PLAINS"}, "geometry": {"type": "Polygon", "coordinates": [[[-72.74657272746701, 41.25251818223168], [-72.74864545554529, 41.252536362960704], [-72.74650000070909, 41.25337272674419], [-72.74657272746701, 41.25251818223168]]]}}, {"type": "Feature", "properties": {"code": "8.1", "name": "MIXED WOOD PLAINS"}, "geometry": {"type": "Polygon", "coordinates": [[[-72.74712727263862, 41.255972727864254], [-72.74928181791013, 41.254309091217074], [-72.74979090888297, 41.25458181777151], [-72.74712727263862, 41.255972727864254]]]}}, {"type": "Feature", "properties": {"code": "8.1", "name": "MIXED WOOD PLAINS"}, "geometry": {"type": "Polygon", "coordinates": [[[-72.74822727357757, 41.253954544738896], [-72.74864545507114, 41.25423636410716], [-72.74828181793738, 41.25449091038944], [-72.74822727357757, 41.253954544738896]]]}}, {"type": "Feature", "properties": {"code": "8.1", "name": "MIXED WOOD PLAINS"}, "geometry": {"type": "Polygon", "coordinates": [[[-72.74964545503528, 41.247027272049436], [-72.7501454537088, 41.24724545367344], [-72.74952727173823, 41.24738181757725], [-72.74964545503528, 41.247027272049436]]]}}, {"type": "Feature", "properties": {"code": "8.1", "name": "MIXED WOOD PLAINS"}, "geometry": {"type": "Polygon", "coordinates": [[[-72.75224545450682, 41.259672727102014], [-72.75301818238975, 41.259681817928005], [-72.75214545486277, 41.2599363627761], [-72.75224545450682, 41.259672727102014]]]}}, {"type": "Feature", "properties": {"code": "8.1", "name": "MIXED WOOD PLAINS"}, "geometry": {"type": "Polygon", "coordinates": [[[-72.75248181745867, 41.25015454492096], [-72.75230909055159, 41.24899999964568], [-72.75205454555756, 41.24840909102247], [-72.75299090872, 41.247800000189784], [-72.75248181745867, 41.25015454492096]]]}}, {"type": "Feature", "properties": {"code": "8.1", "name": "MIXED WOOD PLAINS"}, "geometry": {"type": "Polygon", "coordinates": [[[-72.75425454462255, 41.249536363210446], [-72.75461818257052, 41.24696363602626], [-72.75655454543339, 41.246518182119], [-72.75425454462255, 41.249536363210446]]]}}, {"type": "Feature", "properties": {"code": "8.1", "name": "MIXED WOOD PLAINS"}, "geometry": {"type": "Polygon", "coordinates": [[[-72.75474545371841, 41.262754545959965], [-72.75554545550469, 41.26289999973591], [-72.75480909156836, 41.26315454612868], [-72.75474545371841, 41.262754545959965]]]}}, {"type": "Feature", "properties": {"code": "8.1", "name": "MIXED WOOD PLAINS"}, "geometry": {"type": "Polygon", "coordinates": [[[-72.75480908956078, 41.256209091024736], [-72.75395454485805, 41.254427273071485], [-72.75867272792081, 41.25377272723173], [-72.75480908956078, 41.256209091024736]]]}}, {"type": "Feature", "properties": {"code": "8.1", "name": "MIXED WOOD PLAINS"}, "geometry": {"type": "Polygon", "coordinates": [[[-72.75496363559958, 41.26329090924744], [-72.75509090940251, 41.26348181823358], [-72.7547727281858, 41.26359091024565], [-72.75496363559958, 41.26329090924744]]]}}, {"type": "Feature", "properties": {"code": "8.1", "name": "MIXED WOOD PLAINS"}, "geometry": {"type": "Polygon", "coordinates": [[[-72.75524545337704, 41.25030000021558], [-72.75906363625151, 41.24892727309455], [-72.75534545356925, 41.251100000137676], [-72.75524545337704, 41.25030000021558]]]}}, {"type": "Feature", "properties": {"code": "8.1", "name": "MIXED WOOD PLAINS"}, "geometry": {"type": "Polygon", "coordinates": [[[-72.757081818395, 41.25697272690178], [-72.75850909102383, 41.25649999978021], [-72.75712727334795, 41.257072727317336], [-72.757081818395, 41.25697272690178]]]}}, {"type": "Feature", "properties": {"code": "8.1", "name": "MIXED WOOD PLAINS"}, "geometry": {"type": "Polygon", "coordinates": [[[-72.7577090910742, 41.24553636383036], [-72.7573454545125, 41.24389999972001], [-72.75932727200835, 41.24401818174002], [-72.7577090910742, 41.24553636383036]]]}}, {"type": "Feature", "properties": {"code": "8.1", "name": "MIXED WOOD PLAINS"}, "geometry": {"type": "Polygon", "coordinates": [[[-72.76149090925954, 41.263009091277546], [-72.76230909144802, 41.26300000028686], [-72.76145454467992, 41.263272727178176], [-72.76149090925954, 41.263009091277546]]]}}, {"type": "Feature", "properties": {"code": "8.1", "name": "MIXED WOOD PLAINS"}, "geometry": {"type": "Polygon", "coordinates": [[[-72.76334545531645, 41.26004545516336], [-72.76148181837173, 41.25855454508311], [-72.76392727241425, 41.258700000223854], [-72.76334545531645, 41.26004545516336]]]}}, {"type": "Feature", "properties": {"code": "8.1", "name": "MIXED WOOD PLAINS"}, "geometry": {"type": "Polygon", "coordinates": [[[-72.76418181775, 41.26394545535724], [-72.76332727229617, 41.26291818143825], [-72.76412727208306, 41.2629272721302], [-72.76418181775, 41.26394545535724]]]}}, {"type": "Feature", "properties": {"code": "8.1", "name": "MIXED WOOD PLAINS"}, "geometry": {"type": "Polygon", "coordinates": [[[-72.76531818251041, 41.263118181704094], [-72.76580908971837, 41.26347272804571], [-72.76518181778926, 41.26332727262241], [-72.76531818251041, 41.263118181704094]]]}}, {"type": "Feature", "properties": {"code": "8.1", "name": "MIXED WOOD PLAINS"}, "geometry": {"type": "Polygon", "coordinates": [[[-73.38511818186284, 41.093254546432284], [-73.38232727304717, 41.09616363676447], [-73.38110909087261, 41.0962909086592], [-73.3793818173602, 41.095427272110214], [-73.3792818184045, 41.09489999994076], [-73.38511818186284, 41.093254546432284]]]}}, {"type": "Feature", "properties": {"code": "8.1", "name": "MIXED WOOD PLAINS"}, "geometry": {"type": "Polygon", "coordinates": [[[-73.5030000014493, 41.04315454539934], [-73.50156363547434, 41.049981817862616], [-73.49643636441638, 41.048400000215906], [-73.5030000014493, 41.04315454539934]]]}}, {"type": "Feature", "properties": {"code": "8.1", "name": "MIXED WOOD PLAINS"}, "geometry": {"type": "Polygon", "coordinates": [[[-73.50657272655123, 41.037481818896644], [-73.50465454637681, 41.0359181821556], [-73.50716363582289, 41.037000000036954], [-73.50657272655123, 41.037481818896644]]]}}, {"type": "Feature", "properties": {"code": "8.1", "name": "MIXED WOOD PLAINS"}, "geometry": {"type": "Polygon", "coordinates": [[[-73.6623090913554, 40.98238181796515], [-73.66212727230673, 40.9662363638029], [-73.6720454555414, 40.96672727320612], [-73.6623090913554, 40.98238181796515]]]}}, {"type": "Feature", "properties": {"code": "8.1", "name": "MIXED WOOD PLAINS"}, "geometry": {"type": "Polygon", "coordinates": [[[-73.7703363634807, 40.887818181822965], [-73.7700636364802, 40.88000000005529], [-73.77443636365152, 40.88254545452109], [-73.7703363634807, 40.887818181822965]]]}}, {"type": "Feature", "properties": {"code": "8.1", "name": "MIXED WOOD PLAINS"}, "geometry": {"type": "Polygon", "coordinates": [[[-73.77250000042328, 40.85178181790395], [-73.76527272747776, 40.8552181817704], [-73.76790000043951, 40.84517272731119], [-73.77250000042328, 40.85178181790395]]]}}, {"type": "Feature", "properties": {"code": "8.1", "name": "MIXED WOOD PLAINS"}, "geometry": {"type": "Polygon", "coordinates": [[[-73.78622727354353, 40.886236363052], [-73.78184545516885, 40.8814727280307], [-73.78672727238371, 40.88335454517555], [-73.78622727354353, 40.886236363052]]]}}, {"type": "Feature", "properties": {"code": "8.1", "name": "MIXED WOOD PLAINS"}, "geometry": {"type": "Polygon", "coordinates": [[[-73.79135454585436, 40.84767272739632], [-73.7825000001477, 40.847209090721705], [-73.78343636339406, 40.83715454614092], [-73.79135454585436, 40.84767272739632]]]}}, {"type": "Feature", "properties": {"code": "8.1", "name": "MIXED WOOD PLAINS"}, "geometry": {"type": "Polygon", "coordinates": [[[-73.82058181766332, 40.87666363632193], [-73.82102727271145, 40.876709091383795], [-73.82086363747963, 40.87717272707103], [-73.82058181766332, 40.87666363632193]]]}}, {"type": "Feature", "properties": {"code": "8.1", "name": "MIXED WOOD PLAINS"}, "geometry": {"type": "Polygon", "coordinates": [[[-73.88899999962202, 40.78733636253137], [-73.87224545439788, 40.7909727272275], [-73.87158181813585, 40.786763635700495], [-73.88899999962202, 40.78733636253137]]]}}, {"type": "Feature", "properties": {"code": "8.1", "name": "MIXED WOOD PLAINS"}, "geometry": {"type": "Polygon", "coordinates": [[[-73.89692727225192, 40.80035454527116], [-73.8993090904285, 40.801963636650754], [-73.89685454489185, 40.80174545468538], [-73.89692727225192, 40.80035454527116]]]}}, {"type": "Feature", "properties": {"code": "8.1", "name": "MIXED WOOD PLAINS"}, "geometry": {"type": "Polygon", "coordinates": [[[-73.89734545495797, 40.79709999961184], [-73.89796363694158, 40.79555454618771], [-73.899518181758, 40.796354545313605], [-73.89734545495797, 40.79709999961184]]]}}, {"type": "Feature", "properties": {"code": "8.1", "name": "MIXED WOOD PLAINS"}, "geometry": {"type": "Polygon", "coordinates": [[[-73.92563636426937, 40.80197272681244], [-73.92731818141337, 40.781081818029804], [-73.9360090916812, 40.78394545375314], [-73.92563636426937, 40.80197272681244]]]}}, {"type": "Feature", "properties": {"code": "8.1", "name": "MIXED WOOD PLAINS"}, "geometry": {"type": "Polygon", "coordinates": [[[-73.94099090943229, 40.76944545486088], [-73.9616272717594, 40.74946363715256], [-73.94002727282054, 40.77289999980824], [-73.94099090943229, 40.76944545486088]]]}}, {"type": "Feature", "properties": {"code": "8.1", "name": "MIXED WOOD PLAINS"}, "geometry": {"type": "Polygon", "coordinates": [[[-74.01976363546562, 40.693100000154494], [-74.01475454443676, 40.68728181821344], [-74.02657272786047, 40.68509090937878], [-74.01976363546562, 40.693100000154494]]]}}, {"type": "Feature", "properties": {"code": "8.1", "name": "MIXED WOOD PLAINS"}, "geometry": {"type": "Polygon", "coordinates": [[[-74.04387272814161, 40.69015454593092], [-74.04630000070706, 40.68931818190665], [-74.04722727300448, 40.69092727259067], [-74.04387272814161, 40.69015454593092]]]}}, {"type": "Feature", "properties": {"code": "8.1", "name": "MIXED WOOD PLAINS"}, "geometry": {"type": "Polygon", "coordinates": [[[-75.79278181802515, 44.43411818222028], [-75.79379999833507, 44.41996363662429], [-75.8110999998424, 44.41614545458424], [-75.79278181802515, 44.43411818222028]]]}}, {"type": "Feature", "properties": {"code": "8.1", "name": "MIXED WOOD PLAINS"}, "geometry": {"type": "Polygon", "coordinates": [[[-75.91375063600151, 44.383654054389424], [-75.87932474955151, 44.416247829195875], [-75.85153193636918, 44.4336156233115], [-75.85040483510835, 44.41593272895163], [-75.91375063600151, 44.383654054389424]]]}}, {"type": "Feature", "properties": {"code": "8.1", "name": "MIXED WOOD PLAINS"}, "geometry": {"type": "Polygon", "coordinates": [[[-75.9199818180357, 44.36638181812334], [-75.93834545457254, 44.32647272698772], [-76.01541818208241, 44.285554546468305], [-76.04354545486055, 44.296836364128616], [-76.02456363577535, 44.3236181817345], [-76.05744545344218, 44.31882727345682], [-75.97498181747707, 44.34548181786368], [-75.97415454535971, 44.34007272675908], [-75.99600000056587, 44.330918181787354], [-76.0062181820673, 44.322927273096326], [-76.00820000022118, 44.3231181818651], [-76.00868181955353, 44.322554546033935], [-75.99538181805188, 44.31677272708946], [-75.9199818180357, 44.36638181812334]]]}}, {"type": "Feature", "properties": {"code": "8.1", "name": "MIXED WOOD PLAINS"}, "geometry": {"type": "Polygon", "coordinates": [[[-76.05273636377214, 44.29224545554731], [-76.04438181753481, 44.288736363868225], [-76.05865454472524, 44.2832909094693], [-76.05273636377214, 44.29224545554731]]]}}, {"type": "Feature", "properties": {"code": "8.1", "name": "MIXED WOOD PLAINS"}, "geometry": {"type": "Polygon", "coordinates": [[[-76.05568181840175, 44.258645454323485], [-76.06173636373514, 44.2525181824324], [-76.06695454589014, 44.25255454666257], [-76.05568181840175, 44.258645454323485]]]}}, {"type": "Feature", "properties": {"code": "8.1", "name": "MIXED WOOD PLAINS"}, "geometry": {"type": "Polygon", "coordinates": [[[-76.07391818243721, 44.30279090883064], [-76.08052727168145, 44.27551818222884], [-76.12231818175319, 44.251345453529616], [-76.16139999951632, 44.26245454534517], [-76.14712727265179, 44.28724545355533], [-76.133209091284, 44.288945454909154], [-76.13282727285274, 44.275636364292495], [-76.09092727344986, 44.30004545419444], [-76.09733636422767, 44.28950909077434], [-76.08944545553997, 44.28134545390566], [-76.07391818243721, 44.30279090883064]]]}}, {"type": "Feature", "properties": {"code": "8.1", "name": "MIXED WOOD PLAINS"}, "geometry": {"type": "Polygon", "coordinates": [[[-76.08012727274203, 44.246245454202665], [-76.07860908957261, 44.24431818222245], [-76.08097272671213, 44.24599090975606], [-76.08012727274203, 44.246245454202665]]]}}, {"type": "Feature", "properties": {"code": "8.1", "name": "MIXED WOOD PLAINS"}, "geometry": {"type": "Polygon", "coordinates": [[[-76.2166395649088, 44.21752250376754], [-76.38449724644431, 44.20254668520285], [-76.35792341413126, 44.1832778300829], [-76.3825946690647, 44.14123907510689], [-76.35896355239046, 44.14070516156465], [-76.43186284564851, 44.11010824759141], [-76.4889377503324, 44.106431941641205], [-76.45460895924516, 44.13972048806283], [-76.51317315423701, 44.14315133587386], [-76.51137499072443, 44.162518110041866], [-76.4296724406861, 44.200453647502975], [-76.42792792362413, 44.21693960495884], [-76.34769336494051, 44.234777938515485], [-76.28882601937879, 44.222061684832916], [-76.18058042908342, 44.23752079858699], [-76.2166395649088, 44.21752250376754]]]}}, {"type": "Feature", "properties": {"code": "8.1", "name": "MIXED WOOD PLAINS"}, "geometry": {"type": "Polygon", "coordinates": [[[-76.28405454490039, 44.188781818667245], [-76.26450909031382, 44.17849090918145], [-76.30835454502247, 44.16709090931845], [-76.3114272730683, 44.16944545483832], [-76.28405454490039, 44.188781818667245]]]}}, {"type": "Feature", "properties": {"code": "8.1", "name": "MIXED WOOD PLAINS"}, "geometry": {"type": "Polygon", "coordinates": [[[-76.30162727141226, 43.9172363639426], [-76.32695454470566, 43.881536364525616], [-76.35669090875902, 43.877872727136996], [-76.34521818219052, 43.894190909775276], [-76.30162727141226, 43.9172363639426]]]}}, {"type": "Feature", "properties": {"code": "8.1", "name": "MIXED WOOD PLAINS"}, "geometry": {"type": "Polygon", "coordinates": [[[-76.31778181912983, 44.0503818192111], [-76.32247272633778, 44.03034545521115], [-76.33820909053443, 44.032818182560895], [-76.32994545478071, 44.04391818198671], [-76.31778181912983, 44.0503818192111]]]}}, {"type": "Feature", "properties": {"code": "8.1", "name": "MIXED WOOD PLAINS"}, "geometry": {"type": "Polygon", "coordinates": [[[-76.34157272813638, 44.054145455572204], [-76.35911818196408, 44.03370000012588], [-76.38499090908641, 44.03668181831877], [-76.36940000048958, 44.05254545558501], [-76.34157272813638, 44.054145455572204]]]}}, {"type": "Feature", "properties": {"code": "8.1", "name": "MIXED WOOD PLAINS"}, "geometry": {"type": "Polygon", "coordinates": [[[-76.35374494054986, 44.249307567608966], [-76.30058435063285, 44.29269842073838], [-76.20296349003962, 44.29997139800363], [-76.21329852605254, 44.28222634156473], [-76.30159893113671, 44.25007912784061], [-76.35374494054986, 44.249307567608966]]]}}, {"type": "Feature", "properties": {"code": "8.1", "name": "MIXED WOOD PLAINS"}, "geometry": {"type": "Polygon", "coordinates": [[[-76.41025775680956, 44.04422329728415], [-76.4131306377915, 44.06815987913447], [-76.37621821610377, 44.0662039509087], [-76.39412123329117, 44.0435136204807], [-76.41025775680956, 44.04422329728415]]]}}, {"type": "Feature", "properties": {"code": "8.1", "name": "MIXED WOOD PLAINS"}, "geometry": {"type": "Polygon", "coordinates": [[[-76.44374638959913, 43.887072898439385], [-76.44384545351575, 43.887090909482104], [-76.44391811504643, 43.88713021498508], [-76.44374638959913, 43.887072898439385]]]}}, {"type": "Feature", "properties": {"code": "8.1", "name": "MIXED WOOD PLAINS"}, "geometry": {"type": "Polygon", "coordinates": [[[-76.44393636292399, 43.887154546784274], [-76.4094363628849, 43.919036364777234], [-76.3765879308473, 43.921359817818384], [-76.4006090914937, 43.90180000002861], [-76.44393636292399, 43.887154546784274]]]}}, {"type": "Feature", "properties": {"code": "8.1", "name": "MIXED WOOD PLAINS"}, "geometry": {"type": "Polygon", "coordinates": [[[-76.47935054122331, 43.91102272412313], [-76.46650553494759, 43.932761461519306], [-76.4265704654406, 43.94214342860048], [-76.43187024599025, 43.92276336232083], [-76.47935054122331, 43.91102272412313]]]}}, {"type": "Feature", "properties": {"code": "8.1", "name": "MIXED WOOD PLAINS"}, "geometry": {"type": "Polygon", "coordinates": [[[-76.70714671952787, 44.10452878157052], [-76.76771704116415, 44.102303605547064], [-76.8163582746628, 44.12404846274134], [-76.80150794740277, 44.1418048263227], [-76.69051982060293, 44.179265257829286], [-76.62256394893345, 44.18451807333715], [-76.70714671952787, 44.10452878157052]]]}}, {"type": "Feature", "properties": {"code": "8.1", "name": "MIXED WOOD PLAINS"}, "geometry": {"type": "Polygon", "coordinates": [[[-76.94456363762764, 43.270945455024446], [-76.94200000031726, 43.2624636357807], [-76.94338181920646, 43.260418182278514], [-76.94456363762764, 43.270945455024446]]]}}, {"type": "Feature", "properties": {"code": "8.1", "name": "MIXED WOOD PLAINS"}, "geometry": {"type": "Polygon", "coordinates": [[[-76.94842727165545, 43.26076363621471], [-76.94835454649977, 43.25256363719062], [-76.95409999963404, 43.25939090876855], [-76.94842727165545, 43.26076363621471]]]}}, {"type": "Feature", "properties": {"code": "8.1", "name": "MIXED WOOD PLAINS"}, "geometry": {"type": "Polygon", "coordinates": [[[-76.96734545381595, 43.27268181816192], [-76.95064545430274, 43.270181818402364], [-76.95859090939875, 43.26950909132342], [-76.96495454643873, 43.27003636423487], [-76.96734545381595, 43.27268181816192]]]}}, {"type": "Feature", "properties": {"code": "8.1", "name": "MIXED WOOD PLAINS"}, "geometry": {"type": "Polygon", "coordinates": [[[-78.88676363650038, 43.0237909092222], [-78.88264545398403, 43.02959090904474], [-78.88567272737917, 43.02324545468892], [-78.88676363650038, 43.0237909092222]]]}}, {"type": "Feature", "properties": {"code": "8.1", "name": "MIXED WOOD PLAINS"}, "geometry": {"type": "Polygon", "coordinates": [[[-78.90859999981377, 42.93360000062953], [-78.90113636351569, 42.927090908658776], [-78.90276363595096, 42.91287272667055], [-78.90859999981377, 42.93360000062953]]]}}, {"type": "Feature", "properties": {"code": "8.1", "name": "MIXED WOOD PLAINS"}, "geometry": {"type": "Polygon", "coordinates": [[[-78.95991818063982, 42.962081818010574], [-78.95649090905134, 42.95850000079874], [-78.96388181737312, 42.96121818109105], [-78.95991818063982, 42.962081818010574]]]}}, {"type": "Feature", "properties": {"code": "8.1", "name": "MIXED WOOD PLAINS"}, "geometry": {"type": "Polygon", "coordinates": [[[-79.00517272678796, 43.067254546693455], [-78.90146363529402, 43.0425363634904], [-78.89402727259696, 43.02471818192927], [-78.94388181753123, 42.995445454955984], [-78.94621818156385, 42.95740909114243], [-79.01350909092208, 42.98896363642321], [-79.02177272716384, 43.0138727270865], [-78.99047272660718, 43.05940000052424], [-79.00313636311407, 43.06401818263283], [-79.00517272678796, 43.067254546693455]]]}}, {"type": "Feature", "properties": {"code": "8.1", "name": "MIXED WOOD PLAINS"}, "geometry": {"type": "Polygon", "coordinates": [[[-79.07493636450579, 43.080036364260025], [-79.0642999984592, 43.08157272728772], [-79.06042727290438, 43.079209091035786], [-79.07493636450579, 43.080036364260025]]]}}, {"type": "Feature", "properties": {"code": "8.1", "name": "MIXED WOOD PLAINS"}, "geometry": {"type": "Polygon", "coordinates": [[[-80.15045343234144, 44.8252703465431], [-80.18097889168641, 44.81223889079684], [-80.15156000913696, 44.780197362405524], [-80.16545379668757, 44.777735250853375], [-80.24220588347293, 44.83448756669449], [-80.23323760654996, 44.851231150292676], [-80.17398877196933, 44.87056045955423], [-80.14868126622329, 44.846812565240846], [-80.15045343234144, 44.8252703465431]]]}}, {"type": "Feature", "properties": {"code": "8.1", "name": "MIXED WOOD PLAINS"}, "geometry": {"type": "Polygon", "coordinates": [[[-81.48731087844857, 45.54218709835232], [-81.49458143838356, 45.556135287470724], [-81.47674064013997, 45.563075680001575], [-81.46220628386006, 45.55012269834023], [-81.48731087844857, 45.54218709835232]]]}}, {"type": "Feature", "properties": {"code": "8.1", "name": "MIXED WOOD PLAINS"}, "geometry": {"type": "Polygon", "coordinates": [[[-81.7276592085382, 45.289658261726544], [-81.73609954943502, 45.30208076308644], [-81.76615290098374, 45.31397066123923], [-81.70486591035531, 45.30558513464474], [-81.7276592085382, 45.289658261726544]]]}}, {"type": "Feature", "properties": {"code": "8.1", "name": "MIXED WOOD PLAINS"}, "geometry": {"type": "Polygon", "coordinates": [[[-81.79526612411273, 45.43710047227242], [-81.8387693913268, 45.47202263477445], [-81.8130391514144, 45.483523817295136], [-81.81785681274806, 45.49544606388609], [-81.6927414444171, 45.53367619960746], [-81.73033890968746, 45.47216570337919], [-81.79526612411273, 45.43710047227242]]]}}, {"type": "Feature", "properties": {"code": "8.1", "name": "MIXED WOOD PLAINS"}, "geometry": {"type": "Polygon", "coordinates": [[[-81.90242054501807, 45.878206624166495], [-81.81341784635732, 45.868497229269124], [-81.81366859231557, 45.83097232517798], [-81.83678554779958, 45.790052047524924], [-81.82993730018045, 45.76331340698435], [-81.78506527770556, 45.72512677516916], [-81.78437789304695, 45.77711768246709], [-81.68062154632729, 45.899160651770174], [-81.64180496058378, 45.892181300600164], [-81.66215946271757, 45.82453232818639], [-81.69848527205602, 45.80789312612338], [-81.70232790435459, 45.78732436799915], [-81.57542260199878, 45.79906575631655], [-81.58916537621366, 45.747375711121784], [-81.65853349068225, 45.70078101495757], [-81.64169455675659, 45.6920495492446], [-81.6545567893616, 45.669587057494454], [-81.78651678352134, 45.53246308383312], [-81.84348994854625, 45.51174187124484], [-81.9175525270585, 45.537218188407], [-81.91757666246863, 45.555244471811655], [-81.93848526735577, 45.557177158551845], [-81.95412327412699, 45.53736592427669], [-81.99587532669781, 45.55368469192311], [-81.89432341738194, 45.59819077628058], [-81.9018946615897, 45.58314552969529], [-81.88519587994558, 45.56795344354937], [-81.85456367510594, 45.61650782166357], [-81.74294539499888, 45.67385992105117], [-81.7503393602423, 45.69335499176404], [-81.84116927510898, 45.68130389373226], [-81.92708225089633, 45.61042895502754], [-81.99939393545579, 45.58313731443344], [-82.0112046857092, 45.55961134931978], [-82.06419783294824, 45.55245280816047], [-82.06513583314874, 45.575266868150955], [-82.1131726322874, 45.58127505372927], [-82.08746485879192, 45.58666073670785], [-82.09004645071595, 45.599738912464915], [-82.17759966005252, 45.60767484692852], [-82.21044263076628, 45.637301010263855], [-82.25456545241127, 45.64047610397419], [-82.32466136720365, 45.684916520218884], [-82.4697444890932, 45.70114619809533], [-82.5207918052847, 45.7461406657601], [-82.62686220655024, 45.75419360671296], [-82.69949665791714, 45.78985001211668], [-82.69949664936837, 45.776674096030135], [-82.75667611756194, 45.78045440084377], [-82.84128854072966, 45.804007118251434], [-82.87469207504833, 45.78769555433795], [-82.92200174410083, 45.81108781330855], [-82.94843399315977, 45.80637261567856], [-82.94168505893869, 45.82388215151648], [-82.95555494780064, 45.83376142329064], [-82.9992274958285, 45.825375113067686], [-83.11489988926401, 45.8669315460485], [-83.1704084325703, 45.85867408724573], [-83.21659208707217, 45.870431017115635], [-83.22770453621544, 45.904589344490994], [-83.1737091696192, 45.95777603210703], [-83.12556322912978, 45.95237922250615], [-83.1112971198212, 45.918852896379114], [-83.08503801432249, 45.91332273283005], [-83.05161702645327, 45.95713903298052], [-82.986575619669, 45.925317097843084], [-82.94543643916438, 45.93699470415523], [-82.9361588580228, 45.95800489828361], [-82.87724333965674, 45.96123058766732], [-82.81239691056672, 45.99418684072449], [-82.80229618517534, 45.97783588519156], [-82.83964108817597, 45.91443542059933], [-82.80458692278806, 45.8832626925815], [-82.76508212659506, 45.87853528448223], [-82.75500897390644, 45.83434886934658], [-82.66658237452674, 45.8612136306076], [-82.65047536647198, 45.8299534435341], [-82.62794575242253, 45.82208332086225], [-82.59403277386615, 45.84698385181319], [-82.5778808925211, 45.817301943894954], [-82.55512403897167, 45.822803464206814], [-82.53621506153874, 45.784728067956706], [-82.50050334444843, 45.83500930716219], [-82.51729192453314, 45.853528733162534], [-82.57103828973959, 45.865053725223675], [-82.58991165921763, 45.87989952769344], [-82.58617244482436, 45.89706518801349], [-82.51306965958273, 45.912276221391], [-82.48980704886216, 45.942921065000554], [-82.4584973906843, 45.917053459196914], [-82.43636688026211, 45.95890194417888], [-82.29173876092369, 45.98719024730697], [-82.28405467307657, 45.91885357428626], [-82.25635110627452, 45.91022166502112], [-82.20655917321449, 45.93911206034351], [-82.22102372594962, 45.91897204711581], [-82.18023351281812, 45.88032941441031], [-82.15622221994161, 45.82266255272055], [-82.10680825315353, 45.88944170924107], [-82.11436166085663, 45.91087266565554], [-82.05476667916733, 45.956668809299224], [-81.9576959091385, 45.98832588340413], [-81.8799590863522, 45.95344949738212], [-81.90242054501807, 45.878206624166495]]]}}, {"type": "Feature", "properties": {"code": "8.1", "name": "MIXED WOOD PLAINS"}, "geometry": {"type": "Polygon", "coordinates": [[[-82.20021128506079, 46.038833005336], [-82.203518549229, 45.988119865773825], [-82.27035112761439, 46.02168351083494], [-82.2271565338343, 46.05678385387526], [-82.20021128506079, 46.038833005336]]]}}, {"type": "Feature", "properties": {"code": "8.1", "name": "MIXED WOOD PLAINS"}, "geometry": {"type": "Polygon", "coordinates": [[[-82.42525454602679, 42.413836363412955], [-82.43873636369237, 42.435000000212675], [-82.43255454538028, 42.439290909418304], [-82.42525454602679, 42.413836363412955]]]}}, {"type": "Feature", "properties": {"code": "8.1", "name": "MIXED WOOD PLAINS"}, "geometry": {"type": "Polygon", "coordinates": [[[-82.64295591042249, 41.842000782219344], [-82.6190231727953, 41.74773005956718], [-82.68286894170646, 41.73639649487099], [-82.68680209504788, 41.81924053112818], [-82.64295591042249, 41.842000782219344]]]}}, {"type": "Feature", "properties": {"code": "8.1", "name": "MIXED WOOD PLAINS"}, "geometry": {"type": "Polygon", "coordinates": [[[-82.67979612612726, 45.89315630142766], [-82.7283553093303, 45.90429135928428], [-82.72969434673281, 45.93593347054797], [-82.69387183496949, 45.958920674530304], [-82.57254696859366, 45.95921361466382], [-82.5728595600618, 45.917155370532754], [-82.67979612612726, 45.89315630142766]]]}}, {"type": "Feature", "properties": {"code": "8.1", "name": "MIXED WOOD PLAINS"}, "geometry": {"type": "Polygon", "coordinates": [[[-82.92372727322989, 42.348854545871184], [-82.92559969224527, 42.34201947329945], [-82.93991014230903, 42.34661579671508], [-82.92372727322989, 42.348854545871184]]]}}, {"type": "Feature", "properties": {"code": "8.1", "name": "MIXED WOOD PLAINS"}, "geometry": {"type": "Polygon", "coordinates": [[[-82.94388891984887, 45.63242004490268], [-82.97681145493503, 45.65691075058424], [-82.96922075534269, 45.688123385149375], [-82.93862735734669, 45.681678557624714], [-82.94388891984887, 45.63242004490268]]]}}, {"type": "Feature", "properties": {"code": "8.1", "name": "MIXED WOOD PLAINS"}, "geometry": {"type": "Polygon", "coordinates": [[[-83.0068394313735, 45.750350671942854], [-83.03449085836053, 45.75885002833602], [-83.00664213587172, 45.77035825670594], [-83.0068394313735, 45.750350671942854]]]}}, {"type": "Feature", "properties": {"code": "8.1", "name": "MIXED WOOD PLAINS"}, "geometry": {"type": "Polygon", "coordinates": [[[-83.12570731123951, 42.182205596354564], [-83.12688238999553, 42.236274508159035], [-83.11316873550909, 42.244066381019984], [-83.11071668741187, 42.19583999463049], [-83.12570731123951, 42.182205596354564]]]}}, {"type": "Feature", "properties": {"code": "8.1", "name": "MIXED WOOD PLAINS"}, "geometry": {"type": "Polygon", "coordinates": [[[-83.31800499590419, 45.96003180007297], [-83.26485000129526, 45.957012214546566], [-83.27083344099911, 45.927119003262], [-83.29941727721722, 45.88264111035479], [-83.35218808699831, 45.84916321375837], [-83.45086685813244, 45.89241266961805], [-83.4726417840115, 45.87884965358664], [-83.48858820210361, 45.89145925162587], [-83.4216962018368, 45.976908963910546], [-83.35649867275352, 45.99373306199807], [-83.31800499590419, 45.96003180007297]]]}}, {"type": "Feature", "properties": {"code": "8.1", "name": "MIXED WOOD PLAINS"}, "geometry": {"type": "Polygon", "coordinates": [[[-83.98317864185577, 46.308727036480455], [-83.91527118282744, 46.29380287892251], [-83.88228453647294, 46.25868640888256], [-83.83379166973363, 46.25854827495509], [-83.80619927517192, 46.220478537042425], [-83.78680388681475, 46.22996509695567], [-83.77157894148068, 46.21846166405308], [-83.81191560333131, 46.16281729563967], [-83.80541786743944, 46.12942653930465], [-83.86218894865651, 46.158459913659], [-83.88424334710331, 46.15352725198779], [-83.87254786627045, 46.098468363423365], [-83.93600460889314, 46.065383865760445], [-83.98701437449901, 46.15247718759669], [-84.05095990035963, 46.18766730754803], [-84.07975233946543, 46.226630894819614], [-84.09350484028332, 46.31106483176625], [-84.05316759884981, 46.292336523012224], [-83.98317864185577, 46.308727036480455]]]}}, {"type": "Feature", "properties": {"code": "8.1", "name": "MIXED WOOD PLAINS"}, "geometry": {"type": "Polygon", "coordinates": [[[-84.84032320892904, 45.37221502755604], [-84.83700614073756, 45.34920829079516], [-84.89703352649472, 45.34842738463157], [-84.91197171941836, 45.33305778109079], [-84.88135915284411, 45.286257727260804], [-84.88389056333966, 45.26160566535513], [-84.91866803426777, 45.24737692827921], [-84.90692488473702, 45.12766286335731], [-85.06013036566796, 45.13484280663469], [-85.09292408503414, 45.112940924358476], [-85.08836728804606, 45.09095631487369], [-85.13483733574441, 45.101742392080816], [-85.18821123212754, 45.08897387570345], [-85.16182849196511, 45.06016792427667], [-85.18621621466437, 45.01787771411045], [-85.16206725106498, 44.97486672982347], [-85.18609303042172, 44.95980492000916], [-85.20382277586623, 44.88008727972554], [-85.25294101596768, 44.89183067063162], [-85.27862265749089, 44.783431302904944], [-85.43654306732194, 44.768585902850866], [-85.50735259789623, 44.75147174520908], [-85.55257357575033, 44.71457798665129], [-85.60645903950115, 44.70905459277937], [-85.6427870697768, 44.65654491218424], [-85.92054692926583, 44.48298941518159], [-85.92778251599805, 44.3840018669801], [-85.98271481791971, 44.34251875486295], [-86.04202218424041, 44.32745271929044], [-86.06505271006138, 44.295515071294005], [-86.13348591742626, 44.29844110785443], [-86.27832139440602, 44.250197808277505], [-86.27550975913088, 44.18405558235975], [-86.25234443347516, 44.14025831708209], [-86.2021662558106, 44.11122322473427], [-86.19053447681563, 44.069983298286076], [-86.10495917378759, 44.0169804293934], [-86.2149586565372, 43.887012353158006], [-86.17330405355325, 43.85409790878217], [-86.19009570612951, 43.809877828033414], [-86.24464710357965, 43.79610218787101], [-86.24419468394652, 43.74107071431145], [-86.21256634817648, 43.706695811057244], [-86.29699078425021, 43.71146641847292], [-86.31133323966328, 43.70477258064377], [-86.30594838794906, 43.691382690926744], [-86.17820132553119, 43.583849557223395], [-86.1085071764054, 43.58800001437241], [-86.08165176655021, 43.57253131076309], [-86.06613966844377, 43.536104016449485], [-86.01839101592046, 43.51768748483655], [-85.95008343306742, 43.526539767152], [-85.94632367030638, 43.481636271745025], [-85.87299594855845, 43.404728084682446], [-85.88115031383818, 43.34405896299123], [-85.7871761063845, 43.336973383942905], [-85.71881024702235, 43.368949642881184], [-85.68787012741147, 43.367231559959684], [-85.66005077714394, 43.42243940786297], [-85.62351288749927, 43.42750690314267], [-85.55777158898835, 43.38282246766682], [-85.59388563226275, 43.34459229708481], [-85.5805731670694, 43.31915302931619], [-85.52078788002994, 43.31542315006271], [-85.40183334582416, 43.26111435397763], [-85.34960392956194, 43.21177179755873], [-85.32816920156903, 43.162378642651404], [-85.21281767709733, 43.12483078660282], [-85.13267877667383, 43.1434636346186], [-85.12675642349437, 43.195866314712745], [-85.1007409605209, 43.22136224711809], [-84.99022689260627, 43.24997984202394], [-84.8956438285522, 43.31865644894676], [-84.88931823757197, 43.3588390453509], [-84.93489864558033, 43.45181583066724], [-84.90887268224138, 43.49368824668334], [-84.89900027050409, 43.569952252811845], [-84.9465099106502, 43.63269964027393], [-84.9483178081312, 43.717331155408395], [-84.89184360538192, 43.77630601536792], [-84.88455322081838, 43.81843894565378], [-84.79907568333729, 43.83105729429414], [-84.68513397570855, 43.825927596394486], [-84.68671399777317, 43.7737975371878], [-84.65979121659636, 43.75087927074991], [-84.67217283637152, 43.70231369190264], [-84.77750990966865, 43.623189109809765], [-84.68161142860656, 43.588384823875515], [-84.63756216963856, 43.54122814518429], [-84.58230092718587, 43.516237673956944], [-84.576853932893, 43.462661819169774], [-84.3824194868624, 43.38016501783324], [-84.38083927341076, 43.34981373347455], [-84.40781027649773, 43.29999606501657], [-84.48443510329363, 43.24231929188521], [-84.55818666754872, 43.15196239876286], [-84.30211424562853, 43.13535082074029], [-84.2050874176092, 43.149179288963275], [-84.1697412577021, 43.121005726994234], [-83.9889360123685, 43.14461990490524], [-83.95569387320052, 43.13722964122171], [-83.9605536212732, 43.08078786786981], [-83.92247716370335, 43.092573314145234], [-83.873166361001, 43.06128417357976], [-83.78553923846391, 43.052705940184445], [-83.79539731112635, 43.08313081823152], [-83.77809575130007, 43.126160717309915], [-83.71347274281682, 43.14500114995729], [-83.68063498813501, 43.20499813831525], [-83.634203089375, 43.24444151021038], [-83.536841055095, 43.26986781695242], [-83.43885930388561, 43.32806441061903], [-83.42627205378938, 43.35520552980093], [-83.3833394591976, 43.36433784998172], [-83.3083967577622, 43.41609519177569], [-83.19547910956356, 43.417187283257334], [-83.18313818535566, 43.40642856906052], [-83.19890658116832, 43.36476794710701], [-83.15625475546449, 43.29292243143794], [-83.19986557755153, 43.23178196988487], [-83.10647940021391, 43.190795855045096], [-83.05104324005761, 43.1924786900139], [-83.03240030876457, 43.162186487528736], [-83.08559814774495, 43.05460589884266], [-83.03057671158959, 42.930976767824916], [-83.02314757040705, 42.755087924223275], [-83.0948600941947, 42.695042045638594], [-83.21426018044474, 42.553645069306306], [-83.39188528060673, 42.46188404811432], [-83.48959318992813, 42.44001005579129], [-83.53144925762614, 42.453101191962425], [-83.62316254635356, 42.44667643243699], [-83.67135170304137, 42.4094614983386], [-83.69276137316922, 42.42604891810903], [-83.68839803705943, 42.445343318567055], [-83.79471944417088, 42.46329413634595], [-83.8983832097942, 42.419468746144105], [-83.89401990036639, 42.3927478426858], [-83.91485264580953, 42.37631575093092], [-83.96955358861352, 42.3765442317433], [-83.99893953634275, 42.32103798334175], [-84.04498939080732, 42.30763866164669], [-84.05000827839241, 42.25301074721055], [-84.00097619493461, 42.22527529598732], [-83.99802624143686, 42.20912475062035], [-84.10597817490896, 42.18677457009524], [-84.12215291953223, 42.16824941005767], [-84.11411008224594, 42.13401787439248], [-84.07001288565193, 42.083442412973625], [-84.06973683100783, 42.056349169565046], [-84.10854584246076, 42.0149057352527], [-84.18365476217309, 42.02367611045363], [-84.20954973520124, 41.99907568707018], [-84.2259121387725, 41.94102951769373], [-84.29238062167073, 41.947727604166516], [-84.3379283336429, 42.00643136716762], [-84.37173446403618, 41.99489046186662], [-84.40817212543536, 42.011302152018835], [-84.45468814453149, 41.9975188403058], [-84.48707242593773, 41.96227775415062], [-84.49966696826601, 41.913457271385646], [-84.5243542618766, 41.88963373412701], [-84.481733818874, 41.869017467552275], [-84.49665478816522, 41.845837649099586], [-84.57817612824363, 41.84585536918481], [-84.6296872857469, 41.81078521817885], [-84.72929826843364, 41.80971589934211], [-84.7650215136076, 41.83667839296641], [-84.79924898489011, 41.79378049613522], [-84.81821934968178, 41.82387504192909], [-84.86482662753329, 41.809964080527244], [-84.87607285852758, 41.7734398647193], [-84.93904094751294, 41.76204743820337], [-84.9609863402581, 41.72553072723285], [-84.94860671795487, 41.67882004135109], [-84.91356408183977, 41.63574894338402], [-84.92924294642194, 41.58592962211488], [-85.04521017605298, 41.51949490112276], [-85.09644104935039, 41.46303760790875], [-85.15470847987031, 41.43200085689058], [-85.233293954674, 41.41585512010314], [-85.37254724828784, 41.424990583721645], [-85.43988147946887, 41.39832138585097], [-85.41950304349461, 41.3510564112711], [-85.34145619098791, 41.33581355560928], [-85.34964038473902, 41.32125418506036], [-85.43015488708619, 41.31338322026214], [-85.46186753040988, 41.28905737198248], [-85.47533197789659, 41.272611723338684], [-85.41427353999177, 41.25081315885433], [-85.42545427847293, 41.23641531908275], [-85.51099248689967, 41.247378540327816], [-85.62946380405741, 41.29381661368617], [-85.64202816503875, 41.2673928777672], [-85.61553626422547, 41.239202362909296], [-85.62911117388019, 41.210507231430526], [-85.61401682353757, 41.16763863274127], [-85.68871469044123, 41.16927379022791], [-85.69519730315612, 41.14702155098991], [-85.68057041113572, 41.088151268899175], [-85.63346402386138, 41.07367480719386], [-85.78169449639755, 40.97085474766725], [-85.93664184186136, 40.90576328940074], [-85.98511006628327, 40.85773517681989], [-86.13893956530083, 40.86256748795537], [-86.23269585785796, 40.80673686280616], [-86.39013108513203, 40.762718738903004], [-86.54842246149612, 40.749068115730275], [-86.5517204440255, 40.76899963942571], [-86.56657289539858, 40.763538889021014], [-86.5811298570544, 40.785001277725236], [-86.60639089933515, 40.776711799145936], [-86.59441295180835, 40.806286453259375], [-86.63329221222664, 40.76503520329214], [-86.71813222945174, 40.75281938131833], [-86.74575019534616, 40.766315497765696], [-86.76689955059744, 40.74812664273642], [-86.81767786337856, 40.85052542635001], [-86.73995275797063, 40.93590716871111], [-86.64716807761373, 41.162574700920864], [-86.60747069041214, 41.220481034988694], [-86.40914861463705, 41.2891054077712], [-86.44244254248305, 41.335532930320745], [-86.41338951909364, 41.36977182410518], [-86.4057148615248, 41.410748634126094], [-86.42977657629658, 41.46240764763549], [-86.39783749299487, 41.53219369558927], [-86.31763745431462, 41.61699122330206], [-86.33649027131639, 41.62412283342739], [-86.28695981479258, 41.653113842725034], [-86.27762507348173, 41.67677112301802], [-86.31759604337199, 41.67313697064613], [-86.39718430345155, 41.628968451347426], [-86.38636745066142, 41.67968138008444], [-86.40803655925305, 41.735077617240776], [-86.43210477143613, 41.732645779299055], [-86.41408762054603, 41.66328935367445], [-86.47776732799416, 41.64891773101008], [-86.47296442440414, 41.60042910882868], [-86.5077994806979, 41.55206966254312], [-86.59950121198851, 41.533234477871105], [-86.63467805561865, 41.44970274375015], [-86.66398486280501, 41.48764171140489], [-86.69126475603888, 41.48021969706438], [-86.727223949711, 41.42923763204899], [-86.78838540648898, 41.41191845313937], [-86.87515104659634, 41.331056300895455], [-86.85626859741508, 41.366033092204326], [-86.86292232238938, 41.37864364641404], [-86.88194443911594, 41.37399823271878], [-86.89540404909694, 41.347425645749745], [-86.92453544899631, 41.3419167566963], [-86.91340134737663, 41.30602197096239], [-86.93225101097622, 41.28573970280327], [-87.00301118169433, 41.296979595615625], [-86.94126380368556, 41.399450593895224], [-86.9368325559364, 41.50894044697693], [-86.97030000684015, 41.4635195333302], [-87.00036824347436, 41.353269404189334], [-87.06942336547436, 41.28477464689353], [-87.09477726140484, 41.289031559176905], [-87.03445210179137, 41.35916920982645], [-87.06754545288103, 41.40872364273295], [-87.09005956845209, 41.40708679475645], [-87.07482962248471, 41.4441066418521], [-87.10321165758072, 41.466805600573565], [-87.08214601718208, 41.49478312433679], [-87.05039275370048, 41.45993674095199], [-87.01718160367082, 41.48080827975079], [-86.99935855804861, 41.52663124294073], [-87.0287457797581, 41.566963049039245], [-87.00006675223165, 41.60158607870082], [-87.13652713691168, 41.61272671060057], [-87.22052883844466, 41.60157969874656], [-87.30350859096934, 41.61966285981745], [-87.15852727254195, 41.631572727829806], [-87.14712727295216, 41.64664545362848], [-87.02452727244277, 41.675772726821805], [-86.74730909161796, 41.797199999895554], [-86.6836181822651, 41.84064545534695], [-86.59778181789439, 41.918399999857], [-86.4896181822781, 42.11529999999069], [-86.35621818243641, 42.25416363581141], [-86.25807272680522, 42.452781818307166], [-86.20674545525956, 42.707818181934066], [-86.22649090925697, 42.9914363638253], [-86.2567636353803, 43.08885454497432], [-86.4261272719007, 43.373545454685335], [-86.54100909048127, 43.639381818192895], [-86.52918181845217, 43.67789090936024], [-86.4467636362995, 43.76856363582193], [-86.43028181825072, 43.82686363564339], [-86.4631363639891, 43.970972726830354], [-86.51550000012736, 44.0575909085614], [-86.41977272828885, 44.131009091351174], [-86.26727272738881, 44.34806363570926], [-86.24891818239374, 44.483009090950176], [-86.22069999889663, 44.56674545375352], [-86.25870909022893, 44.66130000009112], [-86.25563636257728, 44.69140909100196], [-86.15555454565316, 44.732236364398126], [-86.08918181752153, 44.74149999953381], [-86.0735090921621, 44.76980000040862], [-86.06517272651297, 44.90730909054233], [-86.0383363643395, 44.91569999990302], [-85.98658181835627, 44.90231818203084], [-85.93159999973031, 44.96879090878106], [-85.86985454594138, 44.9390363638271], [-85.80862727254899, 44.94906363588009], [-85.77934545490552, 44.98003636393335], [-85.77961818237655, 45.009990909106676], [-85.74409090846449, 45.05342727278042], [-85.69449090895085, 45.07779090896575], [-85.6186363639521, 45.18677272695761], [-85.5859909085865, 45.18038181938859], [-85.55065454588632, 45.210881818671254], [-85.52673636324812, 45.18931818168435], [-85.56168181785358, 45.158936363852085], [-85.55774545420164, 45.1343454543453], [-85.57389090854285, 45.155490909315695], [-85.61431818144999, 45.127563635964044], [-85.56574545459011, 45.04519090863322], [-85.58841818259091, 45.05450909067561], [-85.59965454608543, 45.02174545516085], [-85.6496727265495, 44.976399999939865], [-85.6308727275541, 44.96665454491067], [-85.59937272638605, 44.989545455086535], [-85.60036363574004, 44.92493636430245], [-85.62549999963022, 44.92110909063819], [-85.65152727317451, 44.832927273222964], [-85.63356363572252, 44.800127271723646], [-85.64080909087669, 44.773881818056466], [-85.59431818177951, 44.768027273257594], [-85.5788909088444, 44.81772727299021], [-85.52473636349485, 44.895245454876246], [-85.56430000001855, 44.89530000019599], [-85.53390909049777, 44.925499999740005], [-85.5200000002707, 44.974209090883704], [-85.47500909091293, 44.991581818167504], [-85.4646454540482, 44.96153636412035], [-85.4878272723051, 44.958327271712456], [-85.49967272767768, 44.85604545415676], [-85.55627272632921, 44.81828181828813], [-85.57635454432119, 44.76132727315293], [-85.5259909089566, 44.748063637385904], [-85.5043545452089, 44.76873636286683], [-85.50727272732244, 44.79617272715894], [-85.46310909150567, 44.82467272836038], [-85.38920909100096, 44.948145454249854], [-85.3632636360267, 45.11154545456489], [-85.39085454547171, 45.21736363690511], [-85.36608181847431, 45.27653636274163], [-85.3006636363503, 45.32120909148597], [-85.26215454522485, 45.319718181602084], [-85.20362727292883, 45.361936363106935], [-84.98748181742117, 45.368600000174276], [-84.91533636339425, 45.39350000023255], [-84.91722309790099, 45.41886100413613], [-84.84032320892904, 45.37221502755604]]]}}, {"type": "Feature", "properties": {"code": "8.1", "name": "MIXED WOOD PLAINS"}, "geometry": {"type": "Polygon", "coordinates": [[[-85.84146788437447, 45.3773158142941], [-85.85011486040008, 45.396565126911796], [-85.88497040557738, 45.44142132954557], [-85.83896943569545, 45.42573568364782], [-85.82830466306348, 45.4051053380566], [-85.84146788437447, 45.3773158142941]]]}}, {"type": "Feature", "properties": {"code": "8.1", "name": "MIXED WOOD PLAINS"}, "geometry": {"type": "Polygon", "coordinates": [[[-86.00155454579014, 45.154927272428836], [-85.97680000012438, 45.138363637084105], [-85.98373636437042, 45.08325454542825], [-85.96223636366028, 45.060763636691625], [-86.00291818130665, 45.05473636327886], [-86.06036363580856, 45.103972727043875], [-86.05939090911612, 45.15229090912586], [-86.00155454579014, 45.154927272428836]]]}}, {"type": "Feature", "properties": {"code": "8.1", "name": "MIXED WOOD PLAINS"}, "geometry": {"type": "Polygon", "coordinates": [[[-86.14164545431471, 45.0402545453537], [-86.07707272655882, 45.03022727309925], [-86.09915454577217, 45.02793636388312], [-86.09308181818041, 45.00820909114848], [-86.15540909067127, 45.002827272318555], [-86.14164545431471, 45.0402545453537]]]}}, {"type": "Feature", "properties": {"code": "8.1", "name": "MIXED WOOD PLAINS"}, "geometry": {"type": "Polygon", "coordinates": [[[-86.64482453809639, 45.54160109139345], [-86.66133931715795, 45.5751344514941], [-86.65616152019955, 45.585355406050006], [-86.6216836567584, 45.55898803210527], [-86.64482453809639, 45.54160109139345]]]}}, {"type": "Feature", "properties": {"code": "8.1", "name": "MIXED WOOD PLAINS"}, "geometry": {"type": "Polygon", "coordinates": [[[-86.76377099391162, 45.47737761989219], [-86.78457841679683, 45.487388210695315], [-86.78401842320403, 45.50558982777416], [-86.75808268675233, 45.50338703571443], [-86.76377099391162, 45.47737761989219]]]}}, {"type": "Feature", "properties": {"code": "8.1", "name": "MIXED WOOD PLAINS"}, "geometry": {"type": "Polygon", "coordinates": [[[-86.83031818067772, 45.42808181891912], [-86.80541818176809, 45.407327272840966], [-86.83498181848321, 45.40250000016839], [-86.83031818067772, 45.42808181891912]]]}}, {"type": "Feature", "properties": {"code": "8.1", "name": "MIXED WOOD PLAINS"}, "geometry": {"type": "Polygon", "coordinates": [[[-86.92583636437928, 45.39762727345737], [-86.87749999966493, 45.41398181939723], [-86.83754545535464, 45.39239090929316], [-86.86461818228535, 45.36354545543208], [-86.8697818183051, 45.3328272730786], [-86.90351818152627, 45.334099999899415], [-86.92101818181709, 45.35427272689985], [-86.94809090859731, 45.335300000104006], [-86.95520000036662, 45.38371818227606], [-86.93739090955359, 45.42096363568607], [-86.92583636437928, 45.39762727345737]]]}}, {"type": "Feature", "properties": {"code": "8.1", "name": "MIXED WOOD PLAINS"}, "geometry": {"type": "Polygon", "coordinates": [[[-86.93090909089229, 45.339272727386536], [-86.91878181904032, 45.33632727213045], [-86.89773636378115, 45.295536364061306], [-86.90489999944654, 45.29683636374757], [-86.90563636275425, 45.309418182141265], [-86.92384545470144, 45.32249090928961], [-86.9317818174758, 45.33346363583691], [-86.93090909089229, 45.339272727386536]]]}}, {"type": "Feature", "properties": {"code": "8.1", "name": "MIXED WOOD PLAINS"}, "geometry": {"type": "Polygon", "coordinates": [[[-86.96046363537052, 45.3105090909682], [-86.94766363751829, 45.3124363641016], [-86.94441818243492, 45.30193636283822], [-86.96046363537052, 45.3105090909682]]]}}, {"type": "Feature", "properties": {"code": "8.1", "name": "MIXED WOOD PLAINS"}, "geometry": {"type": "Polygon", "coordinates": [[[-86.98983636389431, 45.29570909142082], [-86.97022727309023, 45.279236363843594], [-86.98517272769486, 45.26182727170215], [-86.97880000001084, 45.22531818174327], [-87.0028090905399, 45.21177272702844], [-87.02259090888452, 45.233318181741396], [-87.04009090887345, 45.228936363981646], [-87.04522727254853, 45.158400000052026], [-87.02884545425907, 45.146372727337905], [-87.04645454444535, 45.13482727312679], [-87.06470909155043, 45.15649999997681], [-87.0697818176588, 45.157945455264255], [-87.08396363606124, 45.14486363629276], [-87.051245454168, 45.1165636362722], [-87.04756363601649, 45.088045455039236], [-87.06606363652853, 45.07851818238015], [-87.09456363596074, 45.091745453570496], [-87.0794545451255, 45.07014545372907], [-87.0905363624062, 45.051099999933754], [-87.09845454500712, 45.07010000040563], [-87.12300909074085, 45.067481817982056], [-87.1393818177385, 45.012563635630244], [-87.16352727317522, 45.004890910429516], [-87.18940909125095, 44.96863636362818], [-87.17182727196071, 44.93110909106209], [-87.21642727310531, 44.905636364348744], [-87.20454545327624, 44.875590909371304], [-87.2674454552052, 44.84685454626473], [-87.3186000004143, 44.788481819184724], [-87.34815454657253, 44.710763636912446], [-87.45973309861797, 44.56299995092798], [-87.53546350646926, 44.59340821188161], [-87.63430946601788, 44.661228664420626], [-87.69521000692355, 44.75035286202149], [-87.63709999992003, 44.813572726958746], [-87.57735454575777, 44.85293636320084], [-87.55029090945858, 44.851290909343874], [-87.56693636320105, 44.828745453920035], [-87.55376363738111, 44.824790909291025], [-87.53376363684059, 44.857645454679314], [-87.50380909089927, 44.85504545493388], [-87.51508181793213, 44.86978181781988], [-87.48749090842394, 44.854254546324356], [-87.43509090963829, 44.893063635905094], [-87.42093636299762, 44.88805454601941], [-87.41913636431308, 44.885218182156436], [-87.4360272728305, 44.8886727272998], [-87.44268181902426, 44.87619090938626], [-87.42151818102849, 44.877400000255605], [-87.38190909048978, 44.8320272728317], [-87.38389090852431, 44.88653636299984], [-87.40500909082418, 44.91180909102062], [-87.32134545444165, 45.03834545500261], [-87.30176363706089, 45.05398181911201], [-87.28238181828041, 45.04803636368141], [-87.2570272720993, 45.12246363578838], [-87.23935454455643, 45.12879999989796], [-87.23699999972627, 45.168836363024845], [-87.22197272821012, 45.17503636396356], [-87.17349091002055, 45.15097272703158], [-87.16718181809733, 45.18359090887905], [-87.11951818151421, 45.191609091011095], [-87.10955454553918, 45.255699999615885], [-87.07594545515573, 45.25342727341936], [-87.06802727256104, 45.295372726736645], [-87.04390000161929, 45.28476363708617], [-86.98983636389431, 45.29570909142082]]]}}, {"type": "Feature", "properties": {"code": "8.1", "name": "MIXED WOOD PLAINS"}, "geometry": {"type": "Polygon", "coordinates": [[[-87.30489859349882, 41.62032087484311], [-87.30851116767347, 41.62203090810624], [-87.30607272840486, 41.6227727285996], [-87.30489859349882, 41.62032087484311]]]}}, {"type": "Feature", "properties": {"code": "8.1", "name": "MIXED WOOD PLAINS"}, "geometry": {"type": "Polygon", "coordinates": [[[-87.33524545489436, 45.20286363733551], [-87.32753636420973, 45.15730000029883], [-87.37709090927467, 45.17831818224746], [-87.37590909051735, 45.19823636400115], [-87.33524545489436, 45.20286363733551]]]}}, {"type": "Feature", "properties": {"code": "8.1", "name": "MIXED WOOD PLAINS"}, "geometry": {"type": "Polygon", "coordinates": [[[-87.4965208881212, 45.061060214819236], [-87.49848477470202, 45.05772132224903], [-87.50628982399095, 45.05955315096908], [-87.4965208881212, 45.061060214819236]]]}}, {"type": "Feature", "properties": {"code": "8.2", "name": "CENTRAL USA PLAINS"}, "geometry": {"type": "Polygon", "coordinates": [[[-82.52395454589954, 42.61045454674993], [-82.59174545337937, 42.551318182289464], [-82.64207272639625, 42.55747272729615], [-82.60903636360834, 42.559636363334036], [-82.63010908946782, 42.586354546450494], [-82.66613636333824, 42.56965454670377], [-82.59334545503278, 42.61330909175482], [-82.52395454589954, 42.61045454674993]]]}}, {"type": "Feature", "properties": {"code": "8.2", "name": "CENTRAL USA PLAINS"}, "geometry": {"type": "Polygon", "coordinates": [[[-82.52752727267578, 42.61527272706299], [-82.52898181843638, 42.611909091070835], [-82.53002727301848, 42.61225454659019], [-82.52752727267578, 42.61527272706299]]]}}, {"type": "Feature", "properties": {"code": "8.2", "name": "CENTRAL USA PLAINS"}, "geometry": {"type": "Polygon", "coordinates": [[[-82.63291818199365, 42.627600000664785], [-82.59099090854556, 42.617345454593305], [-82.59929090909158, 42.61203636410005], [-82.60403636350107, 42.600754545387986], [-82.60641818140384, 42.59856363694204], [-82.61044545523319, 42.596818182294044], [-82.64120000016929, 42.59442727297968], [-82.65107272737522, 42.615945455859624], [-82.67121818177165, 42.60217272777403], [-82.6683818173942, 42.61294545392316], [-82.63291818199365, 42.627600000664785]]]}}, {"type": "Feature", "properties": {"code": "8.2", "name": "CENTRAL USA PLAINS"}, "geometry": {"type": "Polygon", "coordinates": [[[-82.6427818179538, 42.55775454626848], [-82.66890909043283, 42.53749090922198], [-82.67413636290499, 42.53557272766665], [-82.67906363730562, 42.53558181813362], [-82.6427818179538, 42.55775454626848]]]}}, {"type": "Feature", "properties": {"code": "8.2", "name": "CENTRAL USA PLAINS"}, "geometry": {"type": "Polygon", "coordinates": [[[-82.64314545433355, 42.59363636486134], [-82.6576545445796, 42.57968181784481], [-82.67329090942974, 42.57499090950828], [-82.6555636364803, 42.59441818223877], [-82.64314545433355, 42.59363636486134]]]}}, {"type": "Feature", "properties": {"code": "8.2", "name": "CENTRAL USA PLAINS"}, "geometry": {"type": "Polygon", "coordinates": [[[-82.67197272845277, 41.46100000026676], [-82.67260909142409, 41.46101818209263], [-82.6722181808886, 41.4613090917233], [-82.67197272845277, 41.46100000026676]]]}}, {"type": "Feature", "properties": {"code": "8.2", "name": "CENTRAL USA PLAINS"}, "geometry": {"type": "Polygon", "coordinates": [[[-82.67356363731234, 41.62448181846485], [-82.6950454544068, 41.584800000023016], [-82.73600909051626, 41.6018090902039], [-82.71880000041189, 41.61962727186238], [-82.69289090866992, 41.61103636359253], [-82.67356363731234, 41.62448181846485]]]}}, {"type": "Feature", "properties": {"code": "8.2", "name": "CENTRAL USA PLAINS"}, "geometry": {"type": "Polygon", "coordinates": [[[-82.69419090910371, 41.4881909089109], [-82.65830000057139, 41.46188181815583], [-82.6174363635642, 41.43096363596985], [-82.69419090910371, 41.4881909089109]]]}}, {"type": "Feature", "properties": {"code": "8.2", "name": "CENTRAL USA PLAINS"}, "geometry": {"type": "Polygon", "coordinates": [[[-82.78089999974193, 41.69549090890428], [-82.80121818205204, 41.692472727795376], [-82.80751818128374, 41.671300000361754], [-82.82646363628541, 41.68433636470123], [-82.81146363686322, 41.69210000027829], [-82.78089999974193, 41.69549090890428]]]}}, {"type": "Feature", "properties": {"code": "8.2", "name": "CENTRAL USA PLAINS"}, "geometry": {"type": "Polygon", "coordinates": [[[-82.7934818184581, 41.66492727283232], [-82.82690000023672, 41.63419090911586], [-82.84176363600578, 41.629018180740914], [-82.83540909056562, 41.6564090909663], [-82.7934818184581, 41.66492727283232]]]}}, {"type": "Feature", "properties": {"code": "8.2", "name": "CENTRAL USA PLAINS"}, "geometry": {"type": "Polygon", "coordinates": [[[-82.81640909109983, 41.72390000043159], [-82.80639090905886, 41.70636363678589], [-82.83514545345699, 41.70940909046458], [-82.82420909095998, 41.70995454680274], [-82.83283636427437, 41.71534545497267], [-82.81640909109983, 41.72390000043159]]]}}, {"type": "Feature", "properties": {"code": "8.2", "name": "CENTRAL USA PLAINS"}, "geometry": {"type": "Polygon", "coordinates": [[[-82.82278181837185, 41.691863636623836], [-82.83024545346633, 41.691727273441145], [-82.82601818165227, 41.693363637403934], [-82.82278181837185, 41.691863636623836]]]}}, {"type": "Feature", "properties": {"code": "8.2", "name": "CENTRAL USA PLAINS"}, "geometry": {"type": "Polygon", "coordinates": [[[-82.85006363625318, 41.67751818231811], [-82.85343636362693, 41.68093636433469], [-82.84460909085597, 41.67870909164374], [-82.85006363625318, 41.67751818231811]]]}}, {"type": "Feature", "properties": {"code": "8.2", "name": "CENTRAL USA PLAINS"}, "geometry": {"type": "Polygon", "coordinates": [[[-82.9721545448789, 42.35115454650211], [-82.96039090910857, 42.339809091285], [-83.00498181810464, 42.33302727358968], [-82.9721545448789, 42.35115454650211]]]}}, {"type": "Feature", "properties": {"code": "8.2", "name": "CENTRAL USA PLAINS"}, "geometry": {"type": "Polygon", "coordinates": [[[-83.1422272736542, 42.202136363695], [-83.13871818236103, 42.130563637271116], [-83.16537272635735, 42.08845454508647], [-83.17369090860855, 42.12490000048017], [-83.1422272736542, 42.202136363695]]]}}, {"type": "Feature", "properties": {"code": "8.2", "name": "CENTRAL USA PLAINS"}, "geometry": {"type": "Polygon", "coordinates": [[[-83.1507727270089, 42.09593636372403], [-83.15089090796246, 42.09073636424302], [-83.15596363664848, 42.09170909095158], [-83.1507727270089, 42.09593636372403]]]}}, {"type": "Feature", "properties": {"code": "8.2", "name": "CENTRAL USA PLAINS"}, "geometry": {"type": "Polygon", "coordinates": [[[-83.15353636386155, 42.0863363642227], [-83.15713636425937, 42.08979090935172], [-83.15110909144424, 42.090381818076814], [-83.15353636386155, 42.0863363642227]]]}}, {"type": "Feature", "properties": {"code": "8.2", "name": "CENTRAL USA PLAINS"}, "geometry": {"type": "Polygon", "coordinates": [[[-83.44412727191933, 41.77331818223825], [-83.44101818099666, 41.77238181801777], [-83.44392727195925, 41.77146363587197], [-83.44412727191933, 41.77331818223825]]]}}, {"type": "Feature", "properties": {"code": "8.2", "name": "CENTRAL USA PLAINS"}, "geometry": {"type": "Polygon", "coordinates": [[[-83.44414545460772, 41.77791818165151], [-83.44337272677109, 41.77569999977213], [-83.44617272683966, 41.77591818153468], [-83.44414545460772, 41.77791818165151]]]}}, {"type": "Feature", "properties": {"code": "8.2", "name": "CENTRAL USA PLAINS"}, "geometry": {"type": "Polygon", "coordinates": [[[-87.53546350646926, 44.59340821188161], [-87.45973309861797, 44.56299995092798], [-87.54538181738806, 44.32138181828214], [-87.50841818191773, 44.22967272684371], [-87.51169090930817, 44.195827271623926], [-87.5440272727259, 44.156663635530684], [-87.6468909093671, 44.10485454604996], [-87.65614545503318, 44.051745455002205], [-87.71904545454646, 43.93778181796005], [-87.73601818205434, 43.87371818206309], [-87.72634545553056, 43.8102545448397], [-87.6956000006716, 43.76390909075957], [-87.70957272759519, 43.73927272684393], [-87.70297272743991, 43.68613636418832], [-87.7885363643626, 43.566409090778926], [-87.7909181817303, 43.492799999975354], [-87.8749818176627, 43.37389999970116], [-87.91174545539252, 43.25135454642353], [-87.88073636353766, 43.170572727335134], [-87.90061818104552, 43.126627272087504], [-87.86375454551849, 43.07410909139237], [-87.89504545558366, 43.042381818035075], [-87.89540000018046, 43.01582727189199], [-87.84524545373309, 42.96217272657731], [-87.84635454595933, 42.883972726997214], [-87.82397272670921, 42.83492727276858], [-87.7575545450263, 42.781645453701195], [-87.77810000126263, 42.76253636447592], [-87.77039091020703, 42.73370000001869], [-87.81974545508562, 42.62310909143673], [-87.79731818062989, 42.46927272716695], [-87.80280909077221, 42.39030909077982], [-87.81461818195653, 42.36135454501736], [-87.82524545470432, 42.36549999986607], [-87.83397272694182, 42.29375454530619], [-87.78638181840141, 42.18777272667794], [-87.66941818234602, 42.059599999674155], [-87.65398181761384, 41.988590909308314], [-87.63194545523514, 41.96567272734875], [-87.6423000000498, 41.96126363675963], [-87.63323636292151, 41.94274545499572], [-87.64210909044903, 41.947818182155046], [-87.62351818144631, 41.90425454493309], [-87.59846363652467, 41.892236364051286], [-87.61738181837256, 41.89025454560383], [-87.60803636318087, 41.84110909105171], [-87.5739090910973, 41.77956363741334], [-87.53100000023738, 41.747963635622995], [-87.52821818135851, 41.71086363617793], [-87.47465454607803, 41.674372727285096], [-87.45585454643827, 41.68124545384032], [-87.45145454648102, 41.6604272729201], [-87.4334818187125, 41.66769090929945], [-87.44678181957262, 41.68544545500781], [-87.41579999977567, 41.68803636388706], [-87.40852727247872, 41.670318181624474], [-87.4387181820754, 41.6534454547477], [-87.32526363749197, 41.624618182076794], [-87.32543636452932, 41.609381817706726], [-87.32425454483277, 41.60890909108474], [-87.32423636371148, 41.62452727330013], [-87.25782471062334, 41.60412882124953], [-87.00006675223165, 41.60158607870082], [-87.0287457797581, 41.566963049039245], [-86.99935855804861, 41.52663124294073], [-87.01718160367082, 41.48080827975079], [-87.05039275370048, 41.45993674095199], [-87.08214601718208, 41.49478312433679], [-87.10321165758072, 41.466805600573565], [-87.07482962248471, 41.4441066418521], [-87.09005956845209, 41.40708679475645], [-87.06754545288103, 41.40872364273295], [-87.03445210179137, 41.35916920982645], [-87.09364100613548, 41.293310635950235], [-87.08798352407833, 41.282442670738114], [-87.00036824347436, 41.353269404189334], [-86.97381911654357, 41.454630282077474], [-86.94180110743326, 41.50802432961294], [-86.92986164462798, 41.50325754077027], [-86.94126380368556, 41.399450593895224], [-86.99877407561388, 41.29212803012431], [-86.92392600369782, 41.288338111734184], [-86.91327451557211, 41.30859415391216], [-86.92343709994198, 41.34367731266809], [-86.89802175762328, 41.34573879327595], [-86.86292232238938, 41.37864364641404], [-86.85665984134128, 41.361858482341866], [-86.88381809869153, 41.33441600868026], [-86.86344058733052, 41.33537944384624], [-86.78838540648898, 41.41191845313937], [-86.727223949711, 41.42923763204899], [-86.68253934152061, 41.485429032830105], [-86.66398486280501, 41.48764171140489], [-86.63467805561865, 41.44970274375015], [-86.60129278751725, 41.53166002663669], [-86.5077994806979, 41.55206966254312], [-86.47296442440414, 41.60042910882868], [-86.47776732799416, 41.64891773101008], [-86.41584959412528, 41.66034027873981], [-86.43210477143613, 41.732645779299055], [-86.40803655925305, 41.735077617240776], [-86.38636745066142, 41.67968138008444], [-86.39718430345155, 41.628968451347426], [-86.31759604337199, 41.67313697064613], [-86.27762507348173, 41.67677112301802], [-86.28695981479258, 41.653113842725034], [-86.33649027131639, 41.62412283342739], [-86.31763745431462, 41.61699122330206], [-86.39783749299487, 41.53219369558927], [-86.42977657629658, 41.46240764763549], [-86.4057148615248, 41.410748634126094], [-86.41338951909364, 41.36977182410518], [-86.44244254248305, 41.335532930320745], [-86.40914861463705, 41.2891054077712], [-86.60747069041214, 41.220481034988694], [-86.64716807761373, 41.162574700920864], [-86.73995275797063, 40.93590716871111], [-86.81767786337856, 40.85052542635001], [-86.76689955059744, 40.74812664273642], [-86.74575019534616, 40.766315497765696], [-86.71813222945174, 40.75281938131833], [-86.63329221222664, 40.76503520329214], [-86.59441295180835, 40.806286453259375], [-86.60639089933515, 40.776711799145936], [-86.5811298570544, 40.785001277725236], [-86.56657289539858, 40.763538889021014], [-86.5517204440255, 40.76899963942571], [-86.54842246149612, 40.749068115730275], [-86.39013108513203, 40.762718738903004], [-86.23269585785796, 40.80673686280616], [-86.13893956530083, 40.86256748795537], [-85.98511006628327, 40.85773517681989], [-85.93664184186136, 40.90576328940074], [-85.78169449639755, 40.97085474766725], [-85.63346402386138, 41.07367480719386], [-85.68057041113572, 41.088151268899175], [-85.69519730315612, 41.14702155098991], [-85.68871469044123, 41.16927379022791], [-85.61401682353757, 41.16763863274127], [-85.62911117388019, 41.210507231430526], [-85.61553626422547, 41.239202362909296], [-85.64202816503875, 41.2673928777672], [-85.62946380405741, 41.29381661368617], [-85.51099248689967, 41.247378540327816], [-85.42545427847293, 41.23641531908275], [-85.41427353999177, 41.25081315885433], [-85.47533197789659, 41.272611723338684], [-85.46186753040988, 41.28905737198248], [-85.43015488708619, 41.31338322026214], [-85.34964038473902, 41.32125418506036], [-85.34145619098791, 41.33581355560928], [-85.41950304349461, 41.3510564112711], [-85.43988147946887, 41.39832138585097], [-85.37254724828784, 41.424990583721645], [-85.233293954674, 41.41585512010314], [-85.15470847987031, 41.43200085689058], [-85.09644104935039, 41.46303760790875], [-85.04521017605298, 41.51949490112276], [-84.92924294642194, 41.58592962211488], [-84.91356408183977, 41.63574894338402], [-84.94860671795487, 41.67882004135109], [-84.9609863402581, 41.72553072723285], [-84.93904094751294, 41.76204743820337], [-84.87607285852758, 41.7734398647193], [-84.86482662753329, 41.809964080527244], [-84.81821934968178, 41.82387504192909], [-84.79924898489011, 41.79378049613522], [-84.7650215136076, 41.83667839296641], [-84.72929826843364, 41.80971589934211], [-84.6296872857469, 41.81078521817885], [-84.57817612824363, 41.84585536918481], [-84.49665478816522, 41.845837649099586], [-84.481733818874, 41.869017467552275], [-84.5243542618766, 41.88963373412701], [-84.49966696826601, 41.913457271385646], [-84.48707242593773, 41.96227775415062], [-84.45468814453149, 41.9975188403058], [-84.40817212543536, 42.011302152018835], [-84.37173446403618, 41.99489046186662], [-84.3379283336429, 42.00643136716762], [-84.29238062167073, 41.947727604166516], [-84.2259121387725, 41.94102951769373], [-84.20954973520124, 41.99907568707018], [-84.18365476217309, 42.02367611045363], [-84.10854584246076, 42.0149057352527], [-84.06973683100783, 42.056349169565046], [-84.07001288565193, 42.083442412973625], [-84.11411008224594, 42.13401787439248], [-84.12215291953223, 42.16824941005767], [-84.10597817490896, 42.18677457009524], [-83.99802624143686, 42.20912475062035], [-84.00097619493461, 42.22527529598732], [-84.05000827839241, 42.25301074721055], [-84.04498939080732, 42.30763866164669], [-83.99893953634275, 42.32103798334175], [-83.96955358861352, 42.3765442317433], [-83.91485264580953, 42.37631575093092], [-83.89401990036639, 42.3927478426858], [-83.8983832097942, 42.419468746144105], [-83.79471944417088, 42.46329413634595], [-83.68839803705943, 42.445343318567055], [-83.69276137316922, 42.42604891810903], [-83.67135170304137, 42.4094614983386], [-83.62316254635356, 42.44667643243699], [-83.53144925762614, 42.453101191962425], [-83.48959318992813, 42.44001005579129], [-83.39188528060673, 42.46188404811432], [-83.21426018044474, 42.553645069306306], [-83.0948600941947, 42.695042045638594], [-83.02314757040705, 42.755087924223275], [-83.03057671158959, 42.930976767824916], [-83.08559814774495, 43.05460589884266], [-83.03240030876457, 43.162186487528736], [-83.05104324005761, 43.1924786900139], [-83.10647940021391, 43.190795855045096], [-83.19986557755153, 43.23178196988487], [-83.15625475546449, 43.29292243143794], [-83.19890658116832, 43.36476794710701], [-83.18303625041338, 43.408231208169276], [-83.1994051895785, 43.41825918087507], [-83.3083967577622, 43.41609519177569], [-83.3833394591976, 43.36433784998172], [-83.42627205378938, 43.35520552980093], [-83.43885930388561, 43.32806441061903], [-83.536841055095, 43.26986781695242], [-83.634203089375, 43.24444151021038], [-83.68063498813501, 43.20499813831525], [-83.71347274281682, 43.14500114995729], [-83.77809575130007, 43.126160717309915], [-83.79539731112635, 43.08313081823152], [-83.78553923846391, 43.052705940184445], [-83.873166361001, 43.06128417357976], [-83.92247716370335, 43.092573314145234], [-83.9605536212732, 43.08078786786981], [-83.95569387320052, 43.13722964122171], [-83.9889360123685, 43.14461990490524], [-84.1697412577021, 43.121005726994234], [-84.2050874176092, 43.149179288963275], [-84.30211424562853, 43.13535082074029], [-84.55818666754872, 43.15196239876286], [-84.48443510329363, 43.24231929188521], [-84.40781027649773, 43.29999606501657], [-84.37969372311356, 43.37166573086796], [-84.45360212217412, 43.419383815245304], [-84.576853932893, 43.462661819169774], [-84.58230092718587, 43.516237673956944], [-84.63756216963856, 43.54122814518429], [-84.68161142860656, 43.588384823875515], [-84.77750990966865, 43.623189109809765], [-84.6681322069381, 43.70897952559945], [-84.65979121659636, 43.75087927074991], [-84.68671399777317, 43.7737975371878], [-84.6821528294343, 43.82864181788043], [-84.65175299567817, 43.84909263867617], [-84.59322024593439, 43.849260242400405], [-84.43994124922693, 43.893624701842604], [-84.4118737702254, 43.85229977659983], [-84.32079982210998, 43.81005887506429], [-84.22442799425347, 43.799913510659586], [-84.13678050640115, 43.88540638268488], [-83.98092187474052, 43.94752545777613], [-83.96804481558998, 43.97392643683609], [-83.93582277403425, 43.99020763245818], [-83.83825692366933, 43.99467597286839], [-83.9085909104928, 43.91649090980383], [-83.9154272727412, 43.853381818116894], [-83.92470000064706, 43.85829090877056], [-83.91781818165022, 43.81680909080277], [-83.95434545443457, 43.75064545497501], [-83.90137272672061, 43.666227273157546], [-83.84929090904468, 43.64144545534976], [-83.73809999915278, 43.623763637338165], [-83.68269090855732, 43.58210909110912], [-83.55370908953053, 43.68543636392509], [-83.55490000032387, 43.70086363591666], [-83.51746363644031, 43.718227272705455], [-83.5203454542284, 43.69786363624994], [-83.5074909092789, 43.69826363626956], [-83.51078181835368, 43.712600000020714], [-83.4919090907021, 43.69975454583299], [-83.46508181856909, 43.7338454537865], [-83.47829090955003, 43.7416090900135], [-83.45962727312003, 43.74092727312133], [-83.43843636350869, 43.78683636359846], [-83.41625454657358, 43.79776363595958], [-83.42594545455304, 43.803827272187576], [-83.39559999938695, 43.818836364256754], [-83.39277272758625, 43.848781817786254], [-83.32581818153888, 43.882927272802], [-83.33076363718536, 43.90285454637368], [-83.39860909062998, 43.90769090889003], [-83.40543636402566, 43.91194545507027], [-83.40489090956586, 43.91663636272571], [-83.3091363635002, 43.920727272977246], [-83.26263636416368, 43.97542727156871], [-83.11290000038076, 44.0045181822356], [-83.06120909130154, 44.006200000217866], [-83.06751818269369, 43.997445453780024], [-83.02751818155713, 44.04592727167347], [-82.91549999961599, 44.07057272695696], [-82.7459636355387, 43.9967454546906], [-82.70163636380198, 43.938445454832774], [-82.61395454470657, 43.77943636409703], [-82.59891818234782, 43.59360909101829], [-82.53798181780425, 43.433036363921936], [-82.52302727342517, 43.225045453884256], [-82.48579999990392, 43.10205454559642], [-82.42158181931848, 43.00549090896486], [-82.42221818219068, 42.964518182302704], [-82.47470909143841, 42.89083636363326], [-82.4859454536027, 42.80775454514847], [-82.47040994641422, 42.76468695161503], [-82.51676363651124, 42.62946363633842], [-82.54325454557902, 42.60770909136664], [-82.64746363551146, 42.62997272852823], [-82.6230363626895, 42.67034545450936], [-82.68730909093401, 42.69037272753683], [-82.81029999939372, 42.644663636699576], [-82.81802727268156, 42.61452727358843], [-82.76909090941778, 42.593363636001285], [-82.78732727239178, 42.59260000045288], [-82.78350909153802, 42.5637818180108], [-82.83434545503667, 42.56787272811316], [-82.87421818102949, 42.52370909126863], [-82.88887272623569, 42.487000000572934], [-82.86946363739007, 42.43554545433986], [-82.88749999954882, 42.39724545450886], [-82.92829999981952, 42.35813636474768], [-82.98661818240204, 42.35513636426168], [-83.07824545337196, 42.31364545423248], [-83.11610000030892, 42.27775454632935], [-83.1477363628814, 42.23568181897507], [-83.14173636435102, 42.21384545472963], [-83.18977272683456, 42.10784545462401], [-83.18499090892405, 42.080445454635154], [-83.19922727241227, 42.08657272702038], [-83.18114545448783, 42.060509090666706], [-83.18560909044686, 42.03409090929864], [-83.1976090899225, 42.045872727324216], [-83.19271818089047, 42.02549090870499], [-83.21766363763643, 42.01640909080223], [-83.21214545470008, 41.99928181769842], [-83.25815454467005, 41.977936364270526], [-83.26397272667987, 41.931245454543316], [-83.29520000037229, 41.945127271791115], [-83.3380454535255, 41.92753636307924], [-83.32559090837357, 41.920445454315804], [-83.33790909152685, 41.88588181765551], [-83.34253636446554, 41.87942727313312], [-83.34777272683256, 41.876490909078534], [-83.35084545555529, 41.89169091012146], [-83.38158181943044, 41.89066363592868], [-83.35320000000856, 41.87258181813068], [-83.38211818227215, 41.870927272782424], [-83.40837272648326, 41.827872726899756], [-83.43919090953709, 41.81309090867898], [-83.42753636266144, 41.740481818152965], [-83.44678181805423, 41.79077272683881], [-83.46641818248206, 41.78176363681699], [-83.46080909120502, 41.77249090888044], [-83.46120000002252, 41.779399999931265], [-83.45330000049445, 41.78008181790986], [-83.44879999983762, 41.780018181850465], [-83.44820909107776, 41.77961818176356], [-83.4607727264194, 41.77492727316479], [-83.44812727175362, 41.76086363676705], [-83.46427272727801, 41.75854545400898], [-83.45985454451116, 41.75913636297279], [-83.43842727179648, 41.759063636281816], [-83.47966363654993, 41.75779999985658], [-83.46637272826631, 41.74960909073402], [-83.48013636267855, 41.7502818180839], [-83.4827727274468, 41.7321909090805], [-83.45252727350689, 41.740381818321296], [-83.47487272654962, 41.707581817650684], [-83.46318181801414, 41.702009091154736], [-83.47837272676945, 41.700654544759345], [-83.3626999990318, 41.68574545510267], [-83.33497272666813, 41.7064272731631], [-83.30812727252939, 41.67731818200219], [-83.2951636356422, 41.681527271889415], [-83.2941545448147, 41.67617272705928], [-83.2832090897223, 41.675918182321546], [-83.23772727214195, 41.65128181800715], [-83.23169090939874, 41.644927273015384], [-83.24610909074052, 41.6384454541703], [-83.08281818089212, 41.60505454456015], [-82.97242727250163, 41.521236364380414], [-82.88893636443277, 41.521718181613565], [-82.85495454435492, 41.54731818226218], [-82.85971818128675, 41.576409090838666], [-82.83720909093282, 41.58808181755849], [-82.78455454536932, 41.54126363626519], [-82.80418181773179, 41.5525727266912], [-82.82121818215673, 41.53705454500778], [-82.82132727268535, 41.53220000008852], [-82.71474545356021, 41.53997272689388], [-82.72235454464885, 41.51430909117186], [-82.71414545333938, 41.50143636416701], [-82.71308181850827, 41.49481818172345], [-82.71489090949322, 41.48881818222302], [-82.7264727275533, 41.51350000030713], [-82.729672727415, 41.491909091485056], [-82.74070908966642, 41.48936363708227], [-82.73000000016312, 41.50371818090625], [-82.74440909134869, 41.51361818203392], [-82.80596363583783, 41.506327273034], [-82.82289090917033, 41.48888181831952], [-82.8329454550231, 41.49726363642959], [-82.82920909118597, 41.48405454584523], [-82.84834545433355, 41.50244545395222], [-82.95906363554835, 41.48817272707616], [-82.99317272723808, 41.45960909100822], [-83.04187272852442, 41.460281817819286], [-83.03388181814412, 41.45342727282669], [-83.0199181820126, 41.45299090934032], [-83.01367272805183, 41.450118181374805], [-83.01113636330513, 41.448354545874366], [-83.01758181945918, 41.45160909089727], [-83.02586363726157, 41.44824545375691], [-83.00974545548898, 41.4288272733195], [-82.9765090905853, 41.45389090906864], [-82.95598181848851, 41.4256727271624], [-82.92493636358974, 41.41871818166768], [-82.82253636419445, 41.46009090858865], [-82.83260000038771, 41.46489090932405], [-82.83467272671916, 41.47851818164955], [-82.82930000023103, 41.463972727134376], [-82.8278909094108, 41.47844545493878], [-82.81091818181518, 41.47633636332068], [-82.75499090835814, 41.444490909253275], [-82.70054545510999, 41.464190909092004], [-82.66255454601712, 41.452199999730546], [-82.67773636368118, 41.44456363654076], [-82.66010909143279, 41.43410909073455], [-82.55984396154254, 41.4009545563143], [-82.62447649673553, 41.345356606404025], [-82.73162433917804, 41.30587283841351], [-82.78125504282274, 41.26662664727759], [-82.80371624512644, 41.22721967665433], [-82.65479915784569, 41.20099850236176], [-82.525408484853, 41.290775663780224], [-82.38617600780091, 41.349824459638306], [-82.27446595027169, 41.37124350770763], [-82.248832658701, 41.35583012879629], [-82.16266951308117, 41.357870708212346], [-82.13329684723031, 41.30988005463787], [-82.31817536752074, 41.226247368248174], [-82.4913444445798, 41.06191328093336], [-82.75819281825363, 40.64970948076493], [-82.83858920886428, 40.42964362075198], [-82.8392076162044, 40.358322430998115], [-82.79090897119646, 40.34731513695663], [-82.73627067839915, 40.30772170633643], [-82.73992462081134, 40.15377639897541], [-82.62173834241652, 40.03830998200355], [-82.60104535046472, 39.99109625968355], [-82.51442450958888, 39.958768534098816], [-82.46421751331526, 39.966214971753374], [-82.372756879726, 39.925201733036815], [-82.38581945337438, 39.87032610221242], [-82.37688647869254, 39.79888086968325], [-82.51183687798863, 39.683495632965645], [-82.5636191717222, 39.7074535374002], [-82.68526471366226, 39.676469609494646], [-82.69206811548574, 39.660067726857214], [-82.67161187842697, 39.64811458004208], [-82.67088270440757, 39.61927193720894], [-82.68808989482707, 39.57885299906215], [-82.7232978939184, 39.569429523136115], [-82.72960926184592, 39.48986360269362], [-82.77548824178449, 39.426656121671485], [-82.92483075947287, 39.396083419273005], [-82.98578351650974, 39.34154907591371], [-83.05971487772653, 39.34703394215186], [-83.09992621883777, 39.3077673921163], [-83.12466473448987, 39.35917789565796], [-83.18662524218966, 39.36249008214473], [-83.19878941055424, 39.33970921088466], [-83.25233161105344, 39.34225674621042], [-83.32964514980316, 39.29202949086023], [-83.26750338502089, 39.23155365063158], [-83.3154321789232, 39.15655030306959], [-83.43737320588433, 39.108036633987034], [-83.55057663048676, 39.13156501469052], [-83.63470099299491, 39.110791191369934], [-83.63966228977893, 39.089502338846096], [-83.58411882562814, 39.067362654500634], [-83.56837103158566, 39.032406725295125], [-83.45702429585275, 39.00166462360358], [-83.49488324042494, 38.968831357221006], [-83.48160722707166, 38.86542871073592], [-83.49712511422588, 38.82761140383654], [-83.59378890563752, 38.8152738957171], [-83.59319842750973, 38.7962803247183], [-83.63038875331802, 38.78560040650282], [-83.71524260446492, 38.78683462734939], [-83.80807231607197, 38.76303416164882], [-83.88107684722809, 38.78459530008759], [-83.83944463737195, 38.83361255141008], [-83.86859627815645, 38.82024165121052], [-83.88238015738854, 38.831866427952676], [-83.91372611630524, 38.80641158522956], [-83.9444917653547, 38.811738831601645], [-83.91279341625169, 38.8449408147783], [-83.91602925456293, 38.88426126473952], [-83.97390284462334, 38.81107405352604], [-84.01673779339355, 38.79055117849342], [-84.04654848879873, 38.79151643802308], [-84.0113700494068, 38.80707232104041], [-84.02643088714177, 38.81832669183556], [-84.0812080202637, 38.79926231299047], [-84.15167559871365, 38.80298889695871], [-84.13698799495668, 38.815576622571726], [-84.1632694210697, 38.83826857962652], [-84.20277596706654, 38.84027236243936], [-84.18382336625915, 38.87375457566465], [-84.1460459358688, 38.89145438036882], [-84.16917528547691, 38.91733383900387], [-84.18572315771598, 38.90360392568435], [-84.22893087741333, 38.916786751331905], [-84.21661015835593, 38.93575172271083], [-84.24743757057354, 38.93730710596891], [-84.23409645152539, 38.94464568128223], [-84.24304639046265, 38.956592227805025], [-84.19812443034537, 38.96288211013886], [-84.26406111442624, 38.988691636009655], [-84.2410093885624, 39.02184756909332], [-84.28764379474103, 39.023901754935764], [-84.26948999245312, 39.04035280996386], [-84.28689558133834, 39.05548508974921], [-84.41659853326414, 39.06060782742439], [-84.41144617722433, 39.11207280806807], [-84.42472062242612, 39.12871483836667], [-84.53579164963067, 39.140077671704795], [-84.53637273904694, 39.16526687723066], [-84.59891188954869, 39.215991390926625], [-84.60246124721925, 39.26714827367626], [-84.57670696984474, 39.28421925792887], [-84.58401672104559, 39.30136754925436], [-84.65456499932263, 39.30183882647648], [-84.66636682956258, 39.27129059666037], [-84.7059383758095, 39.27335193984575], [-84.74005461040815, 39.29412915149917], [-84.76954957902473, 39.28070104676345], [-84.85313611991485, 39.32627213696092], [-84.88492910260868, 39.321277917011194], [-84.87746951033121, 39.347382774281435], [-84.91718256166605, 39.36686817708598], [-84.90349970953655, 39.40527864298213], [-84.93915124082964, 39.3860990027571], [-84.96626530370291, 39.40436600775865], [-84.96194777678004, 39.420764936215996], [-84.98502760529956, 39.416085162179535], [-85.01388932242718, 39.449504353216966], [-85.05488186854632, 39.459270313082065], [-85.10515377387343, 39.53004276533914], [-85.2313962831904, 39.58493006536477], [-85.25060327043306, 39.57149409794221], [-85.25118800905796, 39.54953259971858], [-85.26547858771328, 39.5664959817243], [-85.28552274836132, 39.55523826792287], [-85.27448208460284, 39.527531657335956], [-85.19532857989053, 39.45775989215093], [-85.2265183005111, 39.43672378088606], [-85.21718155011266, 39.41103764105679], [-85.24433088026083, 39.40193645824753], [-85.23551005053494, 39.372523849347395], [-85.2004154164913, 39.35784542497149], [-85.17963696924934, 39.395976876585586], [-85.19308703960999, 39.41907668577362], [-85.17147908332319, 39.42834756969577], [-85.14629742391247, 39.40676714838366], [-85.16269407453436, 39.36331521359885], [-85.1215776372279, 39.35422061987893], [-85.09617430188258, 39.32775509193126], [-85.11579753095475, 39.38185060896302], [-85.06621952207088, 39.41324335970515], [-85.06261441909008, 39.38572065729611], [-85.0436685286244, 39.38513811520995], [-85.05212796904084, 39.34171278782148], [-85.02742610236444, 39.33772329624369], [-85.01583460622484, 39.3621779777019], [-85.02989591137484, 39.37532288333121], [-85.01610986950575, 39.38873879000506], [-84.94604427021122, 39.32740522033284], [-84.93055168353744, 39.33768986565011], [-84.92263501197564, 39.32547996571506], [-84.94519338158915, 39.310473037660564], [-84.93565055762468, 39.292104622497725], [-84.95330807532073, 39.28976357978316], [-84.9515258996064, 39.277694089681766], [-84.93408216617797, 39.25904687205182], [-84.86306663256963, 39.24634838729594], [-84.84149739689367, 39.20227527317432], [-84.89518773762809, 39.21158827100198], [-84.89877255756817, 39.2340062343927], [-84.92014236736127, 39.2304077577258], [-84.9496660009144, 39.25346544675917], [-84.99840686186475, 39.242649758594766], [-84.96563519487758, 39.20963296257165], [-84.97180964481223, 39.19836099583235], [-85.02468131291664, 39.24425182731291], [-85.05012805633993, 39.23999174703958], [-85.06086950961524, 39.218965351928325], [-84.99412512505754, 39.17887081689655], [-84.98954641183938, 39.1535134173428], [-84.94033808299376, 39.14321621102512], [-84.94184926642481, 39.13251188205413], [-84.99084073286193, 39.123189760781656], [-85.10784566560712, 39.144353949228524], [-85.05526427682652, 39.116052525999336], [-85.05525643495632, 39.079970633306914], [-85.0148348553083, 39.048247857359996], [-85.06728229166238, 39.07301100877373], [-85.08548744691129, 39.06652733009057], [-85.11558154219145, 39.08995787826407], [-85.12949326768567, 39.08077514358796], [-85.11190474866517, 39.05159576604337], [-85.0614583686902, 39.0263628216954], [-84.96535944260717, 39.02402236788929], [-85.03498037853639, 39.01438182712636], [-85.03082853886671, 38.99251511276064], [-85.09979954611428, 38.99619633661564], [-85.07724494637506, 38.96882674242534], [-85.09422812731954, 38.95593139634434], [-85.14764504707829, 39.02030248936446], [-85.16398967507435, 39.010172601124594], [-85.1922241412809, 39.02369225549369], [-85.21737811783922, 39.066600419577235], [-85.23311763248344, 39.06104212009635], [-85.22814941152924, 39.01033581216245], [-85.20348817821137, 38.98983360571818], [-85.20503029232725, 38.96742055390968], [-85.15905581610492, 38.9600495224461], [-85.16526368994606, 38.90564639715006], [-85.07254692703911, 38.92391725338597], [-85.06899933940761, 38.903759849912795], [-85.04304287809278, 38.89473209001411], [-85.01118126648312, 38.91252965922755], [-85.02126550548387, 38.936565668851664], [-84.9651137545131, 38.947939711857764], [-84.96359531217131, 38.910758621155836], [-84.93384650876176, 38.90589187272755], [-84.972089332403, 38.88226189919654], [-84.89991793309673, 38.84093008477001], [-84.97547864401976, 38.84386411033695], [-84.97198692440824, 38.81006774314367], [-85.0071696874213, 38.78883554016545], [-85.01694686826107, 38.79568365709134], [-84.99558849286302, 38.8273108502687], [-85.01923328612476, 38.83463970984681], [-85.05917995001818, 38.81337364709197], [-85.06450206063815, 38.791471034962676], [-85.07921534683916, 38.801963492391714], [-85.06427758345131, 38.82132428494477], [-85.07278267491918, 38.83613526086005], [-85.12901402754284, 38.85713898476597], [-85.12641342847964, 38.82517636642452], [-85.15835940947338, 38.85656947637779], [-85.16527814145532, 38.836313846973454], [-85.1478777734248, 38.7965000694687], [-85.16288311236683, 38.78074206738476], [-85.19611728623505, 38.796529556033825], [-85.17948165722761, 38.820609739245825], [-85.19617679249237, 38.8279331710208], [-85.18482497121975, 38.853194723057165], [-85.21689055427005, 38.864339614799114], [-85.19856670916272, 38.889806844972775], [-85.21760003481245, 38.892874258051464], [-85.21605887754804, 38.93591242090828], [-85.24486564458195, 38.92741558265024], [-85.25259374327622, 38.889672119926026], [-85.28188353940544, 38.90849826930509], [-85.27825263614017, 38.93280951176384], [-85.30720274292027, 38.93024639895184], [-85.31386630354777, 38.90547268773937], [-85.28860145375968, 38.87515292226001], [-85.28872389578274, 38.84369328392705], [-85.32141439661712, 38.836937356376694], [-85.31771578624276, 38.866710257035955], [-85.37097265955809, 38.867496878933494], [-85.35916444265519, 38.81516632167051], [-85.31151885512303, 38.752955433349086], [-85.33344603075948, 38.763754588178834], [-85.35766962159123, 38.74841462572823], [-85.35909679550156, 38.78031503067923], [-85.38940216233611, 38.74981515942667], [-85.44133825840436, 38.769221963236255], [-85.47123283803933, 38.69891020911196], [-85.44126958264003, 38.66382255974207], [-85.43859090912916, 38.60540909061104], [-85.41750121344087, 38.5614109559147], [-85.4324081174835, 38.53695361506782], [-85.50723746314696, 38.47135562679769], [-85.61514469854482, 38.444413671736655], [-85.68143080154208, 38.30088238606668], [-85.74696643326571, 38.27024284719739], [-85.78214545357527, 38.289590909202246], [-85.83776693303813, 38.27753795214319], [-85.84428792751942, 38.322703264907815], [-85.80809858719866, 38.381239130429705], [-85.8166139089896, 38.432572983934826], [-85.85283021635492, 38.44362070247892], [-85.86777195937215, 38.43338005233067], [-85.94811234684533, 38.46800971900434], [-85.89646155858833, 38.45658529521054], [-85.8243380617127, 38.4839686297976], [-85.8166828356892, 38.51803270436587], [-85.78120669560873, 38.55414022204189], [-85.78987801564534, 38.596472557151756], [-85.80865615288029, 38.60512245697353], [-85.82540132842146, 38.581285014735585], [-85.8319094658538, 38.59549401389922], [-85.85693625118822, 38.592032179905274], [-85.85160114601277, 38.63392990316394], [-85.90278457120324, 38.66751178883821], [-85.97078496545802, 38.675781656337946], [-86.00298069254401, 38.748960659881895], [-86.04604862679182, 38.756529138875415], [-86.05831052470366, 38.70680355095063], [-86.06224779258066, 38.74241730681914], [-86.08770251822354, 38.7595154121457], [-86.21941926338191, 38.78161612396952], [-86.16575488886903, 38.84345258902042], [-86.1433334994863, 38.90585178520686], [-86.09266296718592, 38.930552932958406], [-86.07933533249553, 38.96481801273429], [-86.03366808244762, 39.00697765646816], [-86.06404484137218, 39.07048419938547], [-86.02185716994089, 39.18422686541842], [-86.03624608074729, 39.269359385593205], [-86.07371549486761, 39.30579726517968], [-86.07525218458302, 39.326813959760194], [-86.15599187451723, 39.382077534387356], [-86.25699157546327, 39.38311757708421], [-86.29762396857929, 39.41545727488993], [-86.35256375217436, 39.42425138736021], [-86.39854122393236, 39.50749974239088], [-86.37097421536893, 39.544549809113164], [-86.41044737512783, 39.57878091445338], [-86.45238943842394, 39.575814407008636], [-86.55038948350597, 39.524139678335196], [-86.577122674994, 39.45583939142325], [-86.67703786187023, 39.42811377573787], [-86.71476303180384, 39.48768359079019], [-86.78102711640553, 39.50615534402428], [-86.75551697826779, 39.55874543220679], [-86.76509793186466, 39.6276640661808], [-86.78821134807488, 39.644838131932495], [-86.85492507995563, 39.595932341087895], [-86.88437680040133, 39.63025456571414], [-86.87656219231197, 39.70158094095512], [-87.01256520810311, 39.7860748193535], [-87.08264815244266, 39.75583434403024], [-87.11524437910667, 39.714817783375736], [-87.15659786555601, 39.71508989864572], [-87.1409116384341, 39.776433895983864], [-87.18996789620964, 39.72990661047849], [-87.19803070740308, 39.77303060522976], [-87.25109508144162, 39.74164452666645], [-87.28277042887869, 39.76445318789137], [-87.3092499976142, 39.72219425294206], [-87.31444565585372, 39.755770811355205], [-87.29150831023067, 39.78005036179824], [-87.31422393801033, 39.86918783784172], [-87.35605471866387, 39.95304607792434], [-87.40810703881525, 40.006573710410606], [-87.41092799772123, 40.044535944664005], [-87.38464401652925, 40.114537822063994], [-87.44809580086417, 40.13937503355268], [-87.5770810760732, 40.23615590079736], [-87.6562422845415, 40.263144364357814], [-87.73055271454457, 40.25957105554731], [-87.79142025675064, 40.22594939032827], [-87.80954400973353, 40.19058730095024], [-87.80247055393625, 40.08685906905107], [-87.74307866717307, 40.02365697540504], [-87.50548640951742, 39.88377923698988], [-87.43329590751938, 39.81277925572252], [-87.42612471133776, 39.722604314877074], [-87.47062971024798, 39.485680496138535], [-87.49158913044332, 39.47512263967703], [-87.59314899557269, 39.488250555543885], [-87.66188186146672, 39.518773285864604], [-87.83085495650242, 39.50029774310522], [-88.0, 39.40764145064348], [-88.0, 44.537861823592024], [-87.92899999994147, 44.53599090884056], [-87.89889090898409, 44.57413636444227], [-87.91373636426184, 44.577999999855415], [-87.86301818195562, 44.615818182331815], [-87.76320909109117, 44.64348181896303], [-87.69521000692355, 44.75035286202149], [-87.63430946601788, 44.661228664420626], [-87.53546350646926, 44.59340821188161]]]}}, {"type": "Feature", "properties": {"code": "8.3", "name": "SOUTHEASTERN USA PLAINS"}, "geometry": {"type": "Polygon", "coordinates": [[[-73.96816882791455, 41.26435795889181], [-73.89276042453027, 41.1475844548461], [-73.89124679489984, 40.99806548639306], [-73.92918181807498, 40.88950000006304], [-74.01378181904454, 40.75660000044312], [-74.0251818177442, 40.7059181820065], [-74.07944545356816, 40.68894545494317], [-74.06658181923171, 40.66593636394462], [-74.09640000030002, 40.67470909109616], [-74.07055454628879, 40.66062727297205], [-74.10659090967704, 40.670327272829425], [-74.08414545468004, 40.65462727306093], [-74.1469363641272, 40.649327272825666], [-74.10774545366765, 40.69240909128088], [-74.08941818197218, 40.74021818159083], [-74.1066909083247, 40.719154545196346], [-74.1219909090432, 40.72311818190883], [-74.13146363744369, 40.688599999771604], [-74.1390727269889, 40.695427272393864], [-74.15320908938833, 40.699927273201695], [-74.13599999960375, 40.68906363703651], [-74.16034545472326, 40.687227273010244], [-74.13910909039484, 40.67457272716282], [-74.14878181901953, 40.65951818177209], [-74.20308181840664, 40.634354545103875], [-74.2197090354074, 40.5619357166688], [-74.27849604140738, 40.56874516185521], [-74.34817814331808, 40.53755039731948], [-74.47118045757024, 40.43394450964087], [-74.48155737951289, 40.40025755702885], [-74.512925239853, 40.3713662487292], [-74.7603731367131, 40.24272426493791], [-74.84142232923533, 40.15863905672286], [-74.96654305615415, 40.07320322104569], [-75.13308152482571, 40.00491373273914], [-75.18055831078757, 40.00492590852072], [-75.17439796686159, 39.972598031809966], [-75.23869902124643, 39.920212273788444], [-75.27671937450219, 39.913905752221204], [-75.31179249258953, 39.8793355801355], [-75.34427900826248, 39.876887816727766], [-75.52347274166932, 39.76873517769346], [-75.65377761161422, 39.72976716834758], [-75.73815436613388, 39.67508662466362], [-75.7475785501332, 39.631470021701915], [-75.83955996193377, 39.590150470407416], [-75.89860909125112, 39.51473636277262], [-75.9392636354815, 39.51699090910635], [-75.9269909094692, 39.50479090887499], [-75.99608181948338, 39.453418182305136], [-76.01189090871742, 39.45229090927622], [-75.98058181850674, 39.529036362753075], [-75.96127272648118, 39.53490909121848], [-75.97021818201343, 39.5575999998212], [-75.94771818209466, 39.5946545446368], [-76.00175454496973, 39.560281817983835], [-76.0055454556169, 39.538945454869555], [-76.0367909087315, 39.552109091130035], [-76.03283636288039, 39.569963636255366], [-76.0572545459649, 39.5559363637876], [-76.04667272840699, 39.54645454468076], [-76.08516363605769, 39.53933636429042], [-76.09654636028807, 39.55400008487815], [-76.13057852101966, 39.51606952364414], [-76.24239209906892, 39.47162374869995], [-76.2683890113244, 39.445786232645496], [-76.30624109653316, 39.45096241181554], [-76.27799025883276, 39.42645689205523], [-76.3240571196152, 39.40107736675758], [-76.35091431252175, 39.39963230072629], [-76.35104545505233, 39.40756363569999], [-76.35553636362047, 39.4099272720019], [-76.36500000024421, 39.41201818087709], [-76.35253023402117, 39.39964817834103], [-76.4140454543325, 39.38563636431666], [-76.39718181852221, 39.38219090871795], [-76.38555181657891, 39.352254743651145], [-76.45749737038956, 39.34223473970906], [-76.45426877823, 39.30346627296242], [-76.48729293262714, 39.32539559678022], [-76.50442637568496, 39.31999347019042], [-76.52213867853956, 39.3053876260907], [-76.52825081246951, 39.26612987788857], [-76.60459999929296, 39.286790909284306], [-76.57886363660252, 39.26177272780187], [-76.61018181937321, 39.256009091421305], [-76.6224727274822, 39.273618181003556], [-76.62982727313327, 39.2722545463313], [-76.60779999981126, 39.24333636404753], [-76.57813636365465, 39.25135454633569], [-76.55850000036865, 39.23343636438507], [-76.58203636456051, 39.23165454497846], [-76.58919090951701, 39.2130727267713], [-76.57569999956313, 39.19056363592048], [-76.60911818143539, 39.18271818210961], [-76.58022727240883, 39.18564545542973], [-76.5877090907057, 39.16695454502864], [-76.59727272771268, 39.1604999998818], [-76.60075454474404, 39.15172727209098], [-76.56915454550332, 39.177200000141205], [-76.57345454552086, 39.21850909101243], [-76.55073636380098, 39.2175181823847], [-76.53351818185672, 39.212854544884934], [-76.51671818209418, 39.17119090915338], [-76.55055454510662, 39.16446363603216], [-76.53045454574502, 39.15942727300726], [-76.55989091001598, 39.14323636323351], [-76.53814545478144, 39.14762727313134], [-76.51244545509961, 39.17262727309495], [-76.50059090848463, 39.159254545873445], [-76.51551818187201, 39.153909091397], [-76.5230636368196, 39.13828181750536], [-76.47855454558841, 39.16703636399732], [-76.43941818151801, 39.135490909089114], [-76.48285454458805, 39.12425454459966], [-76.45030909104237, 39.127663636293875], [-76.45188181809287, 39.11567272684624], [-76.44023636340489, 39.11410000016239], [-76.43080000023919, 39.13221818228644], [-76.43343636321497, 39.112236364499196], [-76.42207272747139, 39.08370909113279], [-76.42167272771694, 39.08170909056674], [-76.4216545464645, 39.07853636372243], [-76.43291818148789, 39.059109090925176], [-76.44513636320423, 39.08626363688594], [-76.4373454544037, 39.09150000029418], [-76.43613636344918, 39.08300000016218], [-76.43128181748045, 39.085081818234436], [-76.42226363576198, 39.081554545551], [-76.42201818199302, 39.08264545428292], [-76.44503636383594, 39.10462727295533], [-76.43983636415544, 39.09294545438529], [-76.47014545450658, 39.09586363628872], [-76.47561818074698, 39.079363636376335], [-76.49957272666028, 39.090172727283], [-76.50386363610988, 39.0780272732233], [-76.52501818168753, 39.088463637384265], [-76.52331818251287, 39.09520000003899], [-76.51373636396357, 39.09881818209618], [-76.5121454540641, 39.102545453934866], [-76.52286363539037, 39.09787272731835], [-76.52658181773734, 39.091681818103886], [-76.53359999936632, 39.10863636436501], [-76.54136363565189, 39.109627272467996], [-76.52676363610675, 39.087290909012296], [-76.53351818231826, 39.08895454513916], [-76.5390000000649, 39.08736363626453], [-76.53912727274484, 39.085790908510795], [-76.54460909071747, 39.08696363675149], [-76.54577272733376, 39.08585454540446], [-76.51716363703756, 39.08120000039476], [-76.53465454503122, 39.06690000034131], [-76.50757272744983, 39.05897272695156], [-76.50162727263714, 39.07264545347241], [-76.49043636375657, 39.05419090933202], [-76.48095454501504, 39.066800000012876], [-76.45544545368469, 39.058409090877305], [-76.45263636384367, 39.054436362572226], [-76.46005454535204, 39.05172727277165], [-76.45851818225992, 39.04970909079518], [-76.4641454550415, 39.04628181782219], [-76.46552727263463, 39.044099999987154], [-76.46527272749375, 39.04330909115923], [-76.44012727185606, 39.05320000037309], [-76.40384545549409, 39.03296363629879], [-76.44939146238383, 39.02974241120686], [-76.47175454473343, 39.01471818180532], [-76.47488131845311, 38.98936697287566], [-76.51927272822135, 39.019818182051715], [-76.54765454523177, 39.06712727334241], [-76.56498181860192, 39.063127273036145], [-76.57360909149398, 39.076572726888074], [-76.57961818165288, 39.069299999787255], [-76.59962727231478, 39.083109091437734], [-76.6121999999628, 39.08418181818014], [-76.6144272732142, 39.07735454470138], [-76.6163363636285, 39.08161818177902], [-76.61791818109265, 39.081709091111755], [-76.61908181751309, 39.080754544781165], [-76.61527272735906, 39.07563636328433], [-76.5756454554628, 39.0681454548056], [-76.58187272675903, 39.05680000024837], [-76.57150909128646, 39.06296363576342], [-76.55741818160722, 39.04479090929588], [-76.56744545531853, 39.0486363644569], [-76.5792454554937, 39.03053636403655], [-76.53252727268529, 39.02833636349802], [-76.54419090875939, 39.01662727314228], [-76.52499090898841, 39.015099999774066], [-76.53887272749645, 39.005681818038646], [-76.5025181818377, 39.00110909068501], [-76.52416363637441, 38.989499999645275], [-76.4995636372233, 38.9987818185089], [-76.4867090905943, 38.986936363866725], [-76.498800000525, 38.9857909097021], [-76.50151818172135, 38.98035454567778], [-76.476127273433, 38.98144545507469], [-76.50527272767727, 38.970890908886986], [-76.50375454651193, 38.96653636419666], [-76.47632727291189, 38.974700000362354], [-76.48772727305673, 38.9560090913291], [-76.47361818254659, 38.96747272671105], [-76.46351818150217, 38.947872727719655], [-76.47465454606417, 38.94846363715179], [-76.47736363642582, 38.94509090902835], [-76.45030909138532, 38.94135454614453], [-76.47099999975839, 38.930009091007975], [-76.45880909060867, 38.91627272687416], [-76.4730727268218, 38.92300000018311], [-76.46014545379079, 38.90738181755493], [-76.46886363608505, 38.908009090707694], [-76.48588181766732, 38.93680909065293], [-76.50044545341301, 38.92390000009677], [-76.51372727224788, 38.94960909049928], [-76.53213636370585, 38.94557272730109], [-76.51872727219283, 38.956363636259965], [-76.53770909104765, 38.95212727304027], [-76.53560909071982, 38.96740909085071], [-76.53767272710944, 38.9694818178357], [-76.54608181789712, 38.950972728013184], [-76.55850000150643, 38.96645454482801], [-76.55608181767847, 38.9555272731552], [-76.57407272734756, 38.95829090909827], [-76.57301818151161, 38.97712727303515], [-76.57706363589554, 38.959099999660054], [-76.6063636374551, 38.97676363565332], [-76.59663636282495, 38.95797272827082], [-76.57167272666493, 38.95363636402625], [-76.57796363561157, 38.94928181753018], [-76.57650909088866, 38.94220909083877], [-76.58308181858528, 38.94240909095536], [-76.58749999937056, 38.9350363642483], [-76.57735454494635, 38.93269999994299], [-76.56211818167455, 38.95255454571659], [-76.5352181820103, 38.93793636409964], [-76.55155454482392, 38.92897272678958], [-76.54823636340176, 38.921236363533836], [-76.52753636392747, 38.93220909055774], [-76.50880000003292, 38.91988181755035], [-76.51089090924324, 38.89919090882963], [-76.49326363581558, 38.9038545454059], [-76.49076363544738, 38.88493636293317], [-76.51062727286183, 38.86837272740594], [-76.52699090936846, 38.90297272739143], [-76.5269909092236, 38.88745454520392], [-76.53681818194815, 38.89476363663698], [-76.53685454567977, 38.897490909090735], [-76.54164545353798, 38.901809090728555], [-76.5384727266499, 38.887963636672254], [-76.55722727238324, 38.88399090916252], [-76.54417626555558, 38.87007750791042], [-76.57138719223617, 38.8190191374794], [-76.57290465295681, 38.77883541434989], [-76.51111818135112, 38.61579090872818], [-76.50693636401306, 38.50611818154731], [-76.3814636360377, 38.38628181871465], [-76.38674545445829, 38.36279999997333], [-76.40988628556107, 38.33506405799805], [-76.42990471367528, 38.34064450592433], [-76.42483636371105, 38.34479090881065], [-76.42746363666522, 38.3530363627342], [-76.4313133094807, 38.34135224165022], [-76.45986151408528, 38.352989021888625], [-76.46398181833915, 38.376536363921446], [-76.47022094857614, 38.373795829903244], [-76.48987014757714, 38.391234104716474], [-76.47592727267246, 38.40605454579308], [-76.48387272807614, 38.42008181805322], [-76.4764636364124, 38.41815454615795], [-76.47072727296559, 38.418363636766905], [-76.48764545384931, 38.42150909074173], [-76.48193636387595, 38.4431363642939], [-76.49593636419668, 38.423527272751], [-76.49325594739938, 38.3937818042485], [-76.54113636431406, 38.43206363669196], [-76.58463089964805, 38.439016278858745], [-76.59482727255494, 38.479445453869964], [-76.60172227280003, 38.4576838571435], [-76.62621812994693, 38.47201815143862], [-76.63256641366246, 38.564148596726845], [-76.66695201458673, 38.60869337695733], [-76.66770165425697, 38.66251186931348], [-76.70120589125575, 38.740295330290195], [-76.71592047598365, 38.70363079820631], [-76.68421498060196, 38.56095218160874], [-76.70358181768661, 38.54326363563656], [-76.6898977329234, 38.52646913285358], [-76.70261818194129, 38.49874545373046], [-76.67558709491279, 38.44900972033921], [-76.58739090896516, 38.387427271662446], [-76.54001302402028, 38.377354088367], [-76.51259090917927, 38.323209091016324], [-76.4207067853079, 38.267022195878575], [-76.36006450111253, 38.12710988339471], [-76.37921971534166, 38.12488123199604], [-76.41241664305481, 38.18038515763256], [-76.46775454537068, 38.22016363622062], [-76.48060909053193, 38.2200636357602], [-76.44412160114392, 38.18579009997328], [-76.49015776879877, 38.18059562698141], [-76.5929947647974, 38.22866749212397], [-76.64733176744045, 38.26145182394521], [-76.62860909018345, 38.26044545505811], [-76.62705454469449, 38.284318181898556], [-76.65271818112761, 38.292090908950385], [-76.63187272717124, 38.279445454826686], [-76.65409406944313, 38.26414046420549], [-76.7089037231155, 38.28243459718433], [-76.70327272684243, 38.29429090875733], [-76.72499090931804, 38.31229999999721], [-76.73695454500023, 38.29226363594294], [-76.7178496316328, 38.284903015800495], [-76.8196454944784, 38.296561781669794], [-76.84185454635217, 38.336763636299935], [-76.8023090910434, 38.35914545532946], [-76.83843636294368, 38.35106363559481], [-76.85876363700807, 38.38278181810135], [-76.91967272756115, 38.392972728225004], [-76.92202727239244, 38.38290000022061], [-76.85994545438227, 38.36576363625428], [-76.8781272735107, 38.33139999988479], [-76.8515090911163, 38.315990909270596], [-76.86146509176614, 38.3085407695378], [-76.98376534741969, 38.37535934413912], [-77.02776594282015, 38.46152596774149], [-77.15134414258418, 38.44141326173449], [-77.19712309102135, 38.377437638078646], [-77.2519891233203, 38.39027277133039], [-77.20383874061686, 38.35754103114829], [-77.13843419168435, 38.341716932057366], [-77.10707875806224, 38.34749415814909], [-77.05880609792864, 38.38629710525302], [-77.0781529508797, 38.316474906179764], [-77.0603422374057, 38.28820609763579], [-77.02721099808058, 38.28452578079485], [-77.0226523906123, 38.214486631862194], [-76.98018793964147, 38.15777163022786], [-76.88789181940689, 38.17496779271882], [-76.78143214237336, 38.16770124764604], [-76.71830236403599, 38.08078000608119], [-76.60394067161995, 38.07514676551699], [-76.5633502867478, 37.99352550177857], [-76.41526782934864, 37.94049234535196], [-76.34987998966974, 37.907594714357074], [-76.31977430501186, 37.87438366712394], [-76.35151841843565, 37.85744738801449], [-76.44666520312549, 37.879760679701356], [-76.34750173099084, 37.83262276121701], [-76.34797243144789, 37.78683445485719], [-76.3876690870385, 37.67669892517893], [-76.41433636386095, 37.65276363708426], [-76.43454545504179, 37.65604545460208], [-76.42228181823677, 37.675109090635445], [-76.45121818226276, 37.660990909347426], [-76.44868181820105, 37.649154546221105], [-76.47244545489778, 37.66580909133763], [-76.43742727268136, 37.68353636370368], [-76.46055454445266, 37.68364545512268], [-76.45774545453479, 37.71136363633194], [-76.42089090891866, 37.71791818178048], [-76.40838181834678, 37.733754545037094], [-76.47796363611305, 37.7040181816343], [-76.5136727267153, 37.737754545062806], [-76.50101818232584, 37.74280909062109], [-76.48252727268576, 37.76235454552255], [-76.48347272744982, 37.76645454616739], [-76.51501818224385, 37.745836363395114], [-76.51304545441457, 37.719763636780364], [-76.47821818263851, 37.694336363791464], [-76.50358181762803, 37.69689090925601], [-76.47746363649186, 37.677509091298234], [-76.51679999982501, 37.65587272654863], [-76.49469090867596, 37.65293636328866], [-76.51019090919822, 37.64232727328782], [-76.53654545378052, 37.663572727879654], [-76.53676363599668, 37.700454546039666], [-76.58829999993915, 37.77539090937365], [-76.72645454526734, 37.83635454633477], [-76.7383090915211, 37.86892727320674], [-76.76569090927717, 37.87893636400795], [-76.79877272758732, 37.9257272728961], [-76.84234545482033, 37.93994545413122], [-76.8568909097524, 37.9308181811553], [-76.79399090956463, 37.89529090887071], [-76.72386363672706, 37.78850000020524], [-76.68051818080309, 37.78013636370386], [-76.67126363546909, 37.753536363906115], [-76.61774545515821, 37.743127271664605], [-76.58520909053459, 37.662909090280856], [-76.5485909086702, 37.620818181928804], [-76.4536909095602, 37.612945454666146], [-76.46473636254238, 37.610809091242736], [-76.4622272731443, 37.59799090945502], [-76.43325454494689, 37.613999999790806], [-76.43070000055558, 37.59687272699863], [-76.4504272730481, 37.58845454636847], [-76.4136863769231, 37.580602867755374], [-76.40904377570882, 37.56026764880034], [-76.44015454509088, 37.51799090909193], [-76.47750000034748, 37.54055454472707], [-76.49830909084451, 37.53933636341903], [-76.51108181764687, 37.558772727167614], [-76.51700909226426, 37.55030909125299], [-76.532272727381, 37.561300000396514], [-76.54581818218283, 37.55784545480158], [-76.50707272703313, 37.530754546216265], [-76.46415454443101, 37.5267090912038], [-76.47188181756603, 37.51171818214426], [-76.43220909443184, 37.51263926944311], [-76.50268181832027, 37.41589999995135], [-76.49175454662516, 37.41529999970772], [-76.51559967686626, 37.337905456610684], [-76.49512543510122, 37.25367692613305], [-76.50390000020944, 37.24527272671176], [-76.50881818080121, 37.27395454610258], [-76.5578090894596, 37.29746363704643], [-76.56069999985603, 37.31926363589749], [-76.58945454598388, 37.32719090854771], [-76.65619090958181, 37.41355454592325], [-76.68691818192652, 37.41850000015188], [-76.74486363567382, 37.49507272727457], [-76.78014545455747, 37.52436363675357], [-76.79502727313118, 37.526381817798374], [-76.80638181834102, 37.506427272753356], [-76.76269999984237, 37.482336363664], [-76.75876363568862, 37.45930909090442], [-76.66058181889171, 37.36643636388944], [-76.61579090901293, 37.30016363626601], [-76.58709090920836, 37.29518181759479], [-76.58310909138137, 37.274127272751954], [-76.49322627525925, 37.2230503771887], [-76.55426138879308, 37.22945379936229], [-76.61475254354596, 37.20579687812982], [-76.66048181822374, 37.22299090948957], [-76.77387272857506, 37.212290908939295], [-76.81011818152687, 37.24096363600226], [-76.86958181935695, 37.242218182001274], [-76.87372727295273, 37.264309090920854], [-76.91693636340229, 37.23313636369183], [-76.9410090913509, 37.23747272807066], [-76.98496363607451, 37.27680909118257], [-76.99061818190816, 37.302609091304824], [-77.01533636443773, 37.31290909135322], [-77.0736818175577, 37.27278181895138], [-77.0700636361957, 37.328154546500976], [-77.12977272721501, 37.309200000459484], [-77.22503636413197, 37.32471818160426], [-77.19126363613901, 37.28515454580075], [-77.09340909050864, 37.30782727283036], [-77.08629999993379, 37.271563635929745], [-77.06340909122417, 37.25976363597519], [-77.00776363564145, 37.30263636404992], [-76.99354545405595, 37.29575454504116], [-76.98539090922688, 37.24549999974011], [-77.01177272755292, 37.233899999750214], [-77.01648181813054, 37.229236362939155], [-77.0137636359862, 37.22531818054287], [-77.01868181761806, 37.22211818189276], [-77.01868181848154, 37.21608181810183], [-77.01108181812552, 37.21270000047673], [-77.01170000034655, 37.232745453865036], [-76.97551818221783, 37.23947272700491], [-76.90081818215414, 37.199427273474136], [-76.80157272862256, 37.20625454479787], [-76.76504913096096, 37.169921387206735], [-76.79521126613808, 37.14273001112522], [-76.83901852801208, 37.13310840033429], [-76.91580454551843, 37.03214277065836], [-76.96139019208493, 37.026819728095184], [-76.92870859708881, 36.99709334387568], [-77.03086010658338, 36.86341129989047], [-77.05819202154544, 36.80452438910429], [-77.07719493358924, 36.804439481246916], [-77.11335426598701, 36.84201525424551], [-77.1232152784548, 36.70178934131913], [-77.17548831441019, 36.633225637774686], [-77.18001587260294, 36.60023348753942], [-77.10761230512429, 36.58561153968239], [-77.0739186740284, 36.53322141604945], [-77.11814988071912, 36.51906488629363], [-77.0782317029523, 36.48989625783705], [-77.10075283293997, 36.46700330115429], [-77.09252792842706, 36.44827631111974], [-77.01626445856965, 36.424281876969495], [-77.02180135747902, 36.39591251316587], [-77.07141340060296, 36.37185799029485], [-77.11649159438778, 36.38383520629371], [-77.21376720584017, 36.37299455589106], [-77.32223900060606, 36.39854022622989], [-77.4137190752752, 36.39334350203002], [-77.4382048959725, 36.37897679976955], [-77.48562203722824, 36.43405972241576], [-77.5640146987068, 36.4266300533457], [-77.53117760857322, 36.38067321618328], [-77.47466470424344, 36.35670537778326], [-77.46059694098045, 36.33023807863834], [-77.43704189784704, 36.328046543686845], [-77.31324719805555, 36.241111492254866], [-77.28675224956856, 36.21208177369013], [-77.27037585812633, 36.1573460269465], [-77.30380607528318, 36.10419333152294], [-77.4032751109039, 36.06736336222749], [-77.42608242170023, 36.01341409682009], [-77.40387981230357, 35.98130216942184], [-77.42580512257132, 35.9097400049722], [-77.40345183577311, 35.8487060061915], [-77.44977729055115, 35.76817542519065], [-77.45701640204348, 35.7258084638301], [-77.44298982418952, 35.69392597987287], [-77.49697936532834, 35.632390315138565], [-77.46336641130128, 35.535900065793015], [-77.40696811117944, 35.477227078025216], [-77.4224399018836, 35.35196686614817], [-77.53219643067457, 35.18929832684206], [-77.55724416739142, 35.1964073624094], [-77.64380637790734, 35.15078965814473], [-77.61203295618583, 35.09218749968931], [-77.67528926732908, 35.05074636873104], [-77.65961524631238, 35.01423799474823], [-77.6729029206066, 34.98786538187611], [-77.7204773701796, 34.95083669118748], [-77.85396235397563, 34.95943967309259], [-77.9688838002257, 34.91756670790928], [-78.05458236092478, 34.84582077221528], [-78.10853267123613, 34.82224927382986], [-78.22931672030623, 34.72967954507375], [-78.26028811899329, 34.72303599684777], [-78.3535885215826, 34.75288751989926], [-78.4291330994923, 34.74861831504021], [-78.53415751475762, 34.852201690286186], [-78.60524863534954, 34.8891900719293], [-78.75650774971466, 35.0184075271223], [-78.7711014795209, 35.01634234303889], [-78.80103155686011, 34.98803237434123], [-78.76860767213039, 34.96170827407482], [-78.76974712891672, 34.92137581298614], [-78.79329028306489, 34.920302672204876], [-78.79701786689512, 34.88505694397756], [-78.7564640505854, 34.76035620715812], [-78.66218584708278, 34.708530373419705], [-78.60529399058915, 34.64415712735897], [-78.52349179055965, 34.612354412047075], [-78.51538585396216, 34.589291073422814], [-78.46994431755103, 34.56845361187811], [-78.43527306553553, 34.50480809604247], [-78.49738598353719, 34.41327707208635], [-78.54008758784173, 34.40004836000585], [-78.64031905893393, 34.32854291358778], [-78.67740640041572, 34.25606920974386], [-78.7350683597354, 34.19437766991783], [-78.78388497951758, 34.177937347875655], [-78.8680971505202, 34.109841921827595], [-78.92646841561968, 34.14197655676547], [-78.9819201263829, 34.12410720478162], [-79.04994165719027, 34.13446085217863], [-79.0955623697562, 34.218480867728026], [-79.15807877150438, 34.21852184169804], [-79.19398498571192, 34.235789681369674], [-79.18200920612891, 34.19134470280119], [-79.27373880237904, 34.122444507955706], [-79.34035702611023, 34.0219484552977], [-79.43856913657899, 34.05597186582518], [-79.51847198662334, 34.01408033090413], [-79.62306604183073, 34.07196464842092], [-79.6786938936619, 34.04346840066779], [-79.73544798534934, 34.08687103269318], [-79.72347733699243, 34.12965557429668], [-79.76068099466028, 34.11342282679376], [-79.77447185170472, 34.12625923425242], [-79.81741861589272, 34.11542810318289], [-79.82393148980915, 34.147225901636155], [-79.9045300152385, 34.142115628619216], [-79.97819367411302, 34.09094474757952], [-80.04115446416967, 34.09177695920941], [-80.06135074625223, 34.05048578176617], [-80.14242931043071, 34.085331204164476], [-80.16158777622933, 34.01745310778397], [-80.15467954908672, 33.94827868010523], [-80.19244592198523, 33.90425554575711], [-80.14083491137569, 33.81566909199896], [-80.11580189833477, 33.79890195103194], [-80.13614379680939, 33.73974293684558], [-80.17618844130223, 33.73339154460682], [-80.18772718522416, 33.717319156780746], [-80.15515015461995, 33.685819768586825], [-80.13277700642874, 33.686287703168254], [-80.12291599394166, 33.662909311847315], [-80.18224454555575, 33.5263723063474], [-80.14599172180803, 33.4432733817569], [-80.15671647512328, 33.397210101873746], [-80.32484655174737, 33.37928083900165], [-80.43647945208562, 33.42686525475278], [-80.53552081363922, 33.40516074138218], [-80.65158958875223, 33.42377087571981], [-80.68160526970235, 33.447483561780054], [-80.80042174835754, 33.451994429132945], [-80.94361167770512, 33.401343040026816], [-81.023185251708, 33.345772408340245], [-81.03397083583931, 33.314702176939626], [-81.10765912912464, 33.25470854632014], [-81.13365278414913, 33.205421851957915], [-81.15051982772297, 33.16361091451509], [-81.12679876313848, 33.10171429663159], [-81.13542971907489, 33.05403360831321], [-81.17942019394746, 33.03034049719808], [-81.21200016876898, 32.989878756712244], [-81.23037000737148, 32.92998717989479], [-81.25440007475571, 32.92462050697059], [-81.3080413790073, 32.95540504264251], [-81.35709396133123, 32.90803698471292], [-81.43206418741703, 32.88692195016649], [-81.46116443938477, 32.861242417799566], [-81.46448569632322, 32.76951007796882], [-81.50668565420816, 32.74259889725941], [-81.47792373692546, 32.70870903200572], [-81.5520820561367, 32.68018324439363], [-81.49858748618482, 32.650312422151515], [-81.52543859154886, 32.60957946764517], [-81.51538485476529, 32.58277155704912], [-81.53529748146504, 32.514327457993055], [-81.59053989161889, 32.51180591667875], [-81.56621043418993, 32.46090895405827], [-81.57088351405017, 32.432606733030866], [-81.65176304608413, 32.410248848271664], [-81.71430021398, 32.27564885239837], [-81.74269381405904, 32.244593073701544], [-81.80872116260534, 32.21248195026219], [-81.78676589397688, 32.124734083277964], [-81.80249979992816, 32.08594919577357], [-81.83165549882024, 32.06261748690027], [-81.87475142546135, 32.099016675930024], [-81.97851351523619, 32.07830526919981], [-81.98834611917606, 32.13909136419723], [-81.95035983740524, 32.15557902786164], [-82.0539027858002, 32.170949756745145], [-82.03728469835838, 32.09942491924692], [-82.06011159662718, 32.060119827073], [-82.03649786626491, 32.03458540577468], [-82.03193816517157, 31.972067093710727], [-81.97996797091517, 31.93662905564256], [-81.95081296019046, 31.938802431603406], [-81.98436451757287, 31.978865440746077], [-81.98818742277851, 32.02136741503453], [-81.91522075167583, 32.03849724989901], [-81.8764464290891, 32.02672743632954], [-81.85940577028546, 31.98216704326148], [-81.87905839764342, 31.907361702792358], [-81.94327048229756, 31.816171558714625], [-81.9479750017253, 31.72137576997537], [-82.07484094766951, 31.801463995584225], [-82.15059195553559, 31.779662507986114], [-82.18789690964131, 31.805451674760576], [-82.26523505787235, 31.78743189238142], [-82.28959617059486, 31.80574960635051], [-82.34821886975841, 31.798901115502325], [-82.37136894887796, 31.829549057704654], [-82.3588940475825, 31.845089666498808], [-82.38470201125668, 31.855350224321267], [-82.37926331699515, 31.884523034087415], [-82.46568290155946, 31.83011450861712], [-82.58044433409485, 31.861693685711067], [-82.69413678169917, 31.83914564381511], [-82.80596881777947, 31.766650505079426], [-82.82171106195449, 31.73202508761459], [-82.81590566090894, 31.601448877745742], [-82.80386970431768, 31.621458190642716], [-82.79226710183912, 31.61308622276926], [-82.77237725613396, 31.62749171858554], [-82.76750219768778, 31.651703105832787], [-82.73080799692612, 31.60827006567996], [-82.73680074839247, 31.548876912977978], [-82.77128150460405, 31.473605668652674], [-82.75343657571344, 31.407361330637944], [-82.8291610773531, 31.41008510640052], [-82.83079396131909, 31.345206110919168], [-82.86076510943587, 31.354314244991638], [-82.9622777849617, 31.334716395199166], [-82.98721642432668, 31.349077836762834], [-82.99225547553434, 31.374135248337993], [-82.94504653690164, 31.37830920062055], [-82.9291863839502, 31.405830526351366], [-82.98659758557862, 31.43428755325968], [-83.08898019528534, 31.401825277784972], [-83.12140361005646, 31.348093550804897], [-83.14917150831859, 31.34668255346996], [-83.17940190152491, 31.36765082487494], [-83.25907837966396, 31.34466900354143], [-83.2102627388499, 31.267132255546098], [-83.23038595741836, 31.202201181216378], [-83.2590102280144, 31.166701127952823], [-83.19613843860742, 31.132978122669858], [-83.18060825934526, 31.07443441910982], [-83.14390997074665, 31.10892505084696], [-83.12061834747003, 31.094467813150125], [-83.14048562516686, 31.044060409990802], [-83.16983482600149, 31.025729288833098], [-83.18571110548504, 30.970436740179412], [-83.17494064450806, 30.95036377236752], [-83.21481200179727, 30.949851495214823], [-83.22047369283507, 30.92981634606077], [-83.20583339347276, 30.911042780924507], [-83.25663797238525, 30.87365925619579], [-83.25602888267416, 30.855136910222576], [-83.2338392876436, 30.82302535969658], [-83.16936147812592, 30.796505378188527], [-83.1003951943458, 30.843828082847665], [-83.11645181510728, 30.765097073378904], [-83.0608134156128, 30.60038912521038], [-82.97599448140453, 30.567525134868358], [-82.96356935989209, 30.536528212121077], [-82.93011001254463, 30.52572421681031], [-82.90386772333612, 30.47304384915352], [-82.76181135975521, 30.351226095300426], [-82.67862061540986, 30.323744657485598], [-82.66889192128826, 30.302198733148096], [-82.68209364997554, 30.24545323476746], [-82.61501191075205, 30.238285347071894], [-82.57106515559163, 30.18524857968588], [-82.54943334759342, 30.134656586213488], [-82.55528133227514, 30.06676699831819], [-82.52561326004162, 30.022027882950105], [-82.5369678020305, 29.983788107701518], [-82.51449324009494, 29.947131619218684], [-82.56769747337101, 29.899786718750484], [-82.58596602994241, 29.85721667354398], [-82.69547088133834, 29.85059954741981], [-82.73852087242068, 29.886384403893206], [-82.77799605456923, 29.959484729518625], [-82.88950690944529, 29.91181774724533], [-82.91839997038983, 29.947310349988634], [-82.96245747298936, 29.932268181795468], [-83.10263992393993, 30.02762131070517], [-83.18746644324729, 30.04729170960938], [-83.2204930834928, 30.040107386147586], [-83.22952618957943, 30.06801809090381], [-83.28983467404063, 30.084967045808213], [-83.31580430738214, 30.109554392619906], [-83.33144719354732, 30.155774058644912], [-83.30347586240201, 30.20907941964525], [-83.34568872622071, 30.246718957216448], [-83.33019146434181, 30.28396122000754], [-83.341606392604, 30.351169509872545], [-83.38768472296934, 30.412813875581815], [-83.42029233668129, 30.40459562569996], [-83.45101960972487, 30.370811856124046], [-83.5810497565522, 30.364689766187645], [-83.55869039833746, 30.412229802987365], [-83.63207717734983, 30.43221678766723], [-83.63371411742317, 30.448946649165727], [-83.5892555967188, 30.483850445986135], [-83.61428305045385, 30.508362632304497], [-83.71497434357167, 30.49514535904129], [-83.73167349799797, 30.52412453729869], [-83.7853073005662, 30.504666118944126], [-83.81906996739106, 30.54782807878058], [-83.83870382325394, 30.513871577892452], [-83.82410454857649, 30.459775860982948], [-83.85307019444352, 30.46552584824423], [-83.86018464331009, 30.4283248087297], [-83.8553282374271, 30.390978365702523], [-83.82294100009707, 30.386993138947254], [-83.83721488454005, 30.345290996834223], [-83.88032208441348, 30.338767204499234], [-84.0427708492172, 30.37052107323695], [-84.08321498662151, 30.413644844224507], [-84.10171325175331, 30.36695036036095], [-84.2715570706776, 30.396461274277716], [-84.32638732180905, 30.419831097702744], [-84.36052327618559, 30.48376754482035], [-84.40362215351523, 30.498658793030742], [-84.61065133950936, 30.432107977011427], [-84.71412506654232, 30.351245477941927], [-84.73361854150939, 30.31971806790957], [-84.77597417438018, 30.319732939431397], [-84.88023310723031, 30.280482261186453], [-84.96806106208611, 30.30871540338413], [-84.98236580994167, 30.326193258751665], [-85.04486729823877, 30.305616289647812], [-85.08378090592474, 30.346879057538164], [-85.12309483188315, 30.33642711721063], [-85.1481739248602, 30.35601279020974], [-85.22841371290451, 30.35432198964966], [-85.34206748007279, 30.42080683636101], [-85.40060153636479, 30.37766938086085], [-85.46607272944199, 30.36993681065899], [-85.55140907140678, 30.391911651392334], [-85.67701500070794, 30.372660393030458], [-85.75033366411331, 30.41345049830115], [-85.7581348911211, 30.4518645611575], [-85.81068220744555, 30.486859541226703], [-85.85279508321572, 30.47810046109591], [-85.84208572984792, 30.52809466416097], [-85.85448408513432, 30.55533973244182], [-85.87347216124554, 30.532843223588202], [-85.88712265934223, 30.61309200528927], [-85.85905960712616, 30.67748206207699], [-85.86529033617796, 30.69484032226705], [-85.89878857540694, 30.67945558467715], [-85.91294260872064, 30.649042680186216], [-85.92507629872297, 30.650868829318938], [-85.92623660375166, 30.62637161220563], [-85.93962303380191, 30.62538470990277], [-85.91006834647987, 30.57269021288132], [-85.91677866292669, 30.557808283349743], [-86.01494604074813, 30.59401160212257], [-86.16853172168025, 30.55736046425793], [-86.3303216257187, 30.543807751918074], [-86.37677736202339, 30.56279868124857], [-86.45222458661301, 30.54822608324597], [-86.50251450008103, 30.57367677842504], [-86.62088657728687, 30.50231847860816], [-86.71773446713755, 30.50828322967328], [-86.74026787706661, 30.484914269713112], [-86.80168362484126, 30.469688011130174], [-86.91216106487306, 30.486287485796527], [-86.95890784329248, 30.51224586424484], [-86.92230119261735, 30.555439568636768], [-86.86207228017294, 30.562128590257394], [-86.86109815587773, 30.584391992347413], [-86.82808179150328, 30.608828137760625], [-86.83605466859999, 30.631682601215434], [-86.95617357488857, 30.601270850820796], [-87.03368136447757, 30.649078532296564], [-87.12020143516018, 30.60329131080289], [-87.16533425513573, 30.59808672532238], [-87.20013692924236, 30.613058733820328], [-87.22912631364694, 30.671337647011615], [-87.25993498679134, 30.69049150592825], [-87.28642649753027, 30.663973045286376], [-87.2261793194714, 30.550404168245144], [-87.35705320340509, 30.498655660104518], [-87.39635167249513, 30.515462247622803], [-87.4208100337821, 30.558484917185197], [-87.46177697850973, 30.551909569078767], [-87.48702886636698, 30.483970115088987], [-87.45569282527724, 30.453998990822832], [-87.45230716994358, 30.40871631299415], [-87.47973305178824, 30.38602183719212], [-87.52866336901347, 30.38124159305093], [-87.54846456630965, 30.341695066157236], [-87.59731934308087, 30.371281253076997], [-87.62755047146129, 30.370918515808068], [-87.64714397391677, 30.316229081138072], [-87.67805058851195, 30.306269818327575], [-87.7043937317908, 30.350208882271044], [-87.74130915476765, 30.331697100873576], [-87.78364377705766, 30.34998582986001], [-87.78649857350923, 30.371138935889636], [-87.75034737740273, 30.404494640928778], [-87.80222190481335, 30.406261523192388], [-87.8068227040827, 30.453861337562124], [-87.8567205947665, 30.419650100049374], [-87.87710725445551, 30.426986238198904], [-87.89421274214925, 30.477604048956216], [-87.8869827911115, 30.544520997687783], [-87.90654276164933, 30.65969167921775], [-87.89173394751498, 30.764655460632575], [-87.90805336981052, 30.811925321953378], [-87.86334857185557, 30.889070677033306], [-87.87322956891792, 31.022501227581277], [-87.85662520821892, 31.06907183474471], [-87.87458754605633, 31.114801341681513], [-87.90978785099125, 31.13334073413583], [-87.95396646267668, 31.128997428067002], [-88.0, 31.097690793826334], [-88.0, 39.40764145064348], [-87.83085495650242, 39.50029774310522], [-87.66188186146672, 39.518773285864604], [-87.59455791865517, 39.488523626580395], [-87.48025754959927, 39.47638208525279], [-87.42560212402333, 39.73062948367609], [-87.43329590751938, 39.81277925572252], [-87.48387313694649, 39.86442918220418], [-87.78013469105456, 40.0552143087098], [-87.81025673155212, 40.12920298777275], [-87.80954400973353, 40.19058730095024], [-87.79142025675064, 40.22594939032827], [-87.73055271454457, 40.25957105554731], [-87.61374731685285, 40.25343526399656], [-87.44809580086417, 40.13937503355268], [-87.38663413960626, 40.11761163411986], [-87.40810703881525, 40.006573710410606], [-87.35605471866387, 39.95304607792434], [-87.31422393801033, 39.86918783784172], [-87.29150831023067, 39.78005036179824], [-87.31444565585372, 39.755770811355205], [-87.3092499976142, 39.72219425294206], [-87.28277042887869, 39.76445318789137], [-87.25109508144162, 39.74164452666645], [-87.19803070740308, 39.77303060522976], [-87.18996789620964, 39.72990661047849], [-87.1409116384341, 39.776433895983864], [-87.15659786555601, 39.71508989864572], [-87.11524437910667, 39.714817783375736], [-87.08264815244266, 39.75583434403024], [-87.01256520810311, 39.7860748193535], [-86.87656219231197, 39.70158094095512], [-86.88437680040133, 39.63025456571414], [-86.85492507995563, 39.595932341087895], [-86.78821134807488, 39.644838131932495], [-86.76509793186466, 39.6276640661808], [-86.75551697826779, 39.55874543220679], [-86.78102711640553, 39.50615534402428], [-86.71476303180384, 39.48768359079019], [-86.67703786187023, 39.42811377573787], [-86.577122674994, 39.45583939142325], [-86.55038948350597, 39.524139678335196], [-86.45238943842394, 39.575814407008636], [-86.41044737512783, 39.57878091445338], [-86.37097421536893, 39.544549809113164], [-86.39854122393236, 39.50749974239088], [-86.35256375217436, 39.42425138736021], [-86.29762396857929, 39.41545727488993], [-86.25699157546327, 39.38311757708421], [-86.15599187451723, 39.382077534387356], [-86.07525218458302, 39.326813959760194], [-86.07371549486761, 39.30579726517968], [-86.03624608074729, 39.269359385593205], [-86.02185716994089, 39.18422686541842], [-86.06404484137218, 39.07048419938547], [-86.03366808244762, 39.00697765646816], [-86.07933533249553, 38.96481801273429], [-86.09266296718592, 38.930552932958406], [-86.1433334994863, 38.90585178520686], [-86.16575488886903, 38.84345258902042], [-86.21941926338191, 38.78161612396952], [-86.08770251822354, 38.7595154121457], [-86.06224779258066, 38.74241730681914], [-86.05831052470366, 38.70680355095063], [-86.04604862679182, 38.756529138875415], [-86.00298069254401, 38.748960659881895], [-85.97078496545802, 38.675781656337946], [-85.90278457120324, 38.66751178883821], [-85.85160114601277, 38.63392990316394], [-85.85693625118822, 38.592032179905274], [-85.8319094658538, 38.59549401389922], [-85.82540132842146, 38.581285014735585], [-85.80865615288029, 38.60512245697353], [-85.78987801564534, 38.596472557151756], [-85.78120669560873, 38.55414022204189], [-85.8166828356892, 38.51803270436587], [-85.8243380617127, 38.4839686297976], [-85.89646155858833, 38.45658529521054], [-85.94811234684533, 38.46800971900434], [-85.86777195937215, 38.43338005233067], [-85.85283021635492, 38.44362070247892], [-85.8166139089896, 38.432572983934826], [-85.80809858719866, 38.381239130429705], [-85.84428792751942, 38.322703264907815], [-85.83776693303813, 38.27753795214319], [-85.78214545357527, 38.289590909202246], [-85.74696643326571, 38.27024284719739], [-85.68143080154208, 38.30088238606668], [-85.61514469854482, 38.444413671736655], [-85.50723746314696, 38.47135562679769], [-85.4324081174835, 38.53695361506782], [-85.41750121344087, 38.5614109559147], [-85.43859090912916, 38.60540909061104], [-85.44126958264003, 38.66382255974207], [-85.47123283803933, 38.69891020911196], [-85.44133825840436, 38.769221963236255], [-85.38940216233611, 38.74981515942667], [-85.35909679550156, 38.78031503067923], [-85.35766962159123, 38.74841462572823], [-85.33344603075948, 38.763754588178834], [-85.31151885512303, 38.752955433349086], [-85.35916444265519, 38.81516632167051], [-85.37097265955809, 38.867496878933494], [-85.31771578624276, 38.866710257035955], [-85.32141439661712, 38.836937356376694], [-85.28872389578274, 38.84369328392705], [-85.28860145375968, 38.87515292226001], [-85.31386630354777, 38.90547268773937], [-85.30720274292027, 38.93024639895184], [-85.27825263614017, 38.93280951176384], [-85.28188353940544, 38.90849826930509], [-85.25259374327622, 38.889672119926026], [-85.24486564458195, 38.92741558265024], [-85.21605887754804, 38.93591242090828], [-85.21760003481245, 38.892874258051464], [-85.19856670916272, 38.889806844972775], [-85.21689055427005, 38.864339614799114], [-85.18482497121975, 38.853194723057165], [-85.19617679249237, 38.8279331710208], [-85.17948165722761, 38.820609739245825], [-85.19611728623505, 38.796529556033825], [-85.16288311236683, 38.78074206738476], [-85.1478777734248, 38.7965000694687], [-85.16527814145532, 38.836313846973454], [-85.15835940947338, 38.85656947637779], [-85.12641342847964, 38.82517636642452], [-85.12901402754284, 38.85713898476597], [-85.07278267491918, 38.83613526086005], [-85.06427758345131, 38.82132428494477], [-85.07921534683916, 38.801963492391714], [-85.06450206063815, 38.791471034962676], [-85.05917995001818, 38.81337364709197], [-85.01923328612476, 38.83463970984681], [-84.99558849286302, 38.8273108502687], [-85.01694686826107, 38.79568365709134], [-85.0071696874213, 38.78883554016545], [-84.97198692440824, 38.81006774314367], [-84.97547864401976, 38.84386411033695], [-84.89991793309673, 38.84093008477001], [-84.972089332403, 38.88226189919654], [-84.93384650876176, 38.90589187272755], [-84.96359531217131, 38.910758621155836], [-84.9651137545131, 38.947939711857764], [-85.02126550548387, 38.936565668851664], [-85.01118126648312, 38.91252965922755], [-85.04304287809278, 38.89473209001411], [-85.06899933940761, 38.903759849912795], [-85.07254692703911, 38.92391725338597], [-85.16526368994606, 38.90564639715006], [-85.15905581610492, 38.9600495224461], [-85.20503029232725, 38.96742055390968], [-85.20348817821137, 38.98983360571818], [-85.22814941152924, 39.01033581216245], [-85.23311763248344, 39.06104212009635], [-85.21737811783922, 39.066600419577235], [-85.1922241412809, 39.02369225549369], [-85.16398967507435, 39.010172601124594], [-85.14764504707829, 39.02030248936446], [-85.09422812731954, 38.95593139634434], [-85.07724494637506, 38.96882674242534], [-85.09979954611428, 38.99619633661564], [-85.03082853886671, 38.99251511276064], [-85.03498037853639, 39.01438182712636], [-84.96535944260717, 39.02402236788929], [-85.0614583686902, 39.0263628216954], [-85.11190474866517, 39.05159576604337], [-85.12949326768567, 39.08077514358796], [-85.11558154219145, 39.08995787826407], [-85.08548744691129, 39.06652733009057], [-85.06728229166238, 39.07301100877373], [-85.0148348553083, 39.048247857359996], [-85.05525643495632, 39.079970633306914], [-85.05526427682652, 39.116052525999336], [-85.10784566560712, 39.144353949228524], [-84.99084073286193, 39.123189760781656], [-84.94184926642481, 39.13251188205413], [-84.94033808299376, 39.14321621102512], [-84.98954641183938, 39.1535134173428], [-84.99412512505754, 39.17887081689655], [-85.06086950961524, 39.218965351928325], [-85.05012805633993, 39.23999174703958], [-85.02468131291664, 39.24425182731291], [-84.97180964481223, 39.19836099583235], [-84.96563519487758, 39.20963296257165], [-84.99840686186475, 39.242649758594766], [-84.9496660009144, 39.25346544675917], [-84.92014236736127, 39.2304077577258], [-84.89877255756817, 39.2340062343927], [-84.89518773762809, 39.21158827100198], [-84.84149739689367, 39.20227527317432], [-84.86306663256963, 39.24634838729594], [-84.93408216617797, 39.25904687205182], [-84.9515258996064, 39.277694089681766], [-84.95330807532073, 39.28976357978316], [-84.93565055762468, 39.292104622497725], [-84.94519338158915, 39.310473037660564], [-84.92263501197564, 39.32547996571506], [-84.93055168353744, 39.33768986565011], [-84.94604427021122, 39.32740522033284], [-85.01610986950575, 39.38873879000506], [-85.02989591137484, 39.37532288333121], [-85.01583460622484, 39.3621779777019], [-85.02742610236444, 39.33772329624369], [-85.05212796904084, 39.34171278782148], [-85.0436685286244, 39.38513811520995], [-85.06261441909008, 39.38572065729611], [-85.06621952207088, 39.41324335970515], [-85.11579753095475, 39.38185060896302], [-85.09617430188258, 39.32775509193126], [-85.1215776372279, 39.35422061987893], [-85.16269407453436, 39.36331521359885], [-85.14629742391247, 39.40676714838366], [-85.17147908332319, 39.42834756969577], [-85.19308703960999, 39.41907668577362], [-85.17963696924934, 39.395976876585586], [-85.2004154164913, 39.35784542497149], [-85.23551005053494, 39.372523849347395], [-85.24433088026083, 39.40193645824753], [-85.21718155011266, 39.41103764105679], [-85.2265183005111, 39.43672378088606], [-85.19532857989053, 39.45775989215093], [-85.27448208460284, 39.527531657335956], [-85.28552274836132, 39.55523826792287], [-85.26547858771328, 39.5664959817243], [-85.25118800905796, 39.54953259971858], [-85.25060327043306, 39.57149409794221], [-85.2313962831904, 39.58493006536477], [-85.10515377387343, 39.53004276533914], [-85.05488186854632, 39.459270313082065], [-85.01388932242718, 39.449504353216966], [-84.98502760529956, 39.416085162179535], [-84.96194777678004, 39.420764936215996], [-84.96626530370291, 39.40436600775865], [-84.93915124082964, 39.3860990027571], [-84.90349970953655, 39.40527864298213], [-84.91718256166605, 39.36686817708598], [-84.87746951033121, 39.347382774281435], [-84.88492910260868, 39.321277917011194], [-84.85313611991485, 39.32627213696092], [-84.76954957902473, 39.28070104676345], [-84.74005461040815, 39.29412915149917], [-84.7059383758095, 39.27335193984575], [-84.66636682956258, 39.27129059666037], [-84.65456499932263, 39.30183882647648], [-84.58401672104559, 39.30136754925436], [-84.57670696984474, 39.28421925792887], [-84.60246124721925, 39.26714827367626], [-84.59891188954869, 39.215991390926625], [-84.53637273904694, 39.16526687723066], [-84.53579164963067, 39.140077671704795], [-84.42472062242612, 39.12871483836667], [-84.41144617722433, 39.11207280806807], [-84.41659853326414, 39.06060782742439], [-84.28689558133834, 39.05548508974921], [-84.26948999245312, 39.04035280996386], [-84.28764379474103, 39.023901754935764], [-84.2410093885624, 39.02184756909332], [-84.26406111442624, 38.988691636009655], [-84.19812443034537, 38.96288211013886], [-84.24304639046265, 38.956592227805025], [-84.23409645152539, 38.94464568128223], [-84.24743757057354, 38.93730710596891], [-84.21661015835593, 38.93575172271083], [-84.22893087741333, 38.916786751331905], [-84.18572315771598, 38.90360392568435], [-84.16917528547691, 38.91733383900387], [-84.1460459358688, 38.89145438036882], [-84.18382336625915, 38.87375457566465], [-84.20277596706654, 38.84027236243936], [-84.1632694210697, 38.83826857962652], [-84.13698799495668, 38.815576622571726], [-84.15167559871365, 38.80298889695871], [-84.0812080202637, 38.79926231299047], [-84.02643088714177, 38.81832669183556], [-84.0113700494068, 38.80707232104041], [-84.04654848879873, 38.79151643802308], [-84.01673779339355, 38.79055117849342], [-83.97390284462334, 38.81107405352604], [-83.91602925456293, 38.88426126473952], [-83.91279341625169, 38.8449408147783], [-83.9444917653547, 38.811738831601645], [-83.91372611630524, 38.80641158522956], [-83.88238015738854, 38.831866427952676], [-83.86859627815645, 38.82024165121052], [-83.83944463737195, 38.83361255141008], [-83.88107684722809, 38.78459530008759], [-83.80807231607197, 38.76303416164882], [-83.71524260446492, 38.78683462734939], [-83.63038875331802, 38.78560040650282], [-83.59319842750973, 38.7962803247183], [-83.59378890563752, 38.8152738957171], [-83.49712511422588, 38.82761140383654], [-83.48160722707166, 38.86542871073592], [-83.49488324042494, 38.968831357221006], [-83.45702429585275, 39.00166462360358], [-83.56837103158566, 39.032406725295125], [-83.58411882562814, 39.067362654500634], [-83.63966228977893, 39.089502338846096], [-83.63470099299491, 39.110791191369934], [-83.58428299685866, 39.12889427699337], [-83.43737320588433, 39.108036633987034], [-83.41299386178567, 39.11653984616612], [-83.36568273566512, 39.06848729616494], [-83.34688468168937, 38.98096731329523], [-83.32621475212004, 38.959356039711246], [-83.39909243047701, 38.90318508190372], [-83.3865889974738, 38.84998030870588], [-83.36275852836248, 38.838072171352216], [-83.40737598411219, 38.791839752713564], [-83.38655619363568, 38.75778048304542], [-83.42527685757587, 38.72779918400819], [-83.44748255659479, 38.68069022223521], [-83.4669904842895, 38.668183514684415], [-83.5024038670494, 38.674908083951486], [-83.52688089619667, 38.55438527442999], [-83.58663005594254, 38.47213854801648], [-83.61565174808764, 38.47104479031184], [-83.65211722617482, 38.39797739798508], [-83.63744065078863, 38.25206617723099], [-83.65176722851137, 38.191467196630605], [-83.5996284563107, 38.185966114090014], [-83.60529562756348, 38.138869144846744], [-83.5490854232727, 38.15071091121767], [-83.5458435494922, 38.110863415943975], [-83.56923927857622, 38.12692341092361], [-83.67537063248136, 38.12429435466813], [-83.74081049905166, 38.05655911432594], [-83.778502589976, 37.941843156979964], [-83.9540233625693, 37.915123534036184], [-83.94060521917054, 37.88360467932979], [-83.80964076271803, 37.85242214663323], [-83.85778067574961, 37.84125893704758], [-83.86661878386472, 37.82469347013322], [-83.89802529741921, 37.83552242329794], [-83.89977572067386, 37.795059359535735], [-83.99069267136875, 37.80190612683657], [-83.99623074368675, 37.78398399955576], [-83.9712741474854, 37.735605223632135], [-83.98606718457518, 37.70844462081977], [-83.95527695543792, 37.680275411241595], [-83.99895420336586, 37.65259348028792], [-84.07509609141661, 37.65295385437675], [-84.15671954532554, 37.61878613690965], [-84.19728354480597, 37.57714969575442], [-84.22121910426888, 37.608733909477905], [-84.23292044117818, 37.605071428796364], [-84.26887625025657, 37.555158970463175], [-84.26986441371457, 37.52102288424997], [-84.25217431551893, 37.49330164873797], [-84.21642909148281, 37.49946720842008], [-84.27504702192846, 37.42472460115246], [-84.33457364793327, 37.42367201261231], [-84.3537155390063, 37.35906918076826], [-84.42841435042904, 37.27582912041477], [-84.40960562752021, 37.264866504055234], [-84.41063906045964, 37.23290146631543], [-84.42789251645439, 37.22556358771727], [-84.42809965615677, 37.26006561877581], [-84.44886010228046, 37.245951768382014], [-84.4373809703391, 37.212965749779855], [-84.44643711957204, 37.172736254179625], [-84.47103373732752, 37.14422537048482], [-84.50994639374528, 37.160359344897316], [-84.51227526451098, 37.13643120399412], [-84.54963211350787, 37.14083976294905], [-84.53949651746632, 37.16610722305568], [-84.56350850129614, 37.15888631298512], [-84.57333928328799, 37.137970980141574], [-84.53354538551217, 37.122821930255796], [-84.5237184254424, 37.08470430407059], [-84.56887655297689, 37.09436131520985], [-84.5984627823884, 37.07396106343156], [-84.59011993270131, 37.054146524741164], [-84.55915774723691, 37.04587345776159], [-84.59757001408535, 37.01801229662179], [-84.58150517441705, 36.999600545264876], [-84.59027528041102, 36.93659174968458], [-84.62571122919645, 36.93766416431665], [-84.62900568022903, 36.96523183808509], [-84.65610858551187, 36.96783431786561], [-84.6924050544093, 36.921948372289265], [-84.71991525746272, 36.93290284512485], [-84.71152802062397, 36.90590866922842], [-84.73997616771024, 36.894506729727], [-84.73518666195638, 36.915654093208445], [-84.7882987405258, 36.91753651975311], [-84.81853539043371, 36.93746647542069], [-84.7760424808234, 36.86515462590707], [-84.80262173255126, 36.88640752189666], [-84.82463288814846, 36.86667547267299], [-84.80916541292072, 36.84708552791646], [-84.83543916776837, 36.832735876895875], [-84.79455645966154, 36.80255905674761], [-84.82507817033274, 36.77307850621872], [-84.81406176371148, 36.805700587340255], [-84.85387801282629, 36.82635877069406], [-84.86411240844079, 36.80685775393205], [-84.89017077804641, 36.80803029339834], [-84.86514173589643, 36.772695627087636], [-84.8975453460229, 36.78870377744376], [-84.9256991800464, 36.77146733387969], [-84.93767751050746, 36.78279585128672], [-84.95660892865287, 36.72097048885249], [-84.94313519177523, 36.706150433213324], [-84.96844132024036, 36.70334965719729], [-84.97477701884613, 36.733774030525844], [-85.02200745656089, 36.734068817887675], [-85.06866202987403, 36.78868833932388], [-85.08215147081395, 36.77970931281314], [-85.0738608364468, 36.75216007098858], [-85.1570163869986, 36.73389134992719], [-85.16070510918051, 36.70332410495041], [-85.13719374916589, 36.72364225369714], [-85.11812066412648, 36.70507556847259], [-85.07950802907436, 36.72250675936981], [-85.06691005011949, 36.70121983866337], [-85.03933033933218, 36.703472310229245], [-85.06112895219304, 36.67624401158532], [-85.03223543151144, 36.66548453065995], [-85.062162392134, 36.64866768733907], [-85.01534736310424, 36.61748026915859], [-85.05604723151838, 36.57571617002384], [-85.0496141202968, 36.562771801130914], [-85.00512141553114, 36.57910399911488], [-84.99147208927458, 36.60556916634829], [-85.0063546816447, 36.560577458341385], [-84.98222300807168, 36.56802419867078], [-84.94867010287427, 36.552024643289386], [-84.93934508553319, 36.58191984677582], [-84.93510386532205, 36.55043996626236], [-84.92132259953878, 36.54696313000483], [-84.93692526561169, 36.5352978809155], [-84.91930159070945, 36.523796658098014], [-84.95944087933816, 36.54007712706198], [-84.98986835822738, 36.52585412433242], [-85.02100481152125, 36.54167572911565], [-85.05313891271685, 36.508849502898784], [-85.05819263195875, 36.53544897858483], [-85.08320937549462, 36.52213390109227], [-85.11609808653911, 36.47351670205618], [-85.07595479447642, 36.45636860562395], [-85.0448518887585, 36.46769230778609], [-85.03422921587102, 36.44982317799872], [-85.05525072681081, 36.43634928252427], [-85.00550497086321, 36.449429146615], [-84.98535765500343, 36.47768996584871], [-84.97372650158997, 36.44639791982677], [-85.00999660984432, 36.43141167795423], [-85.02092199300971, 36.40787268044467], [-85.00355585865358, 36.380381896206686], [-85.04867122743428, 36.395989226722065], [-85.03878443005777, 36.40788563256991], [-85.06215140872885, 36.421649085148594], [-85.09026473086516, 36.393353729884225], [-85.07820394454896, 36.410077627311274], [-85.09199311286444, 36.43917598794159], [-85.10554236507535, 36.440339744839726], [-85.11756892020226, 36.41552478789678], [-85.13862728073515, 36.43277913837288], [-85.13837812256241, 36.39125431019239], [-85.15749692389555, 36.387345294350084], [-85.17631870609829, 36.30749600996886], [-85.18799366555135, 36.3062491057586], [-85.19167516098277, 36.334568705858516], [-85.17639066644001, 36.38148547243194], [-85.22227771395637, 36.38842421596693], [-85.28749172107116, 36.35596611436053], [-85.26101457732182, 36.347136581643916], [-85.2927409013846, 36.33454573361462], [-85.2712561256146, 36.318754455844726], [-85.29530651622778, 36.31468777294885], [-85.29786176848981, 36.29345282412417], [-85.30904762022381, 36.32620951081258], [-85.32308469742983, 36.31799703519832], [-85.31503146887063, 36.24587564015542], [-85.36444930389874, 36.221764553886224], [-85.36079811282387, 36.20572211822102], [-85.38588283794725, 36.203408743684705], [-85.40270484951161, 36.2208113349455], [-85.43289170943513, 36.2018224710362], [-85.42683804067345, 36.17891311192194], [-85.44767876328994, 36.143511256261434], [-85.41777721603044, 36.15957611944958], [-85.39824847943589, 36.14729446449974], [-85.41780926560412, 36.13697416491701], [-85.40170084953981, 36.127828380362516], [-85.44529623007655, 36.111972286894996], [-85.38794866538721, 36.11230307535268], [-85.40574185477234, 36.102680851034364], [-85.39852539433181, 36.09182063786227], [-85.44974025647514, 36.086073985975744], [-85.45836157712093, 36.07030285690036], [-85.4402179587987, 36.06163620808797], [-85.45282342262621, 36.049857486346454], [-85.43037123982792, 36.04861403779117], [-85.44692962234907, 36.02866758022353], [-85.41559620605294, 36.02770553971092], [-85.4153347663819, 36.003784649082796], [-85.38613560495439, 36.02242209012783], [-85.34360212001485, 36.02327922628174], [-85.32962266931249, 36.042050499752435], [-85.31523834879303, 36.02261894582054], [-85.35050143173513, 36.01069986507633], [-85.33680878046832, 35.99808602973093], [-85.35686712025695, 36.00410671902539], [-85.37459705200466, 35.97830243239603], [-85.38652299549109, 35.983008760696414], [-85.38740869921266, 35.96435493306212], [-85.36332334959197, 35.951058610990046], [-85.40381091904263, 35.95442519935593], [-85.4097353417448, 35.928209156582184], [-85.44743473520849, 35.937922942594874], [-85.40554857711692, 35.908959905854914], [-85.45488696849107, 35.91285726933659], [-85.45420881665854, 35.89356556228306], [-85.43349356930219, 35.897114582393414], [-85.46762282772502, 35.87121443173084], [-85.4666513831506, 35.853872225980304], [-85.45551273480007, 35.83001221752357], [-85.43067498066894, 35.884474229229795], [-85.39348694448255, 35.88830743920072], [-85.42261955595838, 35.83823061739304], [-85.40166727484548, 35.84854941137232], [-85.38296328104401, 35.822875979257724], [-85.41822824655821, 35.81777802336942], [-85.40260077410093, 35.78287337195894], [-85.42788467943174, 35.8005863052206], [-85.4720148761853, 35.791482312262175], [-85.4846410168272, 35.81316197799139], [-85.51664141591213, 35.77931777575531], [-85.57306302423869, 35.78743237801184], [-85.53705780166, 35.73584861186991], [-85.54921185951379, 35.71721684213924], [-85.57194340987725, 35.72513114162315], [-85.5704268581788, 35.656287496617516], [-85.59599714677712, 35.6718409068132], [-85.58292653648417, 35.69702187814521], [-85.60578071731996, 35.71009763949835], [-85.60529428265343, 35.73151402918116], [-85.63546181260335, 35.721173640371966], [-85.62255651146417, 35.689113355346976], [-85.65051500941637, 35.68484942922624], [-85.67350125005167, 35.70514949716483], [-85.69882269304516, 35.68577213303693], [-85.6770333780675, 35.66312493107197], [-85.65285633193989, 35.675094000200545], [-85.65874854994699, 35.64719735661797], [-85.68157177556948, 35.640966829254445], [-85.66843324154607, 35.61637482806233], [-85.68815283711459, 35.61318324971259], [-85.69408725037779, 35.591429331720974], [-85.68458318043304, 35.5742497683351], [-85.62822225689592, 35.56837428435541], [-85.64157840555734, 35.55467198663172], [-85.68061396025257, 35.56075243186846], [-85.68501302152113, 35.53451549592824], [-85.66469325344083, 35.5320223172079], [-85.64790852229014, 35.48847696309683], [-85.69815840043952, 35.512710637175736], [-85.70026615664774, 35.54877355966183], [-85.72188684203063, 35.574574787211354], [-85.75582275565432, 35.51367342191602], [-85.7482827830854, 35.54996038136706], [-85.76438587436888, 35.5700657382819], [-85.74410172530082, 35.58561406506799], [-85.75803897090204, 35.60336433260641], [-85.72346092746056, 35.600298332163796], [-85.73493516335682, 35.621323051051284], [-85.71464898139918, 35.6272203161026], [-85.74071491306464, 35.65491622557781], [-85.77568201653968, 35.64150050771413], [-85.81451336914247, 35.5898879846789], [-85.79909333152136, 35.57283222581184], [-85.82490323245554, 35.552507633218006], [-85.79864468101508, 35.498529678639244], [-85.84866646851107, 35.521379776154326], [-85.85798450262762, 35.50409442864888], [-85.82555291496334, 35.46953224697796], [-85.84691198787112, 35.461835240080504], [-85.86470386450594, 35.48083683128463], [-85.89818696843467, 35.48489637826443], [-85.90620935232178, 35.44337401237139], [-85.94770536646949, 35.42754427604248], [-85.91004364260341, 35.42430431751243], [-85.89536842598248, 35.35563722610851], [-85.90359600050483, 35.32577232273884], [-85.8947958485369, 35.33657309788436], [-85.8710875362659, 35.32211640209882], [-85.86851291747031, 35.355710178300825], [-85.84739258012051, 35.34836778876342], [-85.83452321151701, 35.38334105664953], [-85.82578314762954, 35.35503254155383], [-85.84431363916227, 35.322643619209316], [-85.82718518117507, 35.33194747918325], [-85.79580107776756, 35.31885649306442], [-85.82697772869348, 35.31747683855491], [-85.85402476449151, 35.29341130689028], [-85.83704343787596, 35.263727141694694], [-85.86693750840632, 35.254299314766946], [-85.91954996710746, 35.271089842390204], [-85.91307957372533, 35.22452305407819], [-86.00171101192605, 35.247312876130636], [-85.99329828289684, 35.2207534910322], [-86.02593723985612, 35.193546284173145], [-85.98390977260394, 35.20317149888484], [-85.98501215654399, 35.187723008036635], [-85.94688797085593, 35.184464878621405], [-85.98726064109759, 35.16480905163329], [-85.99387982713561, 35.12553928518498], [-86.01793303290077, 35.122628172385085], [-86.02937791161506, 35.13893707405461], [-86.05228438157745, 35.105264107607404], [-86.08586149305455, 35.12435646336403], [-86.13484211548466, 35.10823295392214], [-86.18616889618241, 35.116935937006176], [-86.19653216549358, 35.07749806512982], [-86.16992088816856, 35.08446715590427], [-86.20051856153952, 35.03602690800027], [-86.22810867462422, 35.039609378261645], [-86.29278248656345, 35.001517985066826], [-86.31034802746558, 35.01513162582327], [-86.33704610763486, 34.99911574728398], [-86.35671997499466, 35.00674069985794], [-86.40109053225804, 34.96749145287831], [-86.40798441969484, 34.93887307730029], [-86.36702891337976, 34.94089893016167], [-86.4071004554705, 34.8998093064635], [-86.4051909763455, 34.88310840433951], [-86.42662464823397, 34.88403162139963], [-86.44128450302965, 34.86078909494819], [-86.4198897232199, 34.8443621083914], [-86.41009689059545, 34.86790782427344], [-86.37399573908479, 34.8890249876851], [-86.37210603622628, 34.86725334845854], [-86.39159524607865, 34.865197315374466], [-86.39849506030062, 34.831509718672045], [-86.36548687286631, 34.79626927832152], [-86.39470012860468, 34.790949105654526], [-86.3986357837861, 34.773064338287746], [-86.38505133874926, 34.75813192919143], [-86.35383807374356, 34.785813322122245], [-86.3529533581909, 34.75569323257989], [-86.3929575868372, 34.70804537963566], [-86.3375022609338, 34.719283861193745], [-86.33174966632502, 34.69362606185061], [-86.3130731724654, 34.753825155155724], [-86.30538131142062, 34.72816160049162], [-86.26547094888494, 34.73761015806833], [-86.24492543316765, 34.765883759956026], [-86.26521487879563, 34.80142264179293], [-86.23693039027492, 34.8144686602237], [-86.239031210236, 34.77898761667333], [-86.21970810660044, 34.748519037953194], [-86.2996021468967, 34.712641782879764], [-86.31630157074966, 34.66228229941722], [-86.29214782841132, 34.62405867409298], [-86.27756435338578, 34.62760351136845], [-86.27844943449381, 34.650268505689155], [-86.24346607943434, 34.65167024423896], [-86.26499943894933, 34.611767339977334], [-86.24455958942968, 34.622747455491975], [-86.24463656158386, 34.60455694537931], [-86.22615023734909, 34.61255712478928], [-86.23107776629668, 34.59617113825564], [-86.25542136522147, 34.57923701744522], [-86.27572557568678, 34.600461634975495], [-86.30397292691337, 34.57547920782679], [-86.2992056492186, 34.55101518563998], [-86.32262774774804, 34.51080662853783], [-86.38279264842365, 34.50047681629057], [-86.38384437750378, 34.46797344195933], [-86.40703045596193, 34.504389567032696], [-86.44291538136795, 34.50562504636991], [-86.45837088040255, 34.54500487976606], [-86.4797438861425, 34.527130881976895], [-86.46908821113021, 34.51608736689915], [-86.49820835120003, 34.50030450288302], [-86.47494510784226, 34.49074415794008], [-86.47594080215039, 34.472256444585845], [-86.5379884468194, 34.477954112887915], [-86.55347363541303, 34.53640957199076], [-86.5777308455694, 34.53939251460809], [-86.59713705148069, 34.519708859625716], [-86.61460115533865, 34.52835243503656], [-86.62526739643131, 34.511945609712], [-86.64079820044851, 34.53072513399577], [-86.66405260140944, 34.49253793817517], [-86.65240705148044, 34.48210919087368], [-86.69600296040244, 34.448372856327495], [-86.67854859625093, 34.442125532476666], [-86.69113456673581, 34.42958872329503], [-86.67367060059183, 34.408431309373604], [-86.64558358668427, 34.4236620236411], [-86.63298145515077, 34.41263338733992], [-86.65332420516255, 34.40665711027969], [-86.66008666278222, 34.382496586797686], [-86.70952750505336, 34.415552923894715], [-86.76956621447901, 34.399069239251226], [-86.75312475838746, 34.41340824444945], [-86.77060341533534, 34.431871829745816], [-86.80254537099607, 34.41630716543647], [-86.84812285921508, 34.42873881596932], [-86.82579164454164, 34.413280141346185], [-86.85384103170709, 34.397410665857656], [-86.8489624715761, 34.38609093373734], [-86.89157928189927, 34.385687575034886], [-86.84983674715134, 34.355072631743504], [-86.90686854127348, 34.32987756625145], [-86.9989019474273, 34.3462907525042], [-87.00363115030973, 34.32331073102898], [-87.06665328437238, 34.34305301512051], [-87.07815737569418, 34.323321942939664], [-87.11893511282979, 34.343725210230744], [-87.1318523983714, 34.39556012188561], [-87.18317346319638, 34.39262865808042], [-87.19977552214644, 34.41133367369181], [-87.22184028619583, 34.38199241299423], [-87.24326522335856, 34.3970875713792], [-87.28684847999357, 34.39594418317711], [-87.2889659724515, 34.41770333106038], [-87.32297913557525, 34.429130736247565], [-87.34459653646033, 34.46239703907923], [-87.37068822459197, 34.45328203964768], [-87.35691723001305, 34.431301864163245], [-87.36551538426161, 34.4178280734766], [-87.44114926146914, 34.42327806715641], [-87.4651574542032, 34.40222838622072], [-87.53728593630474, 34.44134505501064], [-87.52480968588564, 34.45247571388538], [-87.5511095860073, 34.463602118261214], [-87.57133843274347, 34.45240275064361], [-87.58510188977631, 34.468692128785285], [-87.61705741609771, 34.46544163398205], [-87.71355509425001, 34.431474918787266], [-87.74971590380432, 34.45349952932487], [-87.74628771529223, 34.41565719459813], [-87.68004622445578, 34.38824203862255], [-87.67836220844231, 34.332784040191946], [-87.72820530917254, 34.29623682268523], [-87.80089455793306, 34.30477459901954], [-87.79764719278927, 34.28064922927835], [-87.68207768618223, 34.24566462357917], [-87.62833442685594, 34.27894646553709], [-87.6184909188429, 34.26501575371934], [-87.56911336045489, 34.26065573903316], [-87.56399382084517, 34.23594323683949], [-87.62555021304497, 34.20948163093704], [-87.66848383677774, 34.165261682680914], [-87.70524787985354, 34.16940070724566], [-87.73081710220984, 34.20286373310111], [-87.79447347124163, 34.19359362624727], [-87.82023789464125, 34.17096595701353], [-87.83290164866985, 34.11208068398924], [-87.81721581181772, 34.09553997875386], [-87.80010192893272, 34.11390661162088], [-87.76940709292091, 34.1062380781109], [-87.77554211954553, 34.01423767275272], [-87.68833635246754, 33.90897733029148], [-87.68795985303976, 33.836574287204066], [-87.65007988205848, 33.70325993376267], [-87.66839779315073, 33.62570806383254], [-87.66260458437904, 33.57880380811275], [-87.57065203811831, 33.48583123671795], [-87.47175271950047, 33.215447729922936], [-87.35923729966603, 33.15118644529504], [-87.25508355739919, 33.13776438777997], [-87.17375173183869, 33.17340444086992], [-87.14509259732982, 33.10560960602007], [-87.14171959893437, 33.050180028436536], [-87.1617402343983, 32.99937601170333], [-87.14878458065724, 32.972609717100546], [-86.93989774843794, 32.98877507715152], [-86.84559035211322, 32.973225854590694], [-86.75377386164024, 33.05305945789308], [-86.66731608312787, 33.163350509930986], [-86.63861256186631, 33.175731900281775], [-86.59088872843849, 33.17815217513786], [-86.5652416388974, 33.16308294170187], [-86.59140671310989, 33.10713657201277], [-86.56973949869968, 33.07239574165569], [-86.47173502297409, 33.054470833192674], [-86.45281958623052, 33.03852654731814], [-86.36712322633167, 33.13160549561878], [-86.24774403616784, 33.14735569011815], [-86.18283997111313, 33.231229997180556], [-86.20913407372001, 33.26876313102211], [-86.20035645650208, 33.28420109512381], [-86.15717291437046, 33.30021888798542], [-86.07394550906194, 33.38028270898518], [-85.96947001285331, 33.42158184907421], [-85.9364373858074, 33.508127953782726], [-85.88586421513295, 33.5488091952029], [-85.79295737894537, 33.56124116222318], [-85.72889495268173, 33.61290753274423], [-85.66086278807758, 33.63741924833645], [-85.6484230634946, 33.65292702225924], [-85.66381262178365, 33.67198887836236], [-85.65730695661392, 33.778094668776234], [-85.60550250767079, 33.83355411532722], [-85.54303331248637, 33.86633897494382], [-85.5055285050194, 33.86572689160347], [-85.43913274123446, 33.930638688864725], [-85.35121502918818, 33.93177859613286], [-85.28884042982827, 33.903588148979594], [-85.13204743279753, 33.9369482074054], [-85.08967935624587, 33.96492449786562], [-85.0166887623352, 33.96134153607946], [-84.98904611726365, 33.97970227304185], [-84.98932804046744, 34.03077468605814], [-84.9641755568743, 34.058284328733315], [-84.8299151872651, 34.11125823290097], [-84.76802981277109, 34.09592944790117], [-84.72825356538523, 34.104195949117134], [-84.63041033866429, 34.14283089119966], [-84.55694327338543, 34.215262101107584], [-84.52661723095184, 34.220036557594106], [-84.49654390473883, 34.20306193831565], [-84.46165657942477, 34.2119920173114], [-84.25402916557901, 34.320349454909156], [-84.23971516891135, 34.343440752777795], [-84.23601205072235, 34.425265796009285], [-84.27055784299274, 34.470812090218146], [-84.2637170518291, 34.509841684243575], [-84.20971461981708, 34.55150393013287], [-84.16184204620122, 34.56598091846639], [-84.09592295575627, 34.63253275366296], [-84.05653435245708, 34.61637037066512], [-84.02408645858517, 34.6189560043259], [-83.99771536016797, 34.64420799328704], [-83.95223141446476, 34.633823241059], [-83.84904178996842, 34.69211313677575], [-83.8393934524019, 34.651691227197254], [-83.81797225128969, 34.6440753131144], [-83.75190401704114, 34.71808870297463], [-83.57774930497503, 34.79321569395274], [-83.55900356134202, 34.740849609254774], [-83.57197203634895, 34.71398018082485], [-83.52720961151093, 34.728007478174554], [-83.5042026576202, 34.71292409067108], [-83.50575715962641, 34.696733689117174], [-83.48767944625862, 34.70697546869589], [-83.46983810278468, 34.694187797671034], [-83.44736091747751, 34.72704896096923], [-83.39343510934727, 34.733169547726334], [-83.36464241654028, 34.700447045300784], [-83.39893416983693, 34.6739554707064], [-83.33897983833296, 34.645186116631606], [-83.26789179744446, 34.680833236825585], [-83.24609119203988, 34.71589087370997], [-83.21149903852653, 34.72680236877921], [-83.20982095822048, 34.746628633859395], [-83.17412146040385, 34.73740877036748], [-83.13635480323674, 34.766517604362484], [-83.07701621650047, 34.85224225497172], [-83.08161938089324, 34.90755185992], [-83.01547156857858, 34.95488499789643], [-82.98270095890008, 34.94372446367335], [-82.9730339982858, 34.92094317546885], [-82.94145993981874, 34.96214981540017], [-82.88758332553314, 34.923495878063314], [-82.84544488303618, 34.92549503220892], [-82.8331106309778, 34.93970929338224], [-82.81611236152975, 34.916195567064584], [-82.7799255192397, 34.957739107229614], [-82.69673481677509, 34.96875817388353], [-82.76581574577469, 34.99617622898983], [-82.67063553977837, 35.04641482223643], [-82.63423890765459, 35.04377286694231], [-82.61098275699608, 35.014764776392745], [-82.53037618873037, 35.027345016153625], [-82.46332541872994, 35.093274264368304], [-82.26401252992308, 35.13830174463259], [-82.24774235060917, 35.17362639814334], [-82.2617761576101, 35.238868873167405], [-82.17592437762703, 35.295375871925486], [-82.23500840310501, 35.29091623917134], [-82.22678829257859, 35.30668473388982], [-82.24666657107007, 35.30897398020126], [-82.2873119816283, 35.28673789972447], [-82.27845639628129, 35.33413121895142], [-82.22374803406336, 35.37364731618969], [-82.23018853455176, 35.38995572303407], [-82.21029544748676, 35.387261598931296], [-82.21699082728102, 35.40643813425029], [-82.19252625600016, 35.457572719436534], [-82.14043252351783, 35.464410238970736], [-82.14896178205647, 35.480795643089664], [-82.08058151981193, 35.54949699121123], [-82.06105843708036, 35.54110888819365], [-82.07576732103684, 35.51875097828539], [-82.07091810562466, 35.4846828168882], [-81.96967605729832, 35.5308222190368], [-81.95020927207194, 35.50306893391666], [-81.9050588112553, 35.503722341247645], [-81.90353405141245, 35.48245064245899], [-81.86640865174506, 35.479651963783205], [-81.85532656630426, 35.50082790369323], [-81.83084446619833, 35.4629849590082], [-81.78253475755896, 35.477781726893426], [-81.79649162866492, 35.422131852934776], [-81.75917502806297, 35.40245894428079], [-81.73760031721345, 35.412350078951036], [-81.75360448783019, 35.429796418085026], [-81.7281101562107, 35.443847012740086], [-81.74144994516374, 35.484368348901135], [-81.70769209099075, 35.48648012995956], [-81.73146669032384, 35.510014067409685], [-81.77093292670628, 35.51115552396548], [-81.76951389601582, 35.52415277609013], [-81.6848262224985, 35.537912759736855], [-81.66643372545683, 35.52570842539775], [-81.64540546839342, 35.547805609979996], [-81.5795545132086, 35.56350243136642], [-81.57624508258407, 35.574245707012146], [-81.59851369021206, 35.57979546771084], [-81.5811754940645, 35.60610260471273], [-81.58102417997723, 35.65023230943695], [-81.54451269618444, 35.66734543503546], [-81.54614212145918, 35.70828171865432], [-81.50278614173997, 35.68943465701109], [-81.49458508084287, 35.71135624794076], [-81.51284335791559, 35.72880135068182], [-81.61351631448441, 35.72769198982487], [-81.63399813358187, 35.70353083021088], [-81.7810718686957, 35.63961435997535], [-81.81761149309652, 35.60248714422373], [-81.84010762753884, 35.60856780807886], [-81.85446195152377, 35.57830425984245], [-81.88620090129076, 35.57149490620272], [-81.92061242052783, 35.58343696719099], [-81.89906088246381, 35.646892143879896], [-81.94535399024493, 35.63128861339669], [-81.95366367102173, 35.691003987009346], [-82.00366146294999, 35.68583167311638], [-81.98506263986545, 35.73843230953079], [-81.90015419154149, 35.78890770673743], [-81.90776212974934, 35.807807534621716], [-81.82916047649753, 35.860695773888], [-81.79491058610304, 35.855722874775644], [-81.79231549892869, 35.87295132960606], [-81.74554501725883, 35.884998833265165], [-81.67665275141675, 35.94072906827593], [-81.53075420562232, 35.96396283182054], [-81.46506666357857, 35.955305240103215], [-81.50513453544299, 35.89555486119117], [-81.44848921999757, 35.86640517801217], [-81.43404876456844, 35.87656300980736], [-81.44996150748172, 35.89267116409375], [-81.43788353337754, 35.92159421430521], [-81.3712153989004, 35.92336106478802], [-81.38200898718858, 35.94239885369297], [-81.37156552434914, 35.948010039471605], [-81.33614982674224, 35.91664554862571], [-81.30397502418097, 35.941131889337136], [-81.28845741967312, 35.931371811370695], [-81.2344948149939, 36.004802251606584], [-81.21681913951663, 35.98617891107515], [-81.12701557693994, 36.025771027803515], [-81.0700622450697, 36.01938037915034], [-81.0398673338907, 35.984686319081696], [-81.05847264727579, 35.97406198345597], [-81.05427132812355, 35.956405938931645], [-81.00776762357096, 35.964620392315645], [-81.00192776170431, 35.99015449384948], [-80.96035948253594, 35.984436429672364], [-81.010537477336, 36.03875582037365], [-80.96333044787008, 36.042270835901924], [-80.98940607343553, 36.05746140890954], [-80.9979054804857, 36.08595717364226], [-80.96248892619101, 36.08336808980371], [-80.95839328050724, 36.10994214980254], [-80.93033681556832, 36.101876943070145], [-80.90655273445913, 36.11733327312292], [-80.94522166221567, 36.1536387863069], [-81.05704083332364, 36.14318650148088], [-81.07456507262876, 36.11727216676044], [-81.13521810788028, 36.10898194560197], [-81.3288234299143, 36.01785852275513], [-81.33988674942377, 36.042743991335634], [-81.29124029015769, 36.083245585457206], [-81.32321980653938, 36.10001951694725], [-81.34610983418835, 36.06644009568967], [-81.37078228832488, 36.081763539930336], [-81.41789316950236, 36.03698151026503], [-81.44999536758282, 36.05584020879712], [-81.4201042998405, 36.078389088757625], [-81.43464066174474, 36.08823704200012], [-81.38630855173093, 36.112062720614276], [-81.3627585966413, 36.17352107909121], [-81.31703480842313, 36.17764984275011], [-81.32497876474483, 36.20473836750412], [-81.28394756710523, 36.21490648146897], [-81.26828982126824, 36.19941999418595], [-81.25557651715545, 36.23714319188121], [-81.2097392507716, 36.236706535094655], [-81.19015018676517, 36.27372674895088], [-81.12257485643512, 36.27865171006807], [-81.14873452248406, 36.29529487705077], [-81.1047121561331, 36.33164740767756], [-81.12629510757422, 36.37314844597676], [-81.0909796864441, 36.37758468995936], [-81.08904187118328, 36.333941618915574], [-81.0721394484313, 36.31761583801941], [-81.05839097361454, 36.331377082717054], [-81.07235554394373, 36.3823080099962], [-81.02448405946838, 36.35264133172263], [-80.9629105428781, 36.387769381338835], [-80.94357976835558, 36.38078594832552], [-80.94175504861357, 36.39851236737156], [-80.92507751373158, 36.38611788783007], [-80.921452921234, 36.40147328387138], [-80.88533828349469, 36.40561150715153], [-80.87649229549577, 36.426739882021764], [-80.930011539391, 36.44594296992002], [-80.92423049665082, 36.462819340531496], [-80.89359531759648, 36.453573001628946], [-80.83817675451535, 36.4651294468812], [-80.86168652787109, 36.47979533416476], [-80.85365288508447, 36.4985286383029], [-80.90124521181198, 36.50049578765882], [-80.9011778635628, 36.52911894030581], [-80.87975826773122, 36.53297627897764], [-80.87838773554604, 36.54835976337332], [-80.83641042714991, 36.53059932512537], [-80.83285487215323, 36.49660350987826], [-80.801296538121, 36.51434301597395], [-80.80092023960384, 36.5322578567523], [-80.82061721317055, 36.53989820000518], [-80.77234948350994, 36.59046561092122], [-80.74724133327918, 36.58856178918035], [-80.71758315596018, 36.622194481906234], [-80.62732175487018, 36.65222596583961], [-80.56298366158696, 36.62856207187946], [-80.49896344354751, 36.62666586568028], [-80.471682613505, 36.608647512997145], [-80.4696852358432, 36.56821814182961], [-80.37650315018134, 36.626273330401126], [-80.35507810555406, 36.58988489177692], [-80.27946375701802, 36.60705541475474], [-80.2925052465375, 36.6482584022463], [-80.18139043639869, 36.68245212304957], [-80.15788219184287, 36.719182849113785], [-80.10957708804645, 36.747903507136506], [-80.13398293925665, 36.7751157689703], [-80.19528623528717, 36.75150785221434], [-80.3072516137035, 36.74416810079958], [-80.29592040251673, 36.816363268242334], [-80.17080564789062, 36.87896418241851], [-80.1062835855272, 36.935346950916745], [-80.10193476421261, 36.91465047883698], [-80.07109639956413, 36.931158851688146], [-80.06639793668059, 36.96213438936759], [-80.10229169260255, 36.97247686447055], [-80.0647417069022, 37.10951288490496], [-79.99885746637028, 37.094473409832375], [-79.95986124336349, 37.131469020733114], [-79.91948420292407, 37.139470878638384], [-79.8987959250634, 37.167594380133366], [-79.80706303669443, 37.1987755606804], [-79.80691191974358, 37.212470447269865], [-79.84313842224654, 37.22861089866998], [-79.84236555261882, 37.28911528507931], [-79.80711499130487, 37.27777613308601], [-79.79659640358443, 37.30193666167014], [-79.76443204053113, 37.31558857863305], [-79.7737487687865, 37.33561020100094], [-79.72196680935821, 37.33104640499127], [-79.64723498137496, 37.36766229891219], [-79.6366459615177, 37.424743473729485], [-79.58343544924226, 37.4011659998375], [-79.57622941565157, 37.42791527957839], [-79.50376318811522, 37.431310473088445], [-79.46205072744046, 37.47466880147326], [-79.45330453563187, 37.4479798986658], [-79.42665582635874, 37.444314678226156], [-79.42296069646136, 37.4191938331365], [-79.40087507124697, 37.4116026981121], [-79.4048511198179, 37.39307754176264], [-79.37648245260554, 37.3946804956164], [-79.3315101461844, 37.43199713318212], [-79.3071246520349, 37.423080365859256], [-79.29851111864912, 37.45628492325505], [-79.25375175888522, 37.484634722592816], [-79.32222857515417, 37.48645711469041], [-79.3586461771348, 37.51368500265306], [-79.42062179356552, 37.47212905204494], [-79.44600140418753, 37.484050307900354], [-79.4336849869752, 37.5221018411624], [-79.39969370037362, 37.56378090347753], [-79.31627774133239, 37.596157133942356], [-79.31778577923308, 37.621461373214615], [-79.2788805852791, 37.64709341420257], [-79.2465522503667, 37.64203897180871], [-79.19896903676025, 37.676444571118935], [-79.17305516814655, 37.67438038947739], [-79.07001097205789, 37.752581392354074], [-79.04823454810635, 37.73197888321783], [-79.03109961755155, 37.76294938327114], [-79.04975298947893, 37.77755148535114], [-79.0057127284523, 37.82222556399363], [-78.98540012118828, 37.8260568062256], [-78.98472457161185, 37.80109198434685], [-78.93613765014165, 37.81666559135039], [-78.95526749559367, 37.7448832318129], [-78.93447252539359, 37.72723261815738], [-78.93067150681705, 37.753697712317276], [-78.90918524163014, 37.744637112320376], [-78.89861445031629, 37.774886042386484], [-78.8448567596214, 37.7293362435507], [-78.77682083612724, 37.77996921781974], [-78.77209571494853, 37.80636464300158], [-78.82478631732472, 37.8152476229508], [-78.85863098636754, 37.80283441988264], [-78.85898026978569, 37.83020393529645], [-78.83335412774515, 37.848673046128994], [-78.87137537609026, 37.85858001833139], [-78.85469356840473, 37.880477456280275], [-78.93061370691717, 37.86964009254293], [-78.85559609648219, 37.93131759868985], [-78.84448916441892, 37.97146148403315], [-78.86194318571185, 37.99399459951021], [-78.84832767094494, 38.0245109283572], [-78.68611896780628, 38.10974751975494], [-78.70181720414197, 38.15931680541102], [-78.6841963780576, 38.20873294934191], [-78.66083336500427, 38.2037900742083], [-78.64871303279998, 38.14005864127773], [-78.61295059235108, 38.13246355140103], [-78.62661874666644, 38.18316083903606], [-78.58739071833011, 38.21090664613806], [-78.63149270243169, 38.23482286914668], [-78.54888963297982, 38.24711747280587], [-78.56214548740569, 38.272336099290186], [-78.52079965875572, 38.30363400721116], [-78.46504012008378, 38.314944481772514], [-78.46688252692381, 38.34824081420459], [-78.43466209414385, 38.39023826419893], [-78.39206836464335, 38.36312010952258], [-78.39138629865641, 38.379144822205426], [-78.36484183887701, 38.38673942687566], [-78.36478868630714, 38.43878898378986], [-78.34496647672607, 38.36919168476031], [-78.31509860498876, 38.367158038901714], [-78.27963415098382, 38.42658076456632], [-78.31107300280718, 38.42504166672266], [-78.33614341744445, 38.48236570679532], [-78.28582215766419, 38.53891502169617], [-78.29133817786207, 38.573760349581356], [-78.25975061964348, 38.57294641086367], [-78.24793847797937, 38.681837160374926], [-78.22159781300542, 38.685331866291804], [-78.21829076399347, 38.70743683889645], [-78.19686564721952, 38.694011569489206], [-78.17467818660685, 38.708283566033856], [-78.20152513388244, 38.74539262238359], [-78.14311865386168, 38.73555115782132], [-78.1442314612792, 38.80731790768114], [-78.12096690457776, 38.85488314585891], [-78.07950423352116, 38.85682716521228], [-78.0868385947864, 38.90424508901062], [-78.02833477771077, 38.91828329829666], [-77.96635722053753, 38.99241743480252], [-77.91847100915383, 39.01152675509976], [-77.83882310443295, 39.08011664115028], [-77.71572062634351, 39.29975354484615], [-77.73969993385576, 39.19514956568071], [-77.73144889065497, 39.17549151866225], [-77.68837818913661, 39.297348188326396], [-77.56879282850718, 39.50365561710177], [-77.52364054905769, 39.477311678426], [-77.50639205504083, 39.42926110702982], [-77.5823918515622, 39.19629523384556], [-77.58781004077184, 39.14465412737584], [-77.57592172860807, 39.13337618356114], [-77.4190801588532, 39.599177596700265], [-77.42399425249513, 39.62942212891168], [-77.35296072860866, 39.67991972999284], [-77.3912761773815, 39.78261338975238], [-77.36911365754061, 39.876931122785265], [-77.34706980465602, 39.90327046293418], [-77.3014206091301, 39.906086495572126], [-77.28881335374152, 39.930997694021976], [-77.23771109153118, 39.93883822577487], [-77.22972453051862, 39.98804535091513], [-77.20119304507692, 39.97230286956175], [-77.12041239128587, 40.005416951830675], [-77.10795088562456, 40.02266244978546], [-77.11546014915443, 40.05696595421249], [-77.06366710758999, 40.09417473284919], [-77.07946455123628, 40.107743209993046], [-77.0465806190107, 40.11789158928728], [-77.05796133628671, 40.13846006768397], [-76.87923805289728, 40.20209763678147], [-76.81126880231847, 40.199258256650936], [-76.67570718744952, 40.26086786421625], [-76.62976153796129, 40.25526785636883], [-76.55496119244434, 40.27921632426607], [-76.42987928404361, 40.270005568387354], [-76.32200704892918, 40.28173415704073], [-76.27014433134644, 40.3168295163887], [-76.10549852508983, 40.2873432283389], [-76.0462972448802, 40.309858119955855], [-75.9487145896552, 40.29873117382787], [-75.91471816366152, 40.337249178041915], [-75.80755948841932, 40.330668331877426], [-75.81441472235156, 40.366958622739766], [-75.77936616281288, 40.402183087653285], [-75.72547726139776, 40.39356621591132], [-75.73198020469418, 40.32135175038143], [-75.65291356315909, 40.32257735027211], [-75.56919425882965, 40.43590073333054], [-75.51190891255541, 40.45353095484812], [-75.50146906183839, 40.43871573952749], [-75.46686638350157, 40.44071121297122], [-75.4608032295822, 40.47953914077247], [-75.4384519156106, 40.46463440261704], [-75.41510623223168, 40.47282365010519], [-75.38919818667128, 40.528726168732796], [-75.31978013121304, 40.51228545860433], [-75.3050367277566, 40.53991034205727], [-75.21886507426203, 40.536331331813514], [-75.16830332636317, 40.589758755654394], [-75.05776716594907, 40.619808747972904], [-74.98637108445575, 40.658543553322794], [-74.89507611383362, 40.67047733381189], [-74.8456955984029, 40.65923459870402], [-74.79768345137612, 40.67337993874635], [-74.68230610680243, 40.755037291411504], [-74.66560358358852, 40.75252110473199], [-74.64111139691605, 40.70121472925266], [-74.5934669224065, 40.70793126799327], [-74.48823256373562, 40.78943716511276], [-74.45292659184338, 40.886051145671054], [-74.35442136640548, 40.93785191216257], [-74.06827779167484, 41.18853866095341], [-74.03259301625927, 41.24787546591313], [-73.96816882791455, 41.26435795889181]], [[-78.80080615282621, 37.87750799136891], [-78.78443336576922, 37.87563022554876], [-78.76873405697833, 37.829211668436464], [-78.75324416356179, 37.839065391952886], [-78.69644148256204, 37.920496065803], [-78.64829290383281, 37.94373361420675], [-78.68900500986727, 37.95393091440447], [-78.67693487179324, 37.99789752450105], [-78.76028028727937, 37.96971019629164], [-78.79712271193584, 37.926172375373085], [-78.82641101628278, 37.91709760498255], [-78.80080615282621, 37.87750799136891]], [[-79.1861182473456, 37.627196718184884], [-79.19562360976147, 37.59818062291453], [-79.2165640010984, 37.59178786381961], [-79.20784463038456, 37.57831158289873], [-79.23357003421674, 37.55935518327653], [-79.22601435187633, 37.52835034720975], [-79.16709624686003, 37.55477940267789], [-79.16610064223454, 37.58942889850306], [-79.12011478810855, 37.5776958839494], [-79.09252231307474, 37.60316618625279], [-79.13746204760682, 37.60632295949722], [-79.13241314319454, 37.651121898809635], [-79.1861182473456, 37.627196718184884]], [[-80.2491604124008, 36.41057283069648], [-80.38248864905121, 36.38612529088005], [-80.39019127870966, 36.346005323132935], [-80.32680627953391, 36.38003398195898], [-80.27879103083295, 36.3708462038849], [-80.23891571493564, 36.3846266382311], [-80.22674737157007, 36.3668897536656], [-80.19427904185874, 36.391095387084086], [-80.2491604124008, 36.41057283069648]], [[-80.46057153632322, 36.352014443920574], [-80.49863065854758, 36.34362710299141], [-80.4886341764785, 36.327439145853624], [-80.46093560475663, 36.33759317469098], [-80.46057153632322, 36.352014443920574]], [[-81.27947153902552, 35.8994502232202], [-81.2670331201443, 35.85699788747886], [-81.22886391012497, 35.86385278593676], [-81.2643760832007, 35.91307617292812], [-81.27947153902552, 35.8994502232202]], [[-86.53405895582324, 34.55042113308235], [-86.50691040013062, 34.52595666294031], [-86.49910913586368, 34.560543770731336], [-86.47677425123007, 34.56887779683325], [-86.50198165144448, 34.59573476198152], [-86.50483599927807, 34.64911617470318], [-86.49027430166245, 34.63926674762354], [-86.48734262527493, 34.652685366400995], [-86.51644032064273, 34.706080432845894], [-86.50379460644925, 34.711739671208015], [-86.46788205169617, 34.67056128526275], [-86.45425911340466, 34.68068683166124], [-86.4610394570193, 34.694711042264686], [-86.43965251290007, 34.69468876189986], [-86.44545847382217, 34.70930558489533], [-86.41726558514655, 34.70748366833285], [-86.4609848094276, 34.72810821574218], [-86.46679262656028, 34.74570738320875], [-86.48527871834554, 34.74214443584618], [-86.49107640667309, 34.77286570997671], [-86.5231996475213, 34.75886705938776], [-86.57085233321828, 34.81941378825969], [-86.61953541851722, 34.82924525074179], [-86.65500112753443, 34.79137227469093], [-86.62925407361, 34.7824258118754], [-86.59616622563334, 34.80957182211295], [-86.56404662549241, 34.796153668238226], [-86.56892462109792, 34.76156222028121], [-86.5523916861143, 34.749630790173406], [-86.57088677289771, 34.71384756969023], [-86.56311513814497, 34.69118315206531], [-86.53881322282051, 34.69177625995407], [-86.52814881706759, 34.65628525797761], [-86.55053926105667, 34.58084337108764], [-86.51657481385301, 34.565326331276225], [-86.53405895582324, 34.55042113308235]], [[-86.33276945891082, 34.678420903400855], [-86.4241260909647, 34.681251087300566], [-86.40768340030829, 34.64574314571873], [-86.38534690576391, 34.64183335163319], [-86.45532696007328, 34.62373126286133], [-86.45341630015703, 34.60524021731704], [-86.41258836465128, 34.62397915988502], [-86.38443330950912, 34.61916919391475], [-86.43408852412855, 34.556611175626074], [-86.39423251107031, 34.58339845888194], [-86.38460568521917, 34.550877920423375], [-86.3698824881502, 34.61258411638076], [-86.35625693150267, 34.62269892813696], [-86.34950305317321, 34.60747894160435], [-86.33395320719715, 34.6113266762306], [-86.33875735819487, 34.628034096472696], [-86.32317195034042, 34.6414229318529], [-86.33276945891082, 34.678420903400855]]]}}, {"type": "Feature", "properties": {"code": "8.3", "name": "SOUTHEASTERN USA PLAINS"}, "geometry": {"type": "Polygon", "coordinates": [[[-74.0411545458448, 40.700454544781756], [-74.03824545453455, 40.69834545372652], [-74.04368181829183, 40.69801818189953], [-74.0411545458448, 40.700454544781756]]]}}, {"type": "Feature", "properties": {"code": "8.3", "name": "SOUTHEASTERN USA PLAINS"}, "geometry": {"type": "Polygon", "coordinates": [[[-74.0764818184744, 40.64709999984996], [-74.05226363741086, 40.599754545107764], [-74.10138181810362, 40.555618181920785], [-74.13664545522691, 40.52919090869006], [-74.13090909117982, 40.54632727301658], [-74.19509999994037, 40.50974545479827], [-74.25365976579128, 40.501296351663534], [-74.2461909094741, 40.54567272677502], [-74.21192727358499, 40.558281818058845], [-74.19429999997598, 40.63713636358595], [-74.0764818184744, 40.64709999984996]]]}}, {"type": "Feature", "properties": {"code": "8.3", "name": "SOUTHEASTERN USA PLAINS"}, "geometry": {"type": "Polygon", "coordinates": [[[-76.08563136157836, 39.53923153456778], [-76.08568147695743, 39.539599999810115], [-76.08550000036914, 39.53942727290126], [-76.08563136157836, 39.53923153456778]]]}}, {"type": "Feature", "properties": {"code": "8.3", "name": "SOUTHEASTERN USA PLAINS"}, "geometry": {"type": "Polygon", "coordinates": [[[-76.40380981518456, 39.029763747808246], [-76.40484545352318, 39.03174545466861], [-76.40298563870122, 39.029744971239616], [-76.40380981518456, 39.029763747808246]]]}}, {"type": "Feature", "properties": {"code": "8.3", "name": "SOUTHEASTERN USA PLAINS"}, "geometry": {"type": "Polygon", "coordinates": [[[-76.41037414145295, 37.652976505900625], [-76.41137272752985, 37.65351818214884], [-76.40980815357594, 37.65400632701604], [-76.41037414145295, 37.652976505900625]]]}}, {"type": "Feature", "properties": {"code": "8.3", "name": "SOUTHEASTERN USA PLAINS"}, "geometry": {"type": "Polygon", "coordinates": [[[-76.41188818626614, 37.65042900378032], [-76.42505454637481, 37.639518181955566], [-76.43976363708005, 37.652427273135956], [-76.42908181752797, 37.64775454492802], [-76.41188818626614, 37.65042900378032]]]}}, {"type": "Feature", "properties": {"code": "8.3", "name": "SOUTHEASTERN USA PLAINS"}, "geometry": {"type": "Polygon", "coordinates": [[[-76.49228844937782, 37.41404363238278], [-76.49229999966568, 37.41410909050978], [-76.49221728433062, 37.41416558035341], [-76.49228844937782, 37.41404363238278]]]}}, {"type": "Feature", "properties": {"code": "8.3", "name": "SOUTHEASTERN USA PLAINS"}, "geometry": {"type": "Polygon", "coordinates": [[[-76.49450909132871, 38.90909090879528], [-76.5031727269182, 38.89943636266141], [-76.50746363620124, 38.901381817910824], [-76.49450909132871, 38.90909090879528]]]}}, {"type": "Feature", "properties": {"code": "8.3", "name": "SOUTHEASTERN USA PLAINS"}, "geometry": {"type": "Polygon", "coordinates": [[[-76.55773965703597, 38.38484571917601], [-76.55936363566308, 38.38363636266678], [-76.56148610977056, 38.385357444925845], [-76.55773965703597, 38.38484571917601]]]}}, {"type": "Feature", "properties": {"code": "8.3", "name": "SOUTHEASTERN USA PLAINS"}, "geometry": {"type": "Polygon", "coordinates": [[[-76.78334545459883, 37.214363635781744], [-76.73748181902522, 37.205827271601144], [-76.73506363618814, 37.20225454542724], [-76.75632727255568, 37.1911272717636], [-76.78334545459883, 37.214363635781744]]]}}, {"type": "Feature", "properties": {"code": "8.3", "name": "SOUTHEASTERN USA PLAINS"}, "geometry": {"type": "Polygon", "coordinates": [[[-76.85696094972211, 38.307123304581104], [-76.85740138227304, 38.30726192041004], [-76.85722727342008, 38.30728181816674], [-76.85696094972211, 38.307123304581104]]]}}, {"type": "Feature", "properties": {"code": "8.3", "name": "SOUTHEASTERN USA PLAINS"}, "geometry": {"type": "Polygon", "coordinates": [[[-76.99608181770122, 37.24067272661899], [-76.99421818256343, 37.23895454504107], [-76.99619090853231, 37.237918181943535], [-76.99608181770122, 37.24067272661899]]]}}, {"type": "Feature", "properties": {"code": "8.4", "name": "OZARK/OUACHITA-APPALACHIAN FORESTS"}, "geometry": {"type": "Polygon", "coordinates": [[[-74.06603988536156, 41.87688090836253], [-74.03333537481952, 41.75979384630766], [-74.07277834252245, 41.60294970687797], [-74.05240911997741, 41.483657309958446], [-74.06993395921808, 41.44156937534901], [-74.14396746941817, 41.416877623884105], [-74.21773418806997, 41.3481446519522], [-74.25857061051218, 41.350273969039094], [-74.29190307340986, 41.25079998880439], [-74.4150231822418, 41.23473750088291], [-74.50853437907124, 41.19718910377579], [-74.51697342226288, 41.20656938220463], [-74.48470126364847, 41.24726568280593], [-74.49203524641486, 41.28178535991653], [-74.51118424345039, 41.28109135118967], [-74.54240621583017, 41.25218702482083], [-74.5765902979997, 41.181581257346735], [-74.57600684305896, 41.1649018357421], [-74.54113429204212, 41.16072292394338], [-74.5761920001869, 41.104908988952516], [-74.6267159009218, 41.095436789311925], [-74.66092630183748, 41.055347019371034], [-74.73072604099957, 41.015430325129515], [-74.7612721938452, 40.965204742099274], [-74.89531714539027, 40.88963017589779], [-74.84084413255646, 40.88967803569104], [-74.88634265791005, 40.84475766505876], [-74.91543734400503, 40.85092323323795], [-74.99378744916501, 40.80999953942512], [-74.92213531043126, 40.86182777192092], [-74.9273984714311, 40.87502819271256], [-74.96240099765356, 40.8710897839314], [-74.89279569724181, 40.90798660259775], [-74.89110538537328, 40.92547874695755], [-74.90725359878626, 40.92882305062602], [-75.02123056025147, 40.85772895676983], [-75.0193421830649, 40.84459074855217], [-74.98345318361235, 40.84287187594869], [-75.05648778345791, 40.81469167538585], [-75.12820617373934, 40.75968244927348], [-75.11659206036651, 40.74867678338447], [-75.1398889771186, 40.72719648289674], [-75.13240823041744, 40.71234634902216], [-75.09591487195526, 40.71221059607153], [-74.96275166338573, 40.794499416300795], [-74.93836764790444, 40.76901648587047], [-74.8276286281805, 40.866362008995566], [-74.80250510540228, 40.868620414147], [-74.82510481437865, 40.82316491717885], [-74.93206281680703, 40.74893182920376], [-74.9425583366733, 40.71664061713746], [-75.04065930267146, 40.66611148186471], [-75.14123009853473, 40.6473945647529], [-75.1891961083999, 40.621338491358976], [-75.19770459101032, 40.653454833701446], [-75.183781818501, 40.67992727220465], [-75.32923015663125, 40.628304886577524], [-75.33453726540563, 40.61843719714298], [-75.30714265745563, 40.61493342505741], [-75.33198671515684, 40.588394563779545], [-75.31905633991721, 40.57413052904069], [-75.38489588871781, 40.534380247494994], [-75.45047829611326, 40.523331596583695], [-75.46140194844709, 40.534819504725014], [-75.3570429919271, 40.608920524130646], [-75.4402368813173, 40.597548169301646], [-75.42991193083041, 40.58865777209994], [-75.5239127115335, 40.516523255899294], [-75.70148335199393, 40.50180200192311], [-75.90131385388969, 40.42916249269589], [-75.91813871552819, 40.40703986768265], [-75.91589046914089, 40.32584810603017], [-75.94689941450964, 40.29913935086009], [-76.0936920042601, 40.31497887840859], [-76.17135640450216, 40.35286871518308], [-76.2385653636092, 40.30509996227865], [-76.27014433134644, 40.3168295163887], [-76.32200704892918, 40.28173415704073], [-76.42987928404361, 40.270005568387354], [-76.55496119244434, 40.27921632426607], [-76.62976153796129, 40.25526785636883], [-76.67570718744952, 40.26086786421625], [-76.81888694434554, 40.19739536739138], [-76.87923805289728, 40.20209763678147], [-77.05796133628671, 40.13846006768397], [-77.0465806190107, 40.11789158928728], [-77.07946455123628, 40.107743209993046], [-77.06366710758999, 40.09417473284919], [-77.11546014915443, 40.05696595421249], [-77.10795088562456, 40.02266244978546], [-77.12041239128587, 40.005416951830675], [-77.20119304507692, 39.97230286956175], [-77.22972453051862, 39.98804535091513], [-77.23771109153118, 39.93883822577487], [-77.28881335374152, 39.930997694021976], [-77.30509870836984, 39.903653783518045], [-77.35029594061871, 39.90111902995612], [-77.39136948062271, 39.787187790911354], [-77.35296072860866, 39.67991972999284], [-77.42399425249513, 39.62942212891168], [-77.4190801588532, 39.599177596700265], [-77.5730282492356, 39.13701333385781], [-77.58781004077184, 39.14465412737584], [-77.5823918515622, 39.19629523384556], [-77.50639205504083, 39.42926110702982], [-77.52364054905769, 39.477311678426], [-77.56879282850718, 39.50365561710177], [-77.68837818913661, 39.297348188326396], [-77.73144889065497, 39.17549151866225], [-77.73969993385576, 39.19514956568071], [-77.71572062634351, 39.29975354484615], [-77.83882310443295, 39.08011664115028], [-77.91847100915383, 39.01152675509976], [-77.96635722053753, 38.99241743480252], [-78.02833477771077, 38.91828329829666], [-78.0868385947864, 38.90424508901062], [-78.07950423352116, 38.85682716521228], [-78.12096690457776, 38.85488314585891], [-78.1442314612792, 38.80731790768114], [-78.14311865386168, 38.73555115782132], [-78.20152513388244, 38.74539262238359], [-78.17467818660685, 38.708283566033856], [-78.19686564721952, 38.694011569489206], [-78.21829076399347, 38.70743683889645], [-78.22159781300542, 38.685331866291804], [-78.24793847797937, 38.681837160374926], [-78.25975061964348, 38.57294641086367], [-78.29133817786207, 38.573760349581356], [-78.28582215766419, 38.53891502169617], [-78.33614341744445, 38.48236570679532], [-78.31107300280718, 38.42504166672266], [-78.27963415098382, 38.42658076456632], [-78.31509860498876, 38.367158038901714], [-78.34496647672607, 38.36919168476031], [-78.36478868630714, 38.43878898378986], [-78.36484183887701, 38.38673942687566], [-78.39138629865641, 38.379144822205426], [-78.39206836464335, 38.36312010952258], [-78.43466209414385, 38.39023826419893], [-78.46688252692381, 38.34824081420459], [-78.46504012008378, 38.314944481772514], [-78.52079965875572, 38.30363400721116], [-78.56214548740569, 38.272336099290186], [-78.54888963297982, 38.24711747280587], [-78.63149270243169, 38.23482286914668], [-78.58739071833011, 38.21090664613806], [-78.62661874666644, 38.18316083903606], [-78.61295059235108, 38.13246355140103], [-78.64871303279998, 38.14005864127773], [-78.66083336500427, 38.2037900742083], [-78.6841963780576, 38.20873294934191], [-78.70181720414197, 38.15931680541102], [-78.68611896780628, 38.10974751975494], [-78.84832767094494, 38.0245109283572], [-78.86194318571185, 37.99399459951021], [-78.84448916441892, 37.97146148403315], [-78.85559609648219, 37.93131759868985], [-78.93061370691717, 37.86964009254293], [-78.85469356840473, 37.880477456280275], [-78.87137537609026, 37.85858001833139], [-78.83335412774515, 37.848673046128994], [-78.85898026978569, 37.83020393529645], [-78.85863098636754, 37.80283441988264], [-78.82478631732472, 37.8152476229508], [-78.77209571494853, 37.80636464300158], [-78.77682083612724, 37.77996921781974], [-78.8448567596214, 37.7293362435507], [-78.89861445031629, 37.774886042386484], [-78.90918524163014, 37.744637112320376], [-78.93067150681705, 37.753697712317276], [-78.93447252539359, 37.72723261815738], [-78.95526749559367, 37.7448832318129], [-78.93613765014165, 37.81666559135039], [-78.98472457161185, 37.80109198434685], [-78.98540012118828, 37.8260568062256], [-79.0057127284523, 37.82222556399363], [-79.04975298947893, 37.77755148535114], [-79.03109961755155, 37.76294938327114], [-79.04823454810635, 37.73197888321783], [-79.07001097205789, 37.752581392354074], [-79.17305516814655, 37.67438038947739], [-79.19896903676025, 37.676444571118935], [-79.2465522503667, 37.64203897180871], [-79.2788805852791, 37.64709341420257], [-79.31778577923308, 37.621461373214615], [-79.31627774133239, 37.596157133942356], [-79.39969370037362, 37.56378090347753], [-79.4336849869752, 37.5221018411624], [-79.44600140418753, 37.484050307900354], [-79.42062179356552, 37.47212905204494], [-79.3586461771348, 37.51368500265306], [-79.32222857515417, 37.48645711469041], [-79.25375175888522, 37.484634722592816], [-79.29851111864912, 37.45628492325505], [-79.3071246520349, 37.423080365859256], [-79.3315101461844, 37.43199713318212], [-79.37648245260554, 37.3946804956164], [-79.4048511198179, 37.39307754176264], [-79.40087507124697, 37.4116026981121], [-79.42296069646136, 37.4191938331365], [-79.42665582635874, 37.444314678226156], [-79.45330453563187, 37.4479798986658], [-79.46205072744046, 37.47466880147326], [-79.50376318811522, 37.431310473088445], [-79.57622941565157, 37.42791527957839], [-79.58343544924226, 37.4011659998375], [-79.6366459615177, 37.424743473729485], [-79.64723498137496, 37.36766229891219], [-79.72196680935821, 37.33104640499127], [-79.7737487687865, 37.33561020100094], [-79.76443204053113, 37.31558857863305], [-79.79659640358443, 37.30193666167014], [-79.80711499130487, 37.27777613308601], [-79.84236555261882, 37.28911528507931], [-79.84313842224654, 37.22861089866998], [-79.80691191974358, 37.212470447269865], [-79.80706303669443, 37.1987755606804], [-79.8987959250634, 37.167594380133366], [-79.91948420292407, 37.139470878638384], [-79.95986124336349, 37.131469020733114], [-79.99885746637028, 37.094473409832375], [-80.0647417069022, 37.10951288490496], [-80.10229169260255, 36.97247686447055], [-80.06639793668059, 36.96213438936759], [-80.07109639956413, 36.931158851688146], [-80.10193476421261, 36.91465047883698], [-80.1062835855272, 36.935346950916745], [-80.17080564789062, 36.87896418241851], [-80.29592040251673, 36.816363268242334], [-80.3072516137035, 36.74416810079958], [-80.19528623528717, 36.75150785221434], [-80.13398293925665, 36.7751157689703], [-80.10957708804645, 36.747903507136506], [-80.15788219184287, 36.719182849113785], [-80.18139043639869, 36.68245212304957], [-80.2925052465375, 36.6482584022463], [-80.27946375701802, 36.60705541475474], [-80.35507810555406, 36.58988489177692], [-80.37650315018134, 36.626273330401126], [-80.4696852358432, 36.56821814182961], [-80.471682613505, 36.608647512997145], [-80.49896344354751, 36.62666586568028], [-80.56298366158696, 36.62856207187946], [-80.62732175487018, 36.65222596583961], [-80.71758315596018, 36.622194481906234], [-80.74724133327918, 36.58856178918035], [-80.77234948350994, 36.59046561092122], [-80.82061721317055, 36.53989820000518], [-80.80092023960384, 36.5322578567523], [-80.801296538121, 36.51434301597395], [-80.83285487215323, 36.49660350987826], [-80.83641042714991, 36.53059932512537], [-80.87838773554604, 36.54835976337332], [-80.87975826773122, 36.53297627897764], [-80.9011778635628, 36.52911894030581], [-80.90124521181198, 36.50049578765882], [-80.85365288508447, 36.4985286383029], [-80.86168652787109, 36.47979533416476], [-80.83817675451535, 36.4651294468812], [-80.89359531759648, 36.453573001628946], [-80.92423049665082, 36.462819340531496], [-80.930011539391, 36.44594296992002], [-80.87649229549577, 36.426739882021764], [-80.88533828349469, 36.40561150715153], [-80.921452921234, 36.40147328387138], [-80.92507751373158, 36.38611788783007], [-80.94175504861357, 36.39851236737156], [-80.94357976835558, 36.38078594832552], [-80.9629105428781, 36.387769381338835], [-81.02448405946838, 36.35264133172263], [-81.07235554394373, 36.3823080099962], [-81.05839097361454, 36.331377082717054], [-81.0721394484313, 36.31761583801941], [-81.08904187118328, 36.333941618915574], [-81.0909796864441, 36.37758468995936], [-81.12629510757422, 36.37314844597676], [-81.1047121561331, 36.33164740767756], [-81.14873452248406, 36.29529487705077], [-81.12257485643512, 36.27865171006807], [-81.19015018676517, 36.27372674895088], [-81.2097392507716, 36.236706535094655], [-81.25557651715545, 36.23714319188121], [-81.26828982126824, 36.19941999418595], [-81.28394756710523, 36.21490648146897], [-81.32497876474483, 36.20473836750412], [-81.31703480842313, 36.17764984275011], [-81.3627585966413, 36.17352107909121], [-81.38630855173093, 36.112062720614276], [-81.43464066174474, 36.08823704200012], [-81.4201042998405, 36.078389088757625], [-81.44999536758282, 36.05584020879712], [-81.41789316950236, 36.03698151026503], [-81.37078228832488, 36.081763539930336], [-81.34610983418835, 36.06644009568967], [-81.32321980653938, 36.10001951694725], [-81.29124029015769, 36.083245585457206], [-81.33988674942377, 36.042743991335634], [-81.3288234299143, 36.01785852275513], [-81.13521810788028, 36.10898194560197], [-81.07456507262876, 36.11727216676044], [-81.05704083332364, 36.14318650148088], [-80.94522166221567, 36.1536387863069], [-80.90655273445913, 36.11733327312292], [-80.93033681556832, 36.101876943070145], [-80.95839328050724, 36.10994214980254], [-80.96248892619101, 36.08336808980371], [-80.9979054804857, 36.08595717364226], [-80.98940607343553, 36.05746140890954], [-80.96333044787008, 36.042270835901924], [-81.010537477336, 36.03875582037365], [-80.96035948253594, 35.984436429672364], [-81.00192776170431, 35.99015449384948], [-81.00776762357096, 35.964620392315645], [-81.05427132812355, 35.956405938931645], [-81.05847264727579, 35.97406198345597], [-81.0398673338907, 35.984686319081696], [-81.0700622450697, 36.01938037915034], [-81.12701557693994, 36.025771027803515], [-81.21681913951663, 35.98617891107515], [-81.2344948149939, 36.004802251606584], [-81.28845741967312, 35.931371811370695], [-81.30397502418097, 35.941131889337136], [-81.33614982674224, 35.91664554862571], [-81.37156552434914, 35.948010039471605], [-81.38200898718858, 35.94239885369297], [-81.3712153989004, 35.92336106478802], [-81.43788353337754, 35.92159421430521], [-81.44996150748172, 35.89267116409375], [-81.43404876456844, 35.87656300980736], [-81.44848921999757, 35.86640517801217], [-81.50513453544299, 35.89555486119117], [-81.46506666357857, 35.955305240103215], [-81.53075420562232, 35.96396283182054], [-81.67665275141675, 35.94072906827593], [-81.74554501725883, 35.884998833265165], [-81.79231549892869, 35.87295132960606], [-81.79491058610304, 35.855722874775644], [-81.82916047649753, 35.860695773888], [-81.90776212974934, 35.807807534621716], [-81.90015419154149, 35.78890770673743], [-81.98506263986545, 35.73843230953079], [-82.00366146294999, 35.68583167311638], [-81.95366367102173, 35.691003987009346], [-81.94535399024493, 35.63128861339669], [-81.89906088246381, 35.646892143879896], [-81.92061242052783, 35.58343696719099], [-81.88620090129076, 35.57149490620272], [-81.85446195152377, 35.57830425984245], [-81.84010762753884, 35.60856780807886], [-81.81761149309652, 35.60248714422373], [-81.7810718686957, 35.63961435997535], [-81.63399813358187, 35.70353083021088], [-81.61351631448441, 35.72769198982487], [-81.51284335791559, 35.72880135068182], [-81.49458508084287, 35.71135624794076], [-81.50278614173997, 35.68943465701109], [-81.54614212145918, 35.70828171865432], [-81.54451269618444, 35.66734543503546], [-81.58102417997723, 35.65023230943695], [-81.5811754940645, 35.60610260471273], [-81.59851369021206, 35.57979546771084], [-81.57624508258407, 35.574245707012146], [-81.5795545132086, 35.56350243136642], [-81.64540546839342, 35.547805609979996], [-81.66643372545683, 35.52570842539775], [-81.6848262224985, 35.537912759736855], [-81.76951389601582, 35.52415277609013], [-81.77093292670628, 35.51115552396548], [-81.73146669032384, 35.510014067409685], [-81.70769209099075, 35.48648012995956], [-81.74144994516374, 35.484368348901135], [-81.7281101562107, 35.443847012740086], [-81.75360448783019, 35.429796418085026], [-81.73760031721345, 35.412350078951036], [-81.75917502806297, 35.40245894428079], [-81.79649162866492, 35.422131852934776], [-81.78253475755896, 35.477781726893426], [-81.83084446619833, 35.4629849590082], [-81.85532656630426, 35.50082790369323], [-81.86640865174506, 35.479651963783205], [-81.90353405141245, 35.48245064245899], [-81.9050588112553, 35.503722341247645], [-81.95020927207194, 35.50306893391666], [-81.96967605729832, 35.5308222190368], [-82.07091810562466, 35.4846828168882], [-82.07576732103684, 35.51875097828539], [-82.06105843708036, 35.54110888819365], [-82.08058151981193, 35.54949699121123], [-82.14896178205647, 35.480795643089664], [-82.14043252351783, 35.464410238970736], [-82.19252625600016, 35.457572719436534], [-82.21699082728102, 35.40643813425029], [-82.21029544748676, 35.387261598931296], [-82.23018853455176, 35.38995572303407], [-82.22374803406336, 35.37364731618969], [-82.27845639628129, 35.33413121895142], [-82.2873119816283, 35.28673789972447], [-82.24666657107007, 35.30897398020126], [-82.22678829257859, 35.30668473388982], [-82.23500840310501, 35.29091623917134], [-82.17592437762703, 35.295375871925486], [-82.2617761576101, 35.238868873167405], [-82.24774235060917, 35.17362639814334], [-82.26401252992308, 35.13830174463259], [-82.46332541872994, 35.093274264368304], [-82.53037618873037, 35.027345016153625], [-82.61098275699608, 35.014764776392745], [-82.63423890765459, 35.04377286694231], [-82.67063553977837, 35.04641482223643], [-82.76581574577469, 34.99617622898983], [-82.69673481677509, 34.96875817388353], [-82.7799255192397, 34.957739107229614], [-82.81611236152975, 34.916195567064584], [-82.8331106309778, 34.93970929338224], [-82.84544488303618, 34.92549503220892], [-82.88758332553314, 34.923495878063314], [-82.94145993981874, 34.96214981540017], [-82.9730339982858, 34.92094317546885], [-82.98270095890008, 34.94372446367335], [-83.01547156857858, 34.95488499789643], [-83.08161938089324, 34.90755185992], [-83.07701621650047, 34.85224225497172], [-83.13635480323674, 34.766517604362484], [-83.17412146040385, 34.73740877036748], [-83.20982095822048, 34.746628633859395], [-83.21149903852653, 34.72680236877921], [-83.24609119203988, 34.71589087370997], [-83.26789179744446, 34.680833236825585], [-83.33897983833296, 34.645186116631606], [-83.39893416983693, 34.6739554707064], [-83.36464241654028, 34.700447045300784], [-83.39343510934727, 34.733169547726334], [-83.44736091747751, 34.72704896096923], [-83.46983810278468, 34.694187797671034], [-83.48767944625862, 34.70697546869589], [-83.50575715962641, 34.696733689117174], [-83.5042026576202, 34.71292409067108], [-83.52720961151093, 34.728007478174554], [-83.57197203634895, 34.71398018082485], [-83.55900356134202, 34.740849609254774], [-83.57774930497503, 34.79321569395274], [-83.75190401704114, 34.71808870297463], [-83.81797225128969, 34.6440753131144], [-83.8393934524019, 34.651691227197254], [-83.84904178996842, 34.69211313677575], [-83.95223141446476, 34.633823241059], [-83.99771536016797, 34.64420799328704], [-84.02408645858517, 34.6189560043259], [-84.05653435245708, 34.61637037066512], [-84.09592295575627, 34.63253275366296], [-84.16184204620122, 34.56598091846639], [-84.20971461981708, 34.55150393013287], [-84.2637170518291, 34.509841684243575], [-84.27055784299274, 34.470812090218146], [-84.23687599973036, 34.42858443654553], [-84.2342031253862, 34.37741710335195], [-84.2491781068063, 34.32479979553759], [-84.2722019365512, 34.31023942318776], [-84.46165657942477, 34.2119920173114], [-84.49654390473883, 34.20306193831565], [-84.52661723095184, 34.220036557594106], [-84.55694327338543, 34.215262101107584], [-84.63041033866429, 34.14283089119966], [-84.72825356538523, 34.104195949117134], [-84.76802981277109, 34.09592944790117], [-84.8299151872651, 34.11125823290097], [-84.9641755568743, 34.058284328733315], [-84.98932804046744, 34.03077468605814], [-84.98904611726365, 33.97970227304185], [-85.0166887623352, 33.96134153607946], [-85.08967935624587, 33.96492449786562], [-85.13204743279753, 33.9369482074054], [-85.28884042982827, 33.903588148979594], [-85.3500561304514, 33.93156905167167], [-85.4275808404324, 33.93450039124679], [-85.5055285050194, 33.86572689160347], [-85.53918901525398, 33.86752834323513], [-85.60070021642393, 33.83683440366849], [-85.65921699398444, 33.77213131860405], [-85.66381262178365, 33.67198887836236], [-85.6484230634946, 33.65292702225924], [-85.66086278807758, 33.63741924833645], [-85.72889495268173, 33.61290753274423], [-85.79295737894537, 33.56124116222318], [-85.8772557729612, 33.5524087938708], [-85.90304979233231, 33.53594846165833], [-85.9364373858074, 33.508127953782726], [-85.96947001285331, 33.42158184907421], [-86.07394550906194, 33.38028270898518], [-86.15717291437046, 33.30021888798542], [-86.20422261633612, 33.28035560292021], [-86.18283997111313, 33.231229997180556], [-86.24389539765865, 33.1503069403587], [-86.36712322633167, 33.13160549561878], [-86.44614127878228, 33.03967412430797], [-86.56973949869968, 33.07239574165569], [-86.59140671310989, 33.10713657201277], [-86.5652416388974, 33.16308294170187], [-86.63383580597986, 33.17660133577224], [-86.66731608312787, 33.163350509930986], [-86.75377386164024, 33.05305945789308], [-86.84559035211322, 32.973225854590694], [-87.04482074546709, 32.98711876541318], [-87.12923851084608, 32.96520745858787], [-87.16017292342364, 32.991320029368], [-87.14118235911666, 33.06004843687076], [-87.17375173183869, 33.17340444086992], [-87.25508355739919, 33.13776438777997], [-87.35923729966603, 33.15118644529504], [-87.47175271950047, 33.215447729922936], [-87.57065203811831, 33.48583123671795], [-87.66260458437904, 33.57880380811275], [-87.66839779315073, 33.62570806383254], [-87.65007988205848, 33.70325993376267], [-87.68795985303976, 33.836574287204066], [-87.68833635246754, 33.90897733029148], [-87.77554211954553, 34.01423767275272], [-87.76940709292091, 34.1062380781109], [-87.80010192893272, 34.11390661162088], [-87.81721581181772, 34.09553997875386], [-87.83290164866985, 34.11208068398924], [-87.82023789464125, 34.17096595701353], [-87.79447347124163, 34.19359362624727], [-87.73081710220984, 34.20286373310111], [-87.70524787985354, 34.16940070724566], [-87.66848383677774, 34.165261682680914], [-87.62555021304497, 34.20948163093704], [-87.56399382084517, 34.23594323683949], [-87.56911336045489, 34.26065573903316], [-87.6184909188429, 34.26501575371934], [-87.62833442685594, 34.27894646553709], [-87.68207768618223, 34.24566462357917], [-87.79764719278927, 34.28064922927835], [-87.80089455793306, 34.30477459901954], [-87.72820530917254, 34.29623682268523], [-87.67836220844231, 34.332784040191946], [-87.68004622445578, 34.38824203862255], [-87.74628771529223, 34.41565719459813], [-87.74971590380432, 34.45349952932487], [-87.71355509425001, 34.431474918787266], [-87.61705741609771, 34.46544163398205], [-87.58510188977631, 34.468692128785285], [-87.57133843274347, 34.45240275064361], [-87.5511095860073, 34.463602118261214], [-87.52480968588564, 34.45247571388538], [-87.53728593630474, 34.44134505501064], [-87.4651574542032, 34.40222838622072], [-87.44114926146914, 34.42327806715641], [-87.36551538426161, 34.4178280734766], [-87.35691723001305, 34.431301864163245], [-87.37068822459197, 34.45328203964768], [-87.34459653646033, 34.46239703907923], [-87.32297913557525, 34.429130736247565], [-87.2889659724515, 34.41770333106038], [-87.28684847999357, 34.39594418317711], [-87.24326522335856, 34.3970875713792], [-87.22184028619583, 34.38199241299423], [-87.19977552214644, 34.41133367369181], [-87.18317346319638, 34.39262865808042], [-87.1318523983714, 34.39556012188561], [-87.11893511282979, 34.343725210230744], [-87.07815737569418, 34.323321942939664], [-87.06665328437238, 34.34305301512051], [-87.00363115030973, 34.32331073102898], [-86.9989019474273, 34.3462907525042], [-86.90686854127348, 34.32987756625145], [-86.84983674715134, 34.355072631743504], [-86.89157928189927, 34.385687575034886], [-86.8489624715761, 34.38609093373734], [-86.85384103170709, 34.397410665857656], [-86.82579164454164, 34.413280141346185], [-86.84812285921508, 34.42873881596932], [-86.80254537099607, 34.41630716543647], [-86.77060341533534, 34.431871829745816], [-86.75312475838746, 34.41340824444945], [-86.76956621447901, 34.399069239251226], [-86.70952750505336, 34.415552923894715], [-86.66008666278222, 34.382496586797686], [-86.65332420516255, 34.40665711027969], [-86.63298145515077, 34.41263338733992], [-86.64558358668427, 34.4236620236411], [-86.67367060059183, 34.408431309373604], [-86.69113456673581, 34.42958872329503], [-86.67854859625093, 34.442125532476666], [-86.69600296040244, 34.448372856327495], [-86.65240705148044, 34.48210919087368], [-86.66405260140944, 34.49253793817517], [-86.64079820044851, 34.53072513399577], [-86.62526739643131, 34.511945609712], [-86.61460115533865, 34.52835243503656], [-86.59713705148069, 34.519708859625716], [-86.5777308455694, 34.53939251460809], [-86.55347363541303, 34.53640957199076], [-86.5379884468194, 34.477954112887915], [-86.47594080215039, 34.472256444585845], [-86.47494510784226, 34.49074415794008], [-86.49820835120003, 34.50030450288302], [-86.46908821113021, 34.51608736689915], [-86.4797438861425, 34.527130881976895], [-86.45837088040255, 34.54500487976606], [-86.44291538136795, 34.50562504636991], [-86.40703045596193, 34.504389567032696], [-86.38384437750378, 34.46797344195933], [-86.38279264842365, 34.50047681629057], [-86.32262774774804, 34.51080662853783], [-86.2992056492186, 34.55101518563998], [-86.30397292691337, 34.57547920782679], [-86.27572557568678, 34.600461634975495], [-86.25542136522147, 34.57923701744522], [-86.23107776629668, 34.59617113825564], [-86.22615023734909, 34.61255712478928], [-86.24463656158386, 34.60455694537931], [-86.24455958942968, 34.622747455491975], [-86.26499943894933, 34.611767339977334], [-86.24346607943434, 34.65167024423896], [-86.27844943449381, 34.650268505689155], [-86.27756435338578, 34.62760351136845], [-86.29214782841132, 34.62405867409298], [-86.31630157074966, 34.66228229941722], [-86.2996021468967, 34.712641782879764], [-86.21970810660044, 34.748519037953194], [-86.239031210236, 34.77898761667333], [-86.23693039027492, 34.8144686602237], [-86.26521487879563, 34.80142264179293], [-86.24492543316765, 34.765883759956026], [-86.26547094888494, 34.73761015806833], [-86.30538131142062, 34.72816160049162], [-86.3130731724654, 34.753825155155724], [-86.33174966632502, 34.69362606185061], [-86.3375022609338, 34.719283861193745], [-86.3929575868372, 34.70804537963566], [-86.35393260349421, 34.75360623296798], [-86.35190801558987, 34.78014410578405], [-86.38797151569842, 34.75754021818389], [-86.3986357837861, 34.773064338287746], [-86.39470012860468, 34.790949105654526], [-86.36548687286631, 34.79626927832152], [-86.39849506030062, 34.831509718672045], [-86.39159524607865, 34.865197315374466], [-86.37210603622628, 34.86725334845854], [-86.37593832785565, 34.89111337801116], [-86.4198897232199, 34.8443621083914], [-86.4403183667481, 34.856314289792074], [-86.36702891337976, 34.94089893016167], [-86.40798441969484, 34.93887307730029], [-86.40304970692115, 34.96391594374985], [-86.35671997499466, 35.00674069985794], [-86.33704610763486, 34.99911574728398], [-86.31034802746558, 35.01513162582327], [-86.29278248656345, 35.001517985066826], [-86.22810867462422, 35.039609378261645], [-86.20051856153952, 35.03602690800027], [-86.16992088816856, 35.08446715590427], [-86.19653216549358, 35.07749806512982], [-86.18616889618241, 35.116935937006176], [-86.13484211548466, 35.10823295392214], [-86.08586149305455, 35.12435646336403], [-86.05228438157745, 35.105264107607404], [-86.02937791161506, 35.13893707405461], [-86.01793303290077, 35.122628172385085], [-85.99387982713561, 35.12553928518498], [-85.98726064109759, 35.16480905163329], [-85.94688797085593, 35.184464878621405], [-85.98501215654399, 35.187723008036635], [-85.98390977260394, 35.20317149888484], [-86.02593723985612, 35.193546284173145], [-85.99329828289684, 35.2207534910322], [-86.00171101192605, 35.247312876130636], [-85.91307957372533, 35.22452305407819], [-85.91954996710746, 35.271089842390204], [-85.86693750840632, 35.254299314766946], [-85.83704343787596, 35.263727141694694], [-85.85402476449151, 35.29341130689028], [-85.82697772869348, 35.31747683855491], [-85.79580107776756, 35.31885649306442], [-85.82718518117507, 35.33194747918325], [-85.84431363916227, 35.322643619209316], [-85.82578314762954, 35.35503254155383], [-85.83452321151701, 35.38334105664953], [-85.84739258012051, 35.34836778876342], [-85.86851291747031, 35.355710178300825], [-85.8710875362659, 35.32211640209882], [-85.8947958485369, 35.33657309788436], [-85.90359600050483, 35.32577232273884], [-85.89536842598248, 35.35563722610851], [-85.91004364260341, 35.42430431751243], [-85.94770536646949, 35.42754427604248], [-85.90620935232178, 35.44337401237139], [-85.89818696843467, 35.48489637826443], [-85.86470386450594, 35.48083683128463], [-85.84691198787112, 35.461835240080504], [-85.82555291496334, 35.46953224697796], [-85.85798450262762, 35.50409442864888], [-85.84866646851107, 35.521379776154326], [-85.79864468101508, 35.498529678639244], [-85.82490323245554, 35.552507633218006], [-85.79909333152136, 35.57283222581184], [-85.81451336914247, 35.5898879846789], [-85.77568201653968, 35.64150050771413], [-85.74071491306464, 35.65491622557781], [-85.71464898139918, 35.6272203161026], [-85.73493516335682, 35.621323051051284], [-85.72346092746056, 35.600298332163796], [-85.75803897090204, 35.60336433260641], [-85.74410172530082, 35.58561406506799], [-85.76438587436888, 35.5700657382819], [-85.7482827830854, 35.54996038136706], [-85.75582275565432, 35.51367342191602], [-85.72188684203063, 35.574574787211354], [-85.70026615664774, 35.54877355966183], [-85.69815840043952, 35.512710637175736], [-85.64790852229014, 35.48847696309683], [-85.66469325344083, 35.5320223172079], [-85.68501302152113, 35.53451549592824], [-85.68061396025257, 35.56075243186846], [-85.64157840555734, 35.55467198663172], [-85.62822225689592, 35.56837428435541], [-85.68458318043304, 35.5742497683351], [-85.69408725037779, 35.591429331720974], [-85.68815283711459, 35.61318324971259], [-85.66843324154607, 35.61637482806233], [-85.68157177556948, 35.640966829254445], [-85.65874854994699, 35.64719735661797], [-85.65285633193989, 35.675094000200545], [-85.6770333780675, 35.66312493107197], [-85.69882269304516, 35.68577213303693], [-85.67350125005167, 35.70514949716483], [-85.65051500941637, 35.68484942922624], [-85.62255651146417, 35.689113355346976], [-85.63546181260335, 35.721173640371966], [-85.60529428265343, 35.73151402918116], [-85.60578071731996, 35.71009763949835], [-85.58292653648417, 35.69702187814521], [-85.59599714677712, 35.6718409068132], [-85.5704268581788, 35.656287496617516], [-85.57194340987725, 35.72513114162315], [-85.54921185951379, 35.71721684213924], [-85.53705780166, 35.73584861186991], [-85.57306302423869, 35.78743237801184], [-85.51664141591213, 35.77931777575531], [-85.4846410168272, 35.81316197799139], [-85.4720148761853, 35.791482312262175], [-85.42788467943174, 35.8005863052206], [-85.40260077410093, 35.78287337195894], [-85.41822824655821, 35.81777802336942], [-85.38296328104401, 35.822875979257724], [-85.40166727484548, 35.84854941137232], [-85.42261955595838, 35.83823061739304], [-85.39348694448255, 35.88830743920072], [-85.43067498066894, 35.884474229229795], [-85.45551273480007, 35.83001221752357], [-85.4666513831506, 35.853872225980304], [-85.46762282772502, 35.87121443173084], [-85.43349356930219, 35.897114582393414], [-85.45420881665854, 35.89356556228306], [-85.45488696849107, 35.91285726933659], [-85.40554857711692, 35.908959905854914], [-85.44743473520849, 35.937922942594874], [-85.4097353417448, 35.928209156582184], [-85.40381091904263, 35.95442519935593], [-85.36332334959197, 35.951058610990046], [-85.38740869921266, 35.96435493306212], [-85.38652299549109, 35.983008760696414], [-85.37459705200466, 35.97830243239603], [-85.35686712025695, 36.00410671902539], [-85.33680878046832, 35.99808602973093], [-85.35050143173513, 36.01069986507633], [-85.31523834879303, 36.02261894582054], [-85.32962266931249, 36.042050499752435], [-85.34360212001485, 36.02327922628174], [-85.38613560495439, 36.02242209012783], [-85.4153347663819, 36.003784649082796], [-85.41559620605294, 36.02770553971092], [-85.44692962234907, 36.02866758022353], [-85.43037123982792, 36.04861403779117], [-85.45282342262621, 36.049857486346454], [-85.4402179587987, 36.06163620808797], [-85.45836157712093, 36.07030285690036], [-85.44974025647514, 36.086073985975744], [-85.39852539433181, 36.09182063786227], [-85.40574185477234, 36.102680851034364], [-85.38794866538721, 36.11230307535268], [-85.44529623007655, 36.111972286894996], [-85.40170084953981, 36.127828380362516], [-85.41780926560412, 36.13697416491701], [-85.39824847943589, 36.14729446449974], [-85.41777721603044, 36.15957611944958], [-85.44767876328994, 36.143511256261434], [-85.42683804067345, 36.17891311192194], [-85.43289170943513, 36.2018224710362], [-85.40270484951161, 36.2208113349455], [-85.38588283794725, 36.203408743684705], [-85.36079811282387, 36.20572211822102], [-85.36444930389874, 36.221764553886224], [-85.31503146887063, 36.24587564015542], [-85.32308469742983, 36.31799703519832], [-85.30904762022381, 36.32620951081258], [-85.29786176848981, 36.29345282412417], [-85.29530651622778, 36.31468777294885], [-85.2712561256146, 36.318754455844726], [-85.2927409013846, 36.33454573361462], [-85.26101457732182, 36.347136581643916], [-85.28749172107116, 36.35596611436053], [-85.22227771395637, 36.38842421596693], [-85.17639066644001, 36.38148547243194], [-85.19167516098277, 36.334568705858516], [-85.18799366555135, 36.3062491057586], [-85.17631870609829, 36.30749600996886], [-85.15749692389555, 36.387345294350084], [-85.13837812256241, 36.39125431019239], [-85.13862728073515, 36.43277913837288], [-85.11756892020226, 36.41552478789678], [-85.10554236507535, 36.440339744839726], [-85.09199311286444, 36.43917598794159], [-85.07820394454896, 36.410077627311274], [-85.09026473086516, 36.393353729884225], [-85.06215140872885, 36.421649085148594], [-85.03878443005777, 36.40788563256991], [-85.04867122743428, 36.395989226722065], [-85.00355585865358, 36.380381896206686], [-85.02092199300971, 36.40787268044467], [-85.00999660984432, 36.43141167795423], [-84.97372650158997, 36.44639791982677], [-84.98535765500343, 36.47768996584871], [-85.00550497086321, 36.449429146615], [-85.05525072681081, 36.43634928252427], [-85.03422921587102, 36.44982317799872], [-85.0448518887585, 36.46769230778609], [-85.07595479447642, 36.45636860562395], [-85.11609808653911, 36.47351670205618], [-85.08320937549462, 36.52213390109227], [-85.05819263195875, 36.53544897858483], [-85.05313891271685, 36.508849502898784], [-85.02100481152125, 36.54167572911565], [-84.98986835822738, 36.52585412433242], [-84.95944087933816, 36.54007712706198], [-84.91930159070945, 36.523796658098014], [-84.93692526561169, 36.5352978809155], [-84.92132259953878, 36.54696313000483], [-84.93510386532205, 36.55043996626236], [-84.93934508553319, 36.58191984677582], [-84.94867010287427, 36.552024643289386], [-84.98222300807168, 36.56802419867078], [-85.0063546816447, 36.560577458341385], [-84.99147208927458, 36.60556916634829], [-85.00512141553114, 36.57910399911488], [-85.0496141202968, 36.562771801130914], [-85.05604723151838, 36.57571617002384], [-85.01534736310424, 36.61748026915859], [-85.062162392134, 36.64866768733907], [-85.03223543151144, 36.66548453065995], [-85.06112895219304, 36.67624401158532], [-85.03933033933218, 36.703472310229245], [-85.06691005011949, 36.70121983866337], [-85.07950802907436, 36.72250675936981], [-85.11812066412648, 36.70507556847259], [-85.13719374916589, 36.72364225369714], [-85.16070510918051, 36.70332410495041], [-85.1570163869986, 36.73389134992719], [-85.0738608364468, 36.75216007098858], [-85.08215147081395, 36.77970931281314], [-85.06866202987403, 36.78868833932388], [-85.02200745656089, 36.734068817887675], [-84.97477701884613, 36.733774030525844], [-84.96844132024036, 36.70334965719729], [-84.94313519177523, 36.706150433213324], [-84.95660892865287, 36.72097048885249], [-84.93767751050746, 36.78279585128672], [-84.9256991800464, 36.77146733387969], [-84.8975453460229, 36.78870377744376], [-84.86514173589643, 36.772695627087636], [-84.89017077804641, 36.80803029339834], [-84.86411240844079, 36.80685775393205], [-84.85387801282629, 36.82635877069406], [-84.81406176371148, 36.805700587340255], [-84.82507817033274, 36.77307850621872], [-84.79455645966154, 36.80255905674761], [-84.83543916776837, 36.832735876895875], [-84.80916541292072, 36.84708552791646], [-84.82463288814846, 36.86667547267299], [-84.80262173255126, 36.88640752189666], [-84.7760424808234, 36.86515462590707], [-84.81853539043371, 36.93746647542069], [-84.7882987405258, 36.91753651975311], [-84.73518666195638, 36.915654093208445], [-84.73997616771024, 36.894506729727], [-84.71152802062397, 36.90590866922842], [-84.71991525746272, 36.93290284512485], [-84.6924050544093, 36.921948372289265], [-84.65610858551187, 36.96783431786561], [-84.62900568022903, 36.96523183808509], [-84.62571122919645, 36.93766416431665], [-84.59027528041102, 36.93659174968458], [-84.58150517441705, 36.999600545264876], [-84.59757001408535, 37.01801229662179], [-84.55915774723691, 37.04587345776159], [-84.59011993270131, 37.054146524741164], [-84.5984627823884, 37.07396106343156], [-84.56887655297689, 37.09436131520985], [-84.5237184254424, 37.08470430407059], [-84.53354538551217, 37.122821930255796], [-84.57333928328799, 37.137970980141574], [-84.56350850129614, 37.15888631298512], [-84.53949651746632, 37.16610722305568], [-84.54963211350787, 37.14083976294905], [-84.51227526451098, 37.13643120399412], [-84.50994639374528, 37.160359344897316], [-84.47103373732752, 37.14422537048482], [-84.44643711957204, 37.172736254179625], [-84.4373809703391, 37.212965749779855], [-84.44886010228046, 37.245951768382014], [-84.42809965615677, 37.26006561877581], [-84.42789251645439, 37.22556358771727], [-84.41063906045964, 37.23290146631543], [-84.40960562752021, 37.264866504055234], [-84.42841435042904, 37.27582912041477], [-84.3537155390063, 37.35906918076826], [-84.33457364793327, 37.42367201261231], [-84.27504702192846, 37.42472460115246], [-84.21642909148281, 37.49946720842008], [-84.25217431551893, 37.49330164873797], [-84.26986441371457, 37.52102288424997], [-84.26887625025657, 37.555158970463175], [-84.23292044117818, 37.605071428796364], [-84.22121910426888, 37.608733909477905], [-84.19728354480597, 37.57714969575442], [-84.15671954532554, 37.61878613690965], [-84.07509609141661, 37.65295385437675], [-83.99895420336586, 37.65259348028792], [-83.95527695543792, 37.680275411241595], [-83.98606718457518, 37.70844462081977], [-83.9712741474854, 37.735605223632135], [-83.99623074368675, 37.78398399955576], [-83.99069267136875, 37.80190612683657], [-83.89977572067386, 37.795059359535735], [-83.89802529741921, 37.83552242329794], [-83.86661878386472, 37.82469347013322], [-83.85778067574961, 37.84125893704758], [-83.80964076271803, 37.85242214663323], [-83.94060521917054, 37.88360467932979], [-83.9540233625693, 37.915123534036184], [-83.778502589976, 37.941843156979964], [-83.74081049905166, 38.05655911432594], [-83.67537063248136, 38.12429435466813], [-83.56923927857622, 38.12692341092361], [-83.54440647649973, 38.11298779964282], [-83.5490854232727, 38.15071091121767], [-83.60529562756348, 38.138869144846744], [-83.5996284563107, 38.185966114090014], [-83.65176722851137, 38.191467196630605], [-83.63744065078863, 38.25206617723099], [-83.65211722617482, 38.39797739798508], [-83.61565174808764, 38.47104479031184], [-83.58663005594254, 38.47213854801648], [-83.52688089619667, 38.55438527442999], [-83.5024038670494, 38.674908083951486], [-83.4669904842895, 38.668183514684415], [-83.44748255659479, 38.68069022223521], [-83.42527685757587, 38.72779918400819], [-83.3851547257647, 38.760971700339184], [-83.40737598411219, 38.791839752713564], [-83.36275852836248, 38.838072171352216], [-83.3865889974738, 38.84998030870588], [-83.39909243047701, 38.90318508190372], [-83.32621475212004, 38.959356039711246], [-83.34688468168937, 38.98096731329523], [-83.36568273566512, 39.06848729616494], [-83.41299386178567, 39.11653984616612], [-83.30173783289996, 39.16522783176779], [-83.26734772367087, 39.22788457012868], [-83.32684447094601, 39.29629724538501], [-83.25233161105344, 39.34225674621042], [-83.19878941055424, 39.33970921088466], [-83.18262884343532, 39.36290319781643], [-83.11852254428851, 39.35612301821131], [-83.09992621883777, 39.3077673921163], [-83.05971487772653, 39.34703394215186], [-82.98578351650974, 39.34154907591371], [-82.92483075947287, 39.396083419273005], [-82.78102623710238, 39.42393180464656], [-82.72960926184592, 39.48986360269362], [-82.7232978939184, 39.569429523136115], [-82.68808989482707, 39.57885299906215], [-82.67088270440757, 39.61927193720894], [-82.67161187842697, 39.64811458004208], [-82.69206811548574, 39.660067726857214], [-82.68526471366226, 39.676469609494646], [-82.55715407304824, 39.7076896621542], [-82.47669937638172, 39.670903875157805], [-82.33033664021143, 39.66719002904201], [-82.2954441272664, 39.69096534187816], [-82.21629331524368, 39.81130366010588], [-82.17513431917098, 39.84396032522268], [-82.16430157377266, 39.922302304354695], [-82.18665441984263, 39.962767835032395], [-82.30556076508618, 39.94907790496798], [-82.37728068816516, 40.00294044042474], [-82.37132474478263, 40.031679595895675], [-82.27840199096133, 40.05314915906917], [-82.25668456519766, 40.08659044602778], [-82.34021401562799, 40.082554811885046], [-82.4200162458555, 40.11615072374365], [-82.39911250955647, 40.1639197707759], [-82.33095400700758, 40.20753150996048], [-82.3348328608699, 40.230513649114144], [-82.28431113997138, 40.236077210349315], [-82.26893617898132, 40.26679212794782], [-82.17388922262157, 40.2662144576553], [-82.14179561671493, 40.31082458791532], [-82.14436348825186, 40.339007413047796], [-82.17988494162194, 40.341655125671245], [-82.22356654676, 40.370359199656484], [-82.21747189164783, 40.384571431787386], [-82.2441880512561, 40.39251283795142], [-82.21255619250658, 40.40518215201914], [-82.21058795050821, 40.42522471479949], [-82.23432432198047, 40.502257180566495], [-82.27298002463527, 40.53604853989115], [-82.28283406373815, 40.56834354428897], [-82.30154007742222, 40.560999989217784], [-82.32455990556176, 40.57549396973542], [-82.30128356042059, 40.61476574848664], [-82.22999062364723, 40.61034504265282], [-82.12225954336655, 40.56606942940656], [-82.04071175195406, 40.56169302580852], [-81.97905035766239, 40.531304875720785], [-81.900306130591, 40.532189077718115], [-81.80960316504004, 40.553243394793135], [-81.74600993752047, 40.602417848151944], [-81.66198195745278, 40.63849288411448], [-81.44580971355184, 40.70561902095607], [-81.39183669893815, 40.74254403714031], [-81.24216819552755, 40.7903449098812], [-81.12742510725788, 40.79314576060866], [-80.99745497757448, 40.740948028946434], [-80.92434161034923, 40.73438214389625], [-80.70329293085088, 40.7660119043833], [-80.59772933409312, 40.80053254574523], [-80.4452486876806, 40.79246467381546], [-80.3792019632639, 40.82538064603971], [-80.31435015796531, 40.90144481771408], [-80.13680920703354, 40.96929374570268], [-80.16142060320698, 40.994495758103476], [-80.15425760877558, 41.00473908375478], [-80.08044692995968, 41.003661043935615], [-80.04443691369663, 41.0272347419544], [-80.05027863755123, 41.07453495966128], [-79.97317759629124, 41.13758047987587], [-79.96449576998738, 41.21910629344834], [-79.98678896553996, 41.26812385260959], [-79.97545571774674, 41.299637041588795], [-79.98301547845954, 41.35831785417374], [-79.90105386708781, 41.35283357074551], [-79.8920378443454, 41.36433293219613], [-79.8505861428803, 41.34247042712991], [-79.82708995640827, 41.373759301394486], [-79.73264518029252, 41.35997602627109], [-79.67416773753423, 41.394969125724515], [-79.43822162169506, 41.37329860520137], [-79.39598466018272, 41.39077636728516], [-79.40048243622674, 41.427440085399745], [-79.36859104744666, 41.435352739903294], [-79.33874452147495, 41.40250212383049], [-79.28429294664764, 41.392889939576], [-79.3604098204336, 41.2709182781868], [-79.32243483503052, 41.262367506287454], [-79.33688163260007, 41.24224261355192], [-79.30676042918951, 41.220674840110746], [-79.24544361685626, 41.208875332622185], [-79.12456634275438, 41.249576076291085], [-79.09115765780399, 41.23818170350748], [-79.071394093559, 41.182889887166944], [-79.03545602671362, 41.21026633686777], [-78.97555577178373, 41.21536154973602], [-78.91256139387318, 41.25059904102707], [-78.76695031011215, 41.253755455339544], [-78.6934336576641, 41.271422175959295], [-78.78087082294265, 41.18463127579946], [-78.79705737594178, 41.14648352587313], [-78.77077157392826, 41.122357401376036], [-78.68569825365148, 41.09884054033355], [-78.62232411589962, 41.10698058752782], [-78.60328922778451, 41.06137107864634], [-78.56456824965404, 41.04609170082161], [-77.98809020435554, 41.19525100843795], [-77.91115675799747, 41.14487571002185], [-77.73987217593427, 41.18683794866614], [-77.7318332804726, 41.1707127899361], [-77.76689480765145, 41.13646977684408], [-77.75618671601401, 41.11898296400191], [-77.6092816298169, 41.10614511574944], [-77.2685496134141, 41.243054759386304], [-77.35881582956173, 41.23411152893967], [-77.37175906878332, 41.24866220914718], [-77.34644017962475, 41.25150082174976], [-77.34248511143247, 41.2701180780355], [-77.25802782059958, 41.28709065585885], [-77.08802657122732, 41.35521645934821], [-77.05764641121162, 41.33634775978776], [-76.97105962272943, 41.34173205056551], [-76.8683483850499, 41.3168386590732], [-76.76476296963664, 41.321079031823714], [-76.63586331386504, 41.303233415985005], [-76.60277842612321, 41.30550958333657], [-76.57322414040573, 41.33238114137462], [-76.55874506942382, 41.30555148334242], [-76.50291304342225, 41.28706332993668], [-76.38520281185946, 41.29178273796361], [-76.44399304173541, 41.26197909270339], [-76.37790200557974, 41.231885636514775], [-76.22046307341952, 41.26063571089851], [-76.12598957182723, 41.193918164053265], [-75.82190923345797, 41.36960648895417], [-75.78486943425854, 41.37797590113017], [-75.75362647050508, 41.445129344047274], [-75.62138423116039, 41.500960239986625], [-75.55323002944536, 41.57304806395789], [-75.45503338181396, 41.72698641762655], [-75.41321513285658, 41.68879993151565], [-75.42178591118095, 41.593264118179086], [-75.45799620163697, 41.53049267899612], [-75.48774984674444, 41.42505323517462], [-75.54472472242398, 41.387597364803426], [-75.61655509553611, 41.30139955003932], [-75.6118694445106, 41.27701724985694], [-75.59157821342977, 41.269913214487865], [-75.6006486451021, 41.2551697573108], [-75.61671464443502, 41.24967467673112], [-75.67949580962326, 41.283025263362376], [-75.78373049767865, 41.21173601591634], [-75.87443381808319, 41.178159325338925], [-75.98170473664503, 41.08271124664073], [-75.8726064428693, 41.11807168656432], [-75.87025580570393, 41.10668921888955], [-75.93620009244458, 41.07766532874916], [-75.78846707592183, 41.07002502212019], [-75.71609505120632, 40.991261386463115], [-75.63250803535277, 41.0085275343101], [-75.68367427515045, 40.89630318312496], [-75.61649021417209, 40.90834372216747], [-75.65893607218823, 40.884419752157214], [-75.65628097168978, 40.86873447269229], [-75.40044433121379, 40.96276590490758], [-75.36222664343146, 40.962252731956085], [-75.1895289921858, 41.03734367950771], [-75.02851428728886, 41.07809274911407], [-74.94769251854343, 41.12949826884366], [-74.8667021078015, 41.215194943966964], [-74.82723374905424, 41.29337652284511], [-74.6611622135753, 41.398627715271], [-74.4636922989272, 41.59634007567737], [-74.43709161286164, 41.668977788404725], [-74.36947949208832, 41.760470418094684], [-74.26491533713212, 41.82550383939697], [-74.18885244859058, 41.839218934059204], [-74.04955122359505, 41.94702612978761], [-74.06603988536156, 41.87688090836253]]]}}, {"type": "Feature", "properties": {"code": "8.4", "name": "OZARK/OUACHITA-APPALACHIAN FORESTS"}, "geometry": {"type": "Polygon", "coordinates": [[[-78.68056017448053, 37.948551519879906], [-78.64829290383281, 37.94373361420675], [-78.69644148256204, 37.920496065803], [-78.76498503090691, 37.82961353331867], [-78.78443336576922, 37.87563022554876], [-78.82899103405968, 37.907247632420564], [-78.76028028727937, 37.96971019629164], [-78.67693487179324, 37.99789752450105], [-78.68056017448053, 37.948551519879906]]]}}, {"type": "Feature", "properties": {"code": "8.4", "name": "OZARK/OUACHITA-APPALACHIAN FORESTS"}, "geometry": {"type": "Polygon", "coordinates": [[[-79.13746204760682, 37.60632295949722], [-79.09252231307474, 37.60316618625279], [-79.12011478810855, 37.5776958839494], [-79.16610064223454, 37.58942889850306], [-79.16709624686003, 37.55477940267789], [-79.22601435187633, 37.52835034720975], [-79.23357003421674, 37.55935518327653], [-79.20784463038456, 37.57831158289873], [-79.2165640010984, 37.59178786381961], [-79.19562360976147, 37.59818062291453], [-79.19506666200132, 37.621663253642545], [-79.13241314319454, 37.651121898809635], [-79.13746204760682, 37.60632295949722]]]}}, {"type": "Feature", "properties": {"code": "8.4", "name": "OZARK/OUACHITA-APPALACHIAN FORESTS"}, "geometry": {"type": "Polygon", "coordinates": [[[-80.20403371788909, 36.40398268660016], [-80.22040493287118, 36.36843720670375], [-80.23891571493564, 36.3846266382311], [-80.27879103083295, 36.3708462038849], [-80.32410490773042, 36.38050301307536], [-80.39019127870966, 36.346005323132935], [-80.38791094398877, 36.379057108682666], [-80.37192341148933, 36.392189262761015], [-80.25241569797811, 36.41063136865944], [-80.20403371788909, 36.40398268660016]]]}}, {"type": "Feature", "properties": {"code": "8.4", "name": "OZARK/OUACHITA-APPALACHIAN FORESTS"}, "geometry": {"type": "Polygon", "coordinates": [[[-80.46092476902403, 36.35207655218323], [-80.47134735031013, 36.328656033001714], [-80.49840714857243, 36.33835560875891], [-80.48783080538453, 36.35118782727882], [-80.46092476902403, 36.35207655218323]]]}}, {"type": "Feature", "properties": {"code": "8.4", "name": "OZARK/OUACHITA-APPALACHIAN FORESTS"}, "geometry": {"type": "Polygon", "coordinates": [[[-81.26409589617664, 35.856159702989736], [-81.27956466793763, 35.894407880945096], [-81.26927624579612, 35.91439749152107], [-81.22694891638692, 35.868414314291726], [-81.26409589617664, 35.856159702989736]]]}}, {"type": "Feature", "properties": {"code": "8.4", "name": "OZARK/OUACHITA-APPALACHIAN FORESTS"}, "geometry": {"type": "Polygon", "coordinates": [[[-86.36577364083591, 34.69368882158912], [-86.33276945891082, 34.678420903400855], [-86.32317195034042, 34.6414229318529], [-86.33875735819487, 34.628034096472696], [-86.33395320719715, 34.6113266762306], [-86.34950305317321, 34.60747894160435], [-86.35625693150267, 34.62269892813696], [-86.3698824881502, 34.61258411638076], [-86.38460568521917, 34.550877920423375], [-86.39423251107031, 34.58339845888194], [-86.43408852412855, 34.556611175626074], [-86.38444160428469, 34.615888295929835], [-86.41258836465128, 34.62397915988502], [-86.45535609849996, 34.60643501112757], [-86.4524092489729, 34.62581517332162], [-86.38534690576391, 34.64183335163319], [-86.40768340030829, 34.64574314571873], [-86.42607312285601, 34.67976089368701], [-86.36577364083591, 34.69368882158912]]]}}, {"type": "Feature", "properties": {"code": "8.4", "name": "OZARK/OUACHITA-APPALACHIAN FORESTS"}, "geometry": {"type": "Polygon", "coordinates": [[[-86.61953541851722, 34.82924525074179], [-86.54166255469659, 34.79167499791944], [-86.53778731854062, 34.76662661268471], [-86.49107640667309, 34.77286570997671], [-86.48527871834554, 34.74214443584618], [-86.46679262656028, 34.74570738320875], [-86.4609848094276, 34.72810821574218], [-86.41726558514655, 34.70748366833285], [-86.44545847382217, 34.70930558489533], [-86.43965251290007, 34.69468876189986], [-86.4610394570193, 34.694711042264686], [-86.45425911340466, 34.68068683166124], [-86.46788205169617, 34.67056128526275], [-86.50379460644925, 34.711739671208015], [-86.51644032064273, 34.706080432845894], [-86.48734262527493, 34.652685366400995], [-86.49027430166245, 34.63926674762354], [-86.50483599927807, 34.64911617470318], [-86.50198165144448, 34.59573476198152], [-86.47676534375867, 34.57484339240519], [-86.49910913586368, 34.560543770731336], [-86.50691040013062, 34.52595666294031], [-86.53212521380803, 34.53878979793594], [-86.51657481385301, 34.565326331276225], [-86.55053920023954, 34.57965042258846], [-86.52814881706759, 34.65628525797761], [-86.53881322282051, 34.69177625995407], [-86.56311513814497, 34.69118315206531], [-86.57088677289771, 34.71384756969023], [-86.5523916861143, 34.749630790173406], [-86.56892462109792, 34.76156222028121], [-86.56404662549241, 34.796153668238226], [-86.59616622563334, 34.80957182211295], [-86.62925407361, 34.7824258118754], [-86.65500112753443, 34.79137227469093], [-86.61953541851722, 34.82924525074179]]]}}, {"type": "Feature", "properties": {"code": "8.5", "name": "MISSISSIPPI ALLUVIAL AND SOUTHEAST USA COASTAL PLAINS"}, "geometry": {"type": "Polygon", "coordinates": [[[-69.96055454652812, 41.72228181904171], [-69.95155454461026, 41.71500909087528], [-69.9625363644022, 41.71974545370905], [-69.96055454652812, 41.72228181904171]]]}}, {"type": "Feature", "properties": {"code": "8.5", "name": "MISSISSIPPI ALLUVIAL AND SOUTHEAST USA COASTAL PLAINS"}, "geometry": {"type": "Polygon", "coordinates": [[[-69.9687454549961, 41.64415454492033], [-69.98939999972112, 41.55228181805506], [-70.01149999986472, 41.542927272219124], [-70.0160363638996, 41.55207272838414], [-69.9959181824763, 41.57009999978836], [-69.97979090874935, 41.63779090870947], [-69.9687454549961, 41.64415454492033]]]}}, {"type": "Feature", "properties": {"code": "8.5", "name": "MISSISSIPPI ALLUVIAL AND SOUTHEAST USA COASTAL PLAINS"}, "geometry": {"type": "Polygon", "coordinates": [[[-69.9851090897214, 41.60139090876838], [-69.98517272685316, 41.601645453954816], [-69.98487272711756, 41.60150909107865], [-69.9851090897214, 41.60139090876838]]]}}, {"type": "Feature", "properties": {"code": "8.5", "name": "MISSISSIPPI ALLUVIAL AND SOUTHEAST USA COASTAL PLAINS"}, "geometry": {"type": "Polygon", "coordinates": [[[-70.01196363656285, 41.901372726894046], [-70.01074545552295, 41.892790909092525], [-70.0241181818223, 41.89731818176816], [-70.01196363656285, 41.901372726894046]]]}}, {"type": "Feature", "properties": {"code": "8.5", "name": "MISSISSIPPI ALLUVIAL AND SOUTHEAST USA COASTAL PLAINS"}, "geometry": {"type": "Polygon", "coordinates": [[[-70.05074545424897, 41.39253636382867], [-70.01799999969607, 41.36473636378482], [-69.96206363613591, 41.28043636401696], [-69.97197272680779, 41.24672727313236], [-70.10275454492465, 41.2398818178409], [-70.17049090867327, 41.256836364123124], [-70.23481818146519, 41.28314545512713], [-70.2067545446093, 41.27468181787706], [-70.19194545479974, 41.28217272716121], [-70.20724545516606, 41.28925454610291], [-70.19728181730088, 41.29678181822216], [-70.0705818184416, 41.30405454608613], [-70.02453636461016, 41.360018181974326], [-70.05074545424897, 41.39253636382867]]]}}, {"type": "Feature", "properties": {"code": "8.5", "name": "MISSISSIPPI ALLUVIAL AND SOUTHEAST USA COASTAL PLAINS"}, "geometry": {"type": "Polygon", "coordinates": [[[-70.13535454565485, 42.07307272718329], [-70.04580909109754, 42.02960000047172], [-69.97119090951495, 41.916972726751226], [-69.94082727285611, 41.82079090854797], [-69.948581819398, 41.842845454119725], [-69.97053636332261, 41.83451818073978], [-69.95802727351898, 41.81616363589849], [-69.96717272653557, 41.813727273225275], [-69.98582727350757, 41.78857272691114], [-69.95928181845154, 41.814381818027655], [-69.93802727349589, 41.79877272725474], [-69.94100909105721, 41.814972727277386], [-69.93656363632172, 41.81594545514751], [-69.92687272792004, 41.72433636335571], [-69.93344545507583, 41.669327273322295], [-69.95046363684031, 41.641209090926694], [-69.93039090854765, 41.70491818111115], [-69.93683636323918, 41.75910909106261], [-69.94961818211667, 41.76619090896331], [-69.99683636422212, 41.7187454554827], [-69.94515454550765, 41.70341818192447], [-69.96276363678552, 41.65343636374924], [-69.97680909035849, 41.65439090924956], [-69.9808363626996, 41.657427272813905], [-69.96939090872198, 41.65561818214507], [-69.9605727272475, 41.66996363576109], [-69.98449090907741, 41.65695454597953], [-70.01444545494076, 41.6724181816568], [-70.18966363690627, 41.64882727251386], [-70.26617272687555, 41.60920909098961], [-70.26853636254478, 41.62682727270646], [-70.2410363627777, 41.637390908548], [-70.27540909102744, 41.65181818244914], [-70.27324545511327, 41.63183636346072], [-70.34783636281708, 41.635545454933585], [-70.40062727328535, 41.60648181803937], [-70.39095454441893, 41.61790909109893], [-70.40589999998183, 41.64950909073903], [-70.45329999999025, 41.587609091239564], [-70.45842727287763, 41.61356363719835], [-70.4751727273461, 41.58443636429918], [-70.45127272697393, 41.584890909371445], [-70.4865363640144, 41.553745455435944], [-70.52712727295969, 41.54759090934557], [-70.51350909073237, 41.57763636401292], [-70.53579090914958, 41.569245454094236], [-70.53023636441564, 41.58043636321036], [-70.5479545449885, 41.55061818229694], [-70.63417272868692, 41.53842727286821], [-70.655609091498, 41.51505454582324], [-70.68660000008519, 41.522209090701075], [-70.65375454466023, 41.53996363663489], [-70.64042727307657, 41.57662727224018], [-70.6509545449755, 41.64574545357616], [-70.61470909062261, 41.657627272663], [-70.65411818190911, 41.66612727273731], [-70.61752727320392, 41.670145455170136], [-70.6280909101429, 41.69349090873203], [-70.6611818176453, 41.683099999693404], [-70.62498181880144, 41.70053636317585], [-70.62093636286143, 41.69594545527135], [-70.61904545483048, 41.6950545446524], [-70.61597272751152, 41.72543636377293], [-70.63664545503778, 41.72357272699467], [-70.55590909067132, 41.773036363755836], [-70.49466363635847, 41.77535454551191], [-70.41950000041022, 41.74586363701597], [-70.29573636357068, 41.734718182082275], [-70.27303636445355, 41.72464545530386], [-70.30059090946199, 41.72024545482616], [-70.31354545483947, 41.72751818178883], [-70.34669090838142, 41.72365454507888], [-70.3548727275382, 41.73011818193684], [-70.36097272640055, 41.72648181803433], [-70.3647363641684, 41.72723636398047], [-70.36724545554131, 41.72583636393864], [-70.37012727191508, 41.72805454607919], [-70.37291818176156, 41.72739090898647], [-70.29942727283702, 41.704836363180064], [-70.25576363637374, 41.710036363775664], [-70.18966363684112, 41.75252727336858], [-70.01979090861002, 41.78619999989924], [-70.00063636324136, 41.80839090887541], [-70.00908181765695, 41.87533636354089], [-69.99108181848149, 41.89941818170187], [-70.0055272733266, 41.90189090880559], [-70.00567272682713, 41.90547272688694], [-69.99047272649744, 41.906163635965775], [-69.9875727271036, 41.914290909134714], [-70.02159090921224, 41.91849999970084], [-70.01921818231446, 41.907490908700446], [-70.0353090894952, 41.92540909115968], [-70.02297272751116, 41.91921818183112], [-70.02366363708079, 41.933081818096845], [-70.06795454538353, 41.93083636422845], [-70.05349090782973, 41.92224545461823], [-70.06580000004443, 41.91318181780382], [-70.07088181764772, 41.89871818179306], [-70.06852727194813, 41.8912545457122], [-70.06737272755916, 41.884954545118894], [-70.0675999995296, 41.88464545429879], [-70.06820909038784, 41.884863636111845], [-70.0717181819002, 41.8954090906919], [-70.07324545522184, 41.93593636292022], [-70.07697272817187, 41.9422727273045], [-70.07929090968818, 41.99553636379129], [-70.09752727283522, 42.03446363619601], [-70.16000909018231, 42.06168181849847], [-70.20725454573477, 42.03292727250757], [-70.16679999987156, 42.03446363741019], [-70.19110909095119, 42.019718181797465], [-70.21125454529354, 42.0338090910699], [-70.23715454488159, 42.06949090882607], [-70.2462181821714, 42.062672727265074], [-70.23515454452361, 42.07544545518622], [-70.20870909143143, 42.08202727284741], [-70.13535454565485, 42.07307272718329]]]}}, {"type": "Feature", "properties": {"code": "8.5", "name": "MISSISSIPPI ALLUVIAL AND SOUTHEAST USA COASTAL PLAINS"}, "geometry": {"type": "Polygon", "coordinates": [[[-70.27954545536343, 41.308536363434406], [-70.23973636314534, 41.29645454481545], [-70.25569090862889, 41.28850000007801], [-70.27954545536343, 41.308536363434406]]]}}, {"type": "Feature", "properties": {"code": "8.5", "name": "MISSISSIPPI ALLUVIAL AND SOUTHEAST USA COASTAL PLAINS"}, "geometry": {"type": "Polygon", "coordinates": [[[-70.29945512237005, 41.32384125968719], [-70.31823051371558, 41.3344544161924], [-70.28579119940598, 41.33596471306279], [-70.29945512237005, 41.32384125968719]]]}}, {"type": "Feature", "properties": {"code": "8.5", "name": "MISSISSIPPI ALLUVIAL AND SOUTHEAST USA COASTAL PLAINS"}, "geometry": {"type": "Polygon", "coordinates": [[[-70.39843636342763, 41.62702727228604], [-70.402945455389, 41.608336363939536], [-70.42376363620059, 41.61455454571187], [-70.41022727340318, 41.629163635736944], [-70.39843636342763, 41.62702727228604]]]}}, {"type": "Feature", "properties": {"code": "8.5", "name": "MISSISSIPPI ALLUVIAL AND SOUTHEAST USA COASTAL PLAINS"}, "geometry": {"type": "Polygon", "coordinates": [[[-70.46342727276054, 41.58580000020011], [-70.45767272752093, 41.583154545777305], [-70.45748181907784, 41.57871818160979], [-70.46342727276054, 41.58580000020011]]]}}, {"type": "Feature", "properties": {"code": "8.5", "name": "MISSISSIPPI ALLUVIAL AND SOUTHEAST USA COASTAL PLAINS"}, "geometry": {"type": "Polygon", "coordinates": [[[-70.54821818185087, 41.55300909098174], [-70.52690909083734, 41.56365454615666], [-70.54214545493114, 41.552436364305095], [-70.53635454600972, 41.55472727287178], [-70.52841818179876, 41.54741818159905], [-70.54821818185087, 41.55300909098174]]]}}, {"type": "Feature", "properties": {"code": "8.5", "name": "MISSISSIPPI ALLUVIAL AND SOUTHEAST USA COASTAL PLAINS"}, "geometry": {"type": "Polygon", "coordinates": [[[-70.60310000081368, 41.48273636339408], [-70.60095454521019, 41.45582727317363], [-70.58682727311341, 41.4581363633424], [-70.60331818085577, 41.43118181817532], [-70.56499999950178, 41.47044545478012], [-70.5473909100005, 41.417418181818896], [-70.56431818216826, 41.43530000038937], [-70.5727090911015, 41.414736364185785], [-70.55944545340817, 41.42240909108206], [-70.54659090891825, 41.4039363625496], [-70.53617272700777, 41.40646363584132], [-70.54083636372113, 41.407154545560616], [-70.54788181816795, 41.416245453842116], [-70.50674545545685, 41.400227272184914], [-70.51374545389375, 41.38643636383835], [-70.49785454497642, 41.35521818106288], [-70.50897272736064, 41.34958181822484], [-70.46647272747724, 41.35003636398945], [-70.50851818270021, 41.3885636357593], [-70.48812727242948, 41.38452727291215], [-70.46541818203133, 41.400799999613014], [-70.45955454547222, 41.40171818079344], [-70.4702545454796, 41.39081818223066], [-70.46644545486723, 41.38391818222212], [-70.4523636355735, 41.38265454616419], [-70.4597727275302, 41.359454544745354], [-70.45074545392323, 41.35512727188189], [-70.44998181817779, 41.41337272685464], [-70.47332727242745, 41.40696363568523], [-70.45144545352139, 41.421499999994715], [-70.44625454614413, 41.39936363568511], [-70.4502999987581, 41.34944545526869], [-70.70812727263609, 41.34262727314349], [-70.74741818254964, 41.33087272786552], [-70.77558181737099, 41.30124545401067], [-70.83837272667947, 41.346027272949584], [-70.77149090962514, 41.351790908492184], [-70.7009727282822, 41.43385454489696], [-70.63336363747219, 41.467554545196464], [-70.62197272726921, 41.44768181763608], [-70.6324727284909, 41.46751818223195], [-70.60310000081368, 41.48273636339408]]]}}, {"type": "Feature", "properties": {"code": "8.5", "name": "MISSISSIPPI ALLUVIAL AND SOUTHEAST USA COASTAL PLAINS"}, "geometry": {"type": "Polygon", "coordinates": [[[-70.64303636334725, 41.68081818209415], [-70.63373636351209, 41.68047272667475], [-70.63139999879768, 41.67411818181825], [-70.63353636392071, 41.66987272690767], [-70.64303636334725, 41.68081818209415]]]}}, {"type": "Feature", "properties": {"code": "8.5", "name": "MISSISSIPPI ALLUVIAL AND SOUTHEAST USA COASTAL PLAINS"}, "geometry": {"type": "Polygon", "coordinates": [[[-70.64368181834283, 41.73217272727344], [-70.64218181827076, 41.73447272721478], [-70.64096363556034, 41.733563636034546], [-70.64368181834283, 41.73217272727344]]]}}, {"type": "Feature", "properties": {"code": "8.5", "name": "MISSISSIPPI ALLUVIAL AND SOUTHEAST USA COASTAL PLAINS"}, "geometry": {"type": "Polygon", "coordinates": [[[-70.65092727248887, 41.98051818205754], [-70.61611818154279, 41.940327271931075], [-70.58355454537856, 41.95020909138691], [-70.53921818141272, 41.92666363644147], [-70.5474000005174, 41.91104545395615], [-70.52550000061302, 41.8584545450697], [-70.54212727180527, 41.81846363570423], [-70.48918181836925, 41.77982727284352], [-70.55429090918095, 41.775672726644395], [-70.62935454623572, 41.7363090908598], [-70.60274545433542, 41.76206363590566], [-70.62457272688196, 41.76519090906825], [-70.63518181812412, 41.73439090966134], [-70.65380909183978, 41.7396000000852], [-70.65069999944319, 41.75103636429431], [-70.66400000047356, 41.73717272685443], [-70.66757272784602, 41.74148181837927], [-70.66409999978318, 41.74461818156189], [-70.66619090866091, 41.7465636370065], [-70.67895454630853, 41.74584545373154], [-70.64216363603968, 41.72400909123664], [-70.65791818195275, 41.726999999568434], [-70.64922727277136, 41.717590908861816], [-70.65150909061319, 41.71391818106011], [-70.67438181852822, 41.69211818209619], [-70.6540272726619, 41.71544545519849], [-70.67878181823535, 41.73272727167112], [-70.69410909084861, 41.73191818183439], [-70.68786363561085, 41.72400909085491], [-70.71546363704964, 41.73253636421035], [-70.69462727216087, 41.741772726982894], [-70.70592727283397, 41.75546363583174], [-70.73418181746605, 41.738581818225136], [-70.72264545449337, 41.72304545385759], [-70.77912872142464, 41.75717799987564], [-70.76909491470084, 41.80827361153659], [-70.80098833461604, 41.845629559542246], [-70.79653935434689, 41.92224841127476], [-70.78384312164853, 41.9548304441161], [-70.75473288167849, 41.96881451123847], [-70.68003787581638, 41.978270519140985], [-70.66126363663889, 41.9564636358671], [-70.62849090999396, 41.94657272702749], [-70.6529636359718, 41.977736363839], [-70.65092727248887, 41.98051818205754]]]}}, {"type": "Feature", "properties": {"code": "8.5", "name": "MISSISSIPPI ALLUVIAL AND SOUTHEAST USA COASTAL PLAINS"}, "geometry": {"type": "Polygon", "coordinates": [[[-70.6775454541894, 41.515363635781014], [-70.68879090764733, 41.50475454546544], [-70.70088181836955, 41.510936362663855], [-70.69830909090527, 41.51415454601998], [-70.6775454541894, 41.515363635781014]]]}}, {"type": "Feature", "properties": {"code": "8.5", "name": "MISSISSIPPI ALLUVIAL AND SOUTHEAST USA COASTAL PLAINS"}, "geometry": {"type": "Polygon", "coordinates": [[[-70.69849090952317, 41.5067272728141], [-70.70030000028865, 41.509272727254356], [-70.69941818160592, 41.50945454487109], [-70.69849090952317, 41.5067272728141]]]}}, {"type": "Feature", "properties": {"code": "8.5", "name": "MISSISSIPPI ALLUVIAL AND SOUTHEAST USA COASTAL PLAINS"}, "geometry": {"type": "Polygon", "coordinates": [[[-70.69924545483023, 41.5215909092291], [-70.70600909028175, 41.51268181828799], [-70.7107636360652, 41.51799999970029], [-70.69924545483023, 41.5215909092291]]]}}, {"type": "Feature", "properties": {"code": "8.5", "name": "MISSISSIPPI ALLUVIAL AND SOUTHEAST USA COASTAL PLAINS"}, "geometry": {"type": "Polygon", "coordinates": [[[-70.71089090899224, 41.51429090863947], [-70.71069090925972, 41.492199999824145], [-70.80590909099122, 41.450400000021055], [-70.78706363571308, 41.47760000038928], [-70.71089090899224, 41.51429090863947]]]}}, {"type": "Feature", "properties": {"code": "8.5", "name": "MISSISSIPPI ALLUVIAL AND SOUTHEAST USA COASTAL PLAINS"}, "geometry": {"type": "Polygon", "coordinates": [[[-70.81188181790282, 41.26494545535977], [-70.80442727298734, 41.24899999970455], [-70.83288181823521, 41.25841818169102], [-70.81188181790282, 41.26494545535977]]]}}, {"type": "Feature", "properties": {"code": "8.5", "name": "MISSISSIPPI ALLUVIAL AND SOUTHEAST USA COASTAL PLAINS"}, "geometry": {"type": "Polygon", "coordinates": [[[-70.83829090886626, 41.456200000302644], [-70.80909090958845, 41.44376363553561], [-70.84168181904971, 41.44848181830837], [-70.83829090886626, 41.456200000302644]]]}}, {"type": "Feature", "properties": {"code": "8.5", "name": "MISSISSIPPI ALLUVIAL AND SOUTHEAST USA COASTAL PLAINS"}, "geometry": {"type": "Polygon", "coordinates": [[[-70.84174545498766, 41.59651818211873], [-70.81586363735516, 41.59201818196184], [-70.82145454526741, 41.582036363753666], [-70.84174545498766, 41.59651818211873]]]}}, {"type": "Feature", "properties": {"code": "8.5", "name": "MISSISSIPPI ALLUVIAL AND SOUTHEAST USA COASTAL PLAINS"}, "geometry": {"type": "Polygon", "coordinates": [[[-70.85556363617452, 41.449463636087025], [-70.85716363663929, 41.42628181772857], [-70.90616363609008, 41.42449999982493], [-70.90097272753394, 41.43441818185678], [-70.85556363617452, 41.449463636087025]]]}}, {"type": "Feature", "properties": {"code": "8.5", "name": "MISSISSIPPI ALLUVIAL AND SOUTHEAST USA COASTAL PLAINS"}, "geometry": {"type": "Polygon", "coordinates": [[[-70.92801818217617, 41.43177272670133], [-70.93200000051513, 41.424727272842446], [-70.90811818163108, 41.4237181817581], [-70.90717272734834, 41.42138181801591], [-70.92276363698267, 41.42282727332185], [-70.9340545454435, 41.41306363630795], [-70.94838181887607, 41.40967272703193], [-70.95093636234665, 41.412181818205596], [-70.92801818217617, 41.43177272670133]]]}}, {"type": "Feature", "properties": {"code": "8.5", "name": "MISSISSIPPI ALLUVIAL AND SOUTHEAST USA COASTAL PLAINS"}, "geometry": {"type": "Polygon", "coordinates": [[[-71.57317272720842, 41.22750000009597], [-71.55539090922326, 41.21649090935837], [-71.56611818163188, 41.1846363634464], [-71.54523636407686, 41.157190908681905], [-71.60009999943878, 41.14704545523353], [-71.61044545526991, 41.16960000018444], [-71.59315454576739, 41.199399999531906], [-71.57198181804098, 41.18163636362151], [-71.57508181840288, 41.20223636321128], [-71.5884636371081, 41.19807272844172], [-71.57317272720842, 41.22750000009597]]]}}, {"type": "Feature", "properties": {"code": "8.5", "name": "MISSISSIPPI ALLUVIAL AND SOUTHEAST USA COASTAL PLAINS"}, "geometry": {"type": "Polygon", "coordinates": [[[-71.92275454445127, 41.291536363929985], [-71.99766363707063, 41.254554545848535], [-72.03849999984581, 41.24985454619912], [-72.02118181843583, 41.27574545466198], [-72.00788181811374, 41.25871818184285], [-71.99092727268318, 41.28126363580251], [-71.92275454445127, 41.291536363929985]]]}}, {"type": "Feature", "properties": {"code": "8.5", "name": "MISSISSIPPI ALLUVIAL AND SOUTHEAST USA COASTAL PLAINS"}, "geometry": {"type": "Polygon", "coordinates": [[[-72.13063636333301, 41.12400909119908], [-72.07754545484676, 41.099718181889514], [-72.09901818228258, 41.046818182464804], [-72.10645454632292, 41.090036364199655], [-72.14279999956321, 41.09634545474807], [-72.11579090930208, 41.1080363634195], [-72.1317999995388, 41.10483636401218], [-72.13063636333301, 41.12400909119908]]]}}, {"type": "Feature", "properties": {"code": "8.5", "name": "MISSISSIPPI ALLUVIAL AND SOUTHEAST USA COASTAL PLAINS"}, "geometry": {"type": "Polygon", "coordinates": [[[-72.16161818110017, 41.190300000321855], [-72.19806363682589, 41.164681818954996], [-72.21236363750907, 41.17390909111097], [-72.19046363601866, 41.18815454500063], [-72.16161818110017, 41.190300000321855]]]}}, {"type": "Feature", "properties": {"code": "8.5", "name": "MISSISSIPPI ALLUVIAL AND SOUTHEAST USA COASTAL PLAINS"}, "geometry": {"type": "Polygon", "coordinates": [[[-72.33502727281906, 41.1071090907453], [-72.27703636453286, 41.07797272714928], [-72.30527272703242, 41.073600000378384], [-72.32343636285127, 41.089254544789526], [-72.31350909072154, 41.063518181551395], [-72.28308181759463, 41.06899999986749], [-72.26999999948482, 41.025936362860236], [-72.31010000052443, 41.05409090888793], [-72.35069090878073, 41.04807272740805], [-72.3564454547587, 41.05762727195859], [-72.35275454468437, 41.062854545974616], [-72.35599090925791, 41.06566363675914], [-72.36451818204524, 41.066445454050985], [-72.36724545448351, 41.06136363668228], [-72.34367272717718, 41.041836363698025], [-72.37352727215463, 41.05181818180455], [-72.38395454645712, 41.07174545377925], [-72.34354545384578, 41.08462727325425], [-72.33502727281906, 41.1071090907453]]]}}, {"type": "Feature", "properties": {"code": "8.5", "name": "MISSISSIPPI ALLUVIAL AND SOUTHEAST USA COASTAL PLAINS"}, "geometry": {"type": "Polygon", "coordinates": [[[-72.47102727249556, 40.98494545416025], [-72.45900000042282, 40.976372727334955], [-72.4517272728836, 40.95639090918551], [-72.46771818232915, 40.96756363753782], [-72.47191818084886, 40.97691818234479], [-72.47102727249556, 40.98494545416025]]]}}, {"type": "Feature", "properties": {"code": "8.5", "name": "MISSISSIPPI ALLUVIAL AND SOUTHEAST USA COASTAL PLAINS"}, "geometry": {"type": "Polygon", "coordinates": [[[-72.4789181818105, 40.84346363671307], [-72.48150000048048, 40.840554546033744], [-72.75305454541362, 40.763190908730635], [-72.49982727334186, 40.84304545449052], [-72.4789181818105, 40.84346363671307]]]}}, {"type": "Feature", "properties": {"code": "8.5", "name": "MISSISSIPPI ALLUVIAL AND SOUTHEAST USA COASTAL PLAINS"}, "geometry": {"type": "Polygon", "coordinates": [[[-72.56359999988778, 40.82025454504154], [-72.56528181787831, 40.821009090561056], [-72.56445454501292, 40.82130909067532], [-72.56359999988778, 40.82025454504154]]]}}, {"type": "Feature", "properties": {"code": "8.5", "name": "MISSISSIPPI ALLUVIAL AND SOUTHEAST USA COASTAL PLAINS"}, "geometry": {"type": "Polygon", "coordinates": [[[-72.56675454564082, 40.90586363564476], [-72.56697272712368, 40.9057363631955], [-72.56713636295723, 40.90589090895295], [-72.56675454564082, 40.90586363564476]]]}}, {"type": "Feature", "properties": {"code": "8.5", "name": "MISSISSIPPI ALLUVIAL AND SOUTHEAST USA COASTAL PLAINS"}, "geometry": {"type": "Polygon", "coordinates": [[[-72.75519999987142, 40.76896363553823], [-72.76540909097447, 40.758954544902906], [-73.06067272641367, 40.66497272817407], [-73.24999090864958, 40.620181817901326], [-73.30578181871475, 40.620427272787204], [-73.31217272706445, 40.624500000254976], [-73.05375454482805, 40.669063636003536], [-72.75519999987142, 40.76896363553823]]]}}, {"type": "Feature", "properties": {"code": "8.5", "name": "MISSISSIPPI ALLUVIAL AND SOUTHEAST USA COASTAL PLAINS"}, "geometry": {"type": "Polygon", "coordinates": [[[-72.90950000020051, 40.72490909150854], [-72.90955454492416, 40.72467272706176], [-72.90961818162732, 40.724900000025954], [-72.90950000020051, 40.72490909150854]]]}}, {"type": "Feature", "properties": {"code": "8.5", "name": "MISSISSIPPI ALLUVIAL AND SOUTHEAST USA COASTAL PLAINS"}, "geometry": {"type": "Polygon", "coordinates": [[[-73.07106363556507, 40.73193636373936], [-73.073209091383, 40.73188181829485], [-73.07107272730072, 40.73238181786509], [-73.07106363556507, 40.73193636373936]]]}}, {"type": "Feature", "properties": {"code": "8.5", "name": "MISSISSIPPI ALLUVIAL AND SOUTHEAST USA COASTAL PLAINS"}, "geometry": {"type": "Polygon", "coordinates": [[[-73.19997272732017, 40.64989090931977], [-73.19223636456789, 40.658027272151045], [-73.18874545518891, 40.655145455048945], [-73.19997272732017, 40.64989090931977]]]}}, {"type": "Feature", "properties": {"code": "8.5", "name": "MISSISSIPPI ALLUVIAL AND SOUTHEAST USA COASTAL PLAINS"}, "geometry": {"type": "Polygon", "coordinates": [[[-73.23074545344109, 40.72540909097068], [-73.23091818161866, 40.725518182053975], [-73.23070000038112, 40.72556363571541], [-73.23074545344109, 40.72540909097068]]]}}, {"type": "Feature", "properties": {"code": "8.5", "name": "MISSISSIPPI ALLUVIAL AND SOUTHEAST USA COASTAL PLAINS"}, "geometry": {"type": "Polygon", "coordinates": [[[-73.23223636350441, 40.7227818178686], [-73.23247272759066, 40.72296363619544], [-73.2321363627142, 40.72298181766803], [-73.23223636350441, 40.7227818178686]]]}}, {"type": "Feature", "properties": {"code": "8.5", "name": "MISSISSIPPI ALLUVIAL AND SOUTHEAST USA COASTAL PLAINS"}, "geometry": {"type": "Polygon", "coordinates": [[[-73.25029999989239, 40.64035454600478], [-73.30978181833807, 40.63929090945857], [-73.5758090897305, 40.57310909060138], [-73.49986363664122, 40.61384545377525], [-73.48913636436151, 40.607763637225766], [-73.50219999953778, 40.59875454510048], [-73.48234545466025, 40.600236363904465], [-73.3154818196514, 40.64930909074091], [-73.25029999989239, 40.64035454600478]]]}}, {"type": "Feature", "properties": {"code": "8.5", "name": "MISSISSIPPI ALLUVIAL AND SOUTHEAST USA COASTAL PLAINS"}, "geometry": {"type": "Polygon", "coordinates": [[[-73.27354545435253, 40.65470000030642], [-73.27322727299644, 40.65452727328799], [-73.27418181844439, 40.65453636319097], [-73.27354545435253, 40.65470000030642]]]}}, {"type": "Feature", "properties": {"code": "8.5", "name": "MISSISSIPPI ALLUVIAL AND SOUTHEAST USA COASTAL PLAINS"}, "geometry": {"type": "Polygon", "coordinates": [[[-73.27439090885511, 40.65488181827376], [-73.2757909087883, 40.65402727323063], [-73.27650000033894, 40.654272726774245], [-73.27439090885511, 40.65488181827376]]]}}, {"type": "Feature", "properties": {"code": "8.5", "name": "MISSISSIPPI ALLUVIAL AND SOUTHEAST USA COASTAL PLAINS"}, "geometry": {"type": "Polygon", "coordinates": [[[-73.27634545528815, 40.65396363743466], [-73.25180909008114, 40.64522727330806], [-73.27950909088335, 40.64613636291151], [-73.27634545528815, 40.65396363743466]]]}}, {"type": "Feature", "properties": {"code": "8.5", "name": "MISSISSIPPI ALLUVIAL AND SOUTHEAST USA COASTAL PLAINS"}, "geometry": {"type": "Polygon", "coordinates": [[[-73.30569090942957, 40.643354546399436], [-73.2893272728387, 40.64378181810743], [-73.29846363646698, 40.6411636370417], [-73.30569090942957, 40.643354546399436]]]}}, {"type": "Feature", "properties": {"code": "8.5", "name": "MISSISSIPPI ALLUVIAL AND SOUTHEAST USA COASTAL PLAINS"}, "geometry": {"type": "Polygon", "coordinates": [[[-73.3374749315672, 40.64576050314983], [-73.35272160247715, 40.636283857801324], [-73.36465774245688, 40.640651490174044], [-73.35607043464388, 40.64562102385181], [-73.3374749315672, 40.64576050314983]]]}}, {"type": "Feature", "properties": {"code": "8.5", "name": "MISSISSIPPI ALLUVIAL AND SOUTHEAST USA COASTAL PLAINS"}, "geometry": {"type": "Polygon", "coordinates": [[[-73.35714709108572, 40.639179773062345], [-73.36147644158163, 40.63347627705402], [-73.36873981910837, 40.63904954208781], [-73.35714709108572, 40.639179773062345]]]}}, {"type": "Feature", "properties": {"code": "8.5", "name": "MISSISSIPPI ALLUVIAL AND SOUTHEAST USA COASTAL PLAINS"}, "geometry": {"type": "Polygon", "coordinates": [[[-73.37436363598671, 40.62922727258464], [-73.37503636349898, 40.62854545498164], [-73.37500000033866, 40.62923636339689], [-73.37436363598671, 40.62922727258464]]]}}, {"type": "Feature", "properties": {"code": "8.5", "name": "MISSISSIPPI ALLUVIAL AND SOUTHEAST USA COASTAL PLAINS"}, "geometry": {"type": "Polygon", "coordinates": [[[-73.40059717300079, 40.633249638663166], [-73.40824110417533, 40.6232538224264], [-73.41373460282288, 40.63229774496345], [-73.40059717300079, 40.633249638663166]]]}}, {"type": "Feature", "properties": {"code": "8.5", "name": "MISSISSIPPI ALLUVIAL AND SOUTHEAST USA COASTAL PLAINS"}, "geometry": {"type": "Polygon", "coordinates": [[[-73.44159833725382, 40.63321142014025], [-73.44324309335285, 40.63656281568852], [-73.4404460747252, 40.63703255673673], [-73.44159833725382, 40.63321142014025]]]}}, {"type": "Feature", "properties": {"code": "8.5", "name": "MISSISSIPPI ALLUVIAL AND SOUTHEAST USA COASTAL PLAINS"}, "geometry": {"type": "Polygon", "coordinates": [[[-73.47051165341634, 40.62467359709732], [-73.48281703980108, 40.61334002621379], [-73.49763605000466, 40.61535334358789], [-73.47051165341634, 40.62467359709732]]]}}, {"type": "Feature", "properties": {"code": "8.5", "name": "MISSISSIPPI ALLUVIAL AND SOUTHEAST USA COASTAL PLAINS"}, "geometry": {"type": "Polygon", "coordinates": [[[-73.54418181885286, 40.65284545516853], [-73.58540909140994, 40.626627273222766], [-73.58672727237156, 40.63467272741401], [-73.5891636356732, 40.639781817885066], [-73.59784545418518, 40.62149999965958], [-73.62268181832015, 40.632509091293336], [-73.61770000049441, 40.620372727256196], [-73.64209090938778, 40.616863636322925], [-73.65429090924736, 40.59583636372416], [-73.65803636327395, 40.63440909099318], [-73.66422727242617, 40.622572726655434], [-73.69199090889853, 40.63778181806325], [-73.68769090891594, 40.62392727310795], [-73.70784545500855, 40.61694545533319], [-73.71373636311671, 40.60137272744132], [-73.68817272778983, 40.59290000029155], [-73.73464545417598, 40.59660909112165], [-73.73430000006086, 40.60069999980583], [-73.72779090929218, 40.60436363580392], [-73.72742727298225, 40.608000000083166], [-73.73708181857333, 40.60180909094186], [-73.73579999954276, 40.59472727265927], [-73.94061818259495, 40.54174545469463], [-73.9271909095632, 40.56153636311832], [-73.7899090916919, 40.59479090873588], [-73.77858181845154, 40.609700000385274], [-73.78124545456879, 40.59769090875766], [-73.76809090851604, 40.59784545474429], [-73.77345454653499, 40.613636364141726], [-73.75469090875532, 40.61034545365365], [-73.77052727274946, 40.61682727336402], [-73.74292727301112, 40.630736363616066], [-73.7436090916206, 40.638836362834915], [-73.75462727314452, 40.64812727329133], [-73.74944545464508, 40.63514545464945], [-73.78523636294668, 40.62120000039698], [-73.82137272685362, 40.6491818177448], [-73.81119090888193, 40.66070909087998], [-73.83304545561077, 40.64795454485166], [-73.83900908982802, 40.662336362557554], [-73.83613636342889, 40.64539090925989], [-73.8602999999485, 40.65567272666392], [-73.89301818145748, 40.623290909978856], [-73.91766363757304, 40.63141818072331], [-73.88946363562371, 40.61141818169082], [-73.91944545374004, 40.6075636372107], [-73.88385454556025, 40.605436363740175], [-73.87971818166146, 40.58018181901461], [-74.01303636372566, 40.5778363629503], [-73.98733636333795, 40.579227272149495], [-74.00045454499586, 40.58706363736614], [-73.98479911413206, 40.59544259447994], [-73.94280269475912, 40.58902419791205], [-73.92229834351876, 40.63217914687855], [-73.82351203361337, 40.673654604772175], [-73.74625260263944, 40.66590455783182], [-73.69131964048498, 40.64191254911948], [-73.5010689916146, 40.66020468997299], [-73.47559867630784, 40.722437409121426], [-73.33858568282147, 40.84176628158026], [-73.15828161227871, 40.859941726387376], [-73.08595448068505, 40.89276203562478], [-73.058316881365, 40.92798997764732], [-72.98597387279806, 40.94296690459959], [-72.87822011938971, 40.94047347407141], [-72.62150336856023, 40.972101763276214], [-72.47310000081269, 41.055045453730514], [-72.44674545421728, 41.08549090922644], [-72.39530000029927, 41.09708181777468], [-72.35393636340623, 41.13985454629365], [-72.28773636382014, 41.157000000391115], [-72.22992727359978, 41.16170909081794], [-72.26069090955995, 41.128672727927054], [-72.30678181741379, 41.109818181099335], [-72.2590454549151, 41.1365545451663], [-72.28097272779638, 41.147209090805454], [-72.28337272680297, 41.12661818189237], [-72.31708181841203, 41.139690909356375], [-72.34760909073009, 41.103563636169795], [-72.37940000109418, 41.09179999990255], [-72.37565454553196, 41.078618182034376], [-72.40492727309257, 41.07563636355715], [-72.41534545421081, 41.05203636394093], [-72.3834636359718, 41.04984545441576], [-72.38661818223922, 41.03300000031297], [-72.44601818212988, 41.02512727286472], [-72.42943636343819, 40.97844545508753], [-72.45993636287957, 41.00865454481215], [-72.47051818168515, 40.98972727303145], [-72.53318181811825, 40.97614545460348], [-72.5758909093319, 40.933681818696186], [-72.61869999972522, 40.93911818150978], [-72.63184545355749, 40.932036364276314], [-72.61460909046073, 40.92652727303657], [-72.63953636315195, 40.916099999795414], [-72.63340908971699, 40.9155727268932], [-72.62707272683235, 40.918854545184054], [-72.61276363696831, 40.91946363641363], [-72.6270000005446, 40.91089090901152], [-72.60142727302214, 40.91528181943181], [-72.60131818167362, 40.90372727249722], [-72.60038181777337, 40.91653636263184], [-72.56468181934267, 40.896790909319776], [-72.56886363570159, 40.917890909352025], [-72.47745454440374, 40.89824545515019], [-72.4508000000444, 40.91701818165533], [-72.44238181926487, 40.94580909087136], [-72.40738181933663, 40.9503727271192], [-72.38647272744498, 40.97266363721163], [-72.37136363627832, 40.996027273271324], [-72.37707272744744, 41.02125454528749], [-72.36662727307909, 40.99575454467763], [-72.3293636358686, 40.99552727334047], [-72.3163272727873, 41.01000000000532], [-72.33263636263838, 41.03307272674441], [-72.31337465436344, 41.04079241711759], [-72.29902727211393, 41.003600000472794], [-72.2528545448034, 41.01253636356958], [-72.25623636370054, 41.00328181745568], [-72.25407272698288, 40.9976909089388], [-72.2564545464105, 40.99643636408652], [-72.25672727267927, 40.99441818198513], [-72.25528181867487, 40.993890909060596], [-72.23917272828139, 41.03499090910282], [-72.26141818139224, 41.04144545518003], [-72.19210909115158, 41.03265454489491], [-72.15925454631476, 41.053554544760644], [-72.10436363545054, 40.99083636286809], [-72.05854545553703, 41.01306363604997], [-72.06380909079832, 40.9985636368879], [-72.04115454538837, 41.00174545394801], [-72.05562727343651, 41.02239090911945], [-72.02172727298979, 41.02164545378299], [-71.99227272730144, 41.047854545284395], [-71.96257272651765, 41.043290908869466], [-71.95683636396792, 41.07289999984602], [-71.90185454589238, 41.08610909133139], [-71.8561454555811, 41.071063636863215], [-71.90193636358946, 41.040190909179856], [-72.4746545455155, 40.838109091176406], [-72.41307272670367, 40.86333636326238], [-72.41283636276303, 40.872054544561344], [-72.42279999910603, 40.881690909200465], [-72.42635454581989, 40.86075454589875], [-72.4357909088048, 40.88495454627438], [-72.50122727260614, 40.88492727321478], [-72.49078181912107, 40.87180000126755], [-72.50144545515754, 40.84610909137354], [-72.52683636405075, 40.862009091048314], [-72.51975454507708, 40.84569999973964], [-72.53679999945022, 40.85158181830192], [-72.52910909153215, 40.85774545373117], [-72.54169090859402, 40.868299999611814], [-72.55064545558143, 40.83802727211392], [-72.57200000021976, 40.85015454618892], [-72.57402727194835, 40.83017272711596], [-72.59007272815805, 40.830699999807], [-72.58031818173329, 40.821045455239286], [-72.59514545508345, 40.822381818380926], [-72.58551818086337, 40.81432727174454], [-72.60926363584665, 40.806563637077076], [-72.62360000030064, 40.82289090913528], [-72.62618181812118, 40.80238181786767], [-72.64513636399383, 40.79706363585238], [-72.65819090927363, 40.809200000244026], [-72.71008181892913, 40.799099999978246], [-72.72355454503067, 40.81596363678724], [-72.7325636361808, 40.79993636427404], [-72.75404545472387, 40.80165454604109], [-72.75344545442871, 40.79540909095235], [-72.74695454585806, 40.794554544692794], [-72.74517272825518, 40.78739999997378], [-72.76315454634279, 40.79669090916901], [-72.76467272672257, 40.7907181822318], [-72.75998181808112, 40.789372726948734], [-72.75319090929185, 40.7850454538473], [-72.75321818216412, 40.78349090859116], [-72.7903636364515, 40.784309091390305], [-72.78519999938145, 40.79555454523027], [-72.80230909145946, 40.784472727251355], [-72.79475454603443, 40.79950909100971], [-72.80613636419305, 40.784681817593935], [-72.80529090867569, 40.799263637247755], [-72.80742727323917, 40.777181818339606], [-72.81408181865235, 40.79958181749832], [-72.81985454597731, 40.786009089623086], [-72.83225454587495, 40.80243636338307], [-72.83837272787918, 40.786918182409416], [-72.8112818184202, 40.764536363482], [-72.8404999994341, 40.75208181915197], [-72.85090909093486, 40.76247272729216], [-72.84562727260878, 40.747081818455136], [-72.86963636434714, 40.752327272731975], [-72.87407272742563, 40.7372818180752], [-72.88820000059512, 40.762954545061454], [-72.923936363193, 40.76404545392764], [-72.94484545459986, 40.7405272726923], [-72.99723636285314, 40.74841818189469], [-72.99577272656761, 40.75942727277381], [-72.99859090933165, 40.759927272466584], [-72.99786363537427, 40.74703636401651], [-73.0159090907036, 40.747027273352764], [-73.01952727321176, 40.76069999973485], [-73.03448181863803, 40.73055454488005], [-73.06963636413839, 40.724563636132494], [-73.06730909076383, 40.72742727252303], [-73.07090908968681, 40.726463637205185], [-73.07103636329008, 40.73487272815167], [-73.07274545493235, 40.73580000037821], [-73.07370909075257, 40.73019999964957], [-73.06980909081152, 40.72381818182965], [-73.08955454506837, 40.721518182026344], [-73.08998181865297, 40.7299454537234], [-73.09047272742421, 40.726590909178796], [-73.09097272665694, 40.730136363002785], [-73.09148181633228, 40.73091818226982], [-73.09171818209882, 40.73089090886048], [-73.10413636353071, 40.71869090878965], [-73.12548181852324, 40.72761818204997], [-73.13028181815069, 40.73242727322966], [-73.12891818161303, 40.732845453817035], [-73.12774545526645, 40.738236364295894], [-73.13018181815572, 40.73914545387534], [-73.13228181827681, 40.73310909079527], [-73.12557272756315, 40.72527272814176], [-73.15339090859777, 40.72677272656014], [-73.15772727169355, 40.73559090917882], [-73.14621818134447, 40.74624545422433], [-73.15008181805914, 40.74692727321572], [-73.16311818144895, 40.73413636412877], [-73.15586363708535, 40.725372727179554], [-73.13498181768112, 40.717854544652944], [-73.14892727170677, 40.69868181838828], [-73.18130909062137, 40.70312727314302], [-73.1862545461108, 40.70594545441967], [-73.1790454543658, 40.71081818242165], [-73.18269999993956, 40.715327272522124], [-73.22321818096782, 40.707481817636584], [-73.2203727264839, 40.72126363578095], [-73.22470909120379, 40.727963636270836], [-73.27758181853348, 40.684518182117664], [-73.31819090924395, 40.69534545424231], [-73.3229909097018, 40.68038181874258], [-73.32858181745198, 40.69484545486133], [-73.33298181953396, 40.676345453995516], [-73.3484999999499, 40.68220000044947], [-73.34817272839328, 40.66915454631694], [-73.37971818140737, 40.658490909242815], [-73.40044545348405, 40.655099999831826], [-73.40490909044483, 40.65774545527639], [-73.40378181745254, 40.66300909113208], [-73.40389091008453, 40.667563636118686], [-73.40484545357538, 40.667672726615265], [-73.40842727261862, 40.65485454605377], [-73.41356363605286, 40.67000909139817], [-73.43024545423008, 40.65030909047976], [-73.48386363594004, 40.65199090927346], [-73.50178181839347, 40.624218182129134], [-73.51396363590472, 40.64732727312376], [-73.53203636355879, 40.63850909099105], [-73.54418181885286, 40.65284545516853]]]}}, {"type": "Feature", "properties": {"code": "8.5", "name": "MISSISSIPPI ALLUVIAL AND SOUTHEAST USA COASTAL PLAINS"}, "geometry": {"type": "Polygon", "coordinates": [[[-73.54889949560551, 40.61644171706211], [-73.53137590966271, 40.603105264865896], [-73.55342185261301, 40.61147089753805], [-73.54889949560551, 40.61644171706211]]]}}, {"type": "Feature", "properties": {"code": "8.5", "name": "MISSISSIPPI ALLUVIAL AND SOUTHEAST USA COASTAL PLAINS"}, "geometry": {"type": "Polygon", "coordinates": [[[-73.55552831712906, 40.60981204116374], [-73.56294246373703, 40.60002625321838], [-73.5684406166412, 40.606654316074206], [-73.55552831712906, 40.60981204116374]]]}}, {"type": "Feature", "properties": {"code": "8.5", "name": "MISSISSIPPI ALLUVIAL AND SOUTHEAST USA COASTAL PLAINS"}, "geometry": {"type": "Polygon", "coordinates": [[[-73.57355697667435, 40.62334488720764], [-73.55447871546515, 40.61845985723612], [-73.5549040011226, 40.615870170220674], [-73.57355697667435, 40.62334488720764]]]}}, {"type": "Feature", "properties": {"code": "8.5", "name": "MISSISSIPPI ALLUVIAL AND SOUTHEAST USA COASTAL PLAINS"}, "geometry": {"type": "Polygon", "coordinates": [[[-73.574637266345, 40.59748678684367], [-73.58356641808757, 40.60419878327572], [-73.57110298405213, 40.604696306616454], [-73.574637266345, 40.59748678684367]]]}}, {"type": "Feature", "properties": {"code": "8.5", "name": "MISSISSIPPI ALLUVIAL AND SOUTHEAST USA COASTAL PLAINS"}, "geometry": {"type": "Polygon", "coordinates": [[[-73.57626363551178, 40.59479090917273], [-73.58530000034658, 40.58455454652576], [-73.75506363593632, 40.58235454556035], [-73.74292727244632, 40.59276363589889], [-73.57626363551178, 40.59479090917273]]]}}, {"type": "Feature", "properties": {"code": "8.5", "name": "MISSISSIPPI ALLUVIAL AND SOUTHEAST USA COASTAL PLAINS"}, "geometry": {"type": "Polygon", "coordinates": [[[-73.61001349891765, 40.611953461729904], [-73.60457128094355, 40.602243559632015], [-73.61293233355588, 40.59771394189405], [-73.61001349891765, 40.611953461729904]]]}}, {"type": "Feature", "properties": {"code": "8.5", "name": "MISSISSIPPI ALLUVIAL AND SOUTHEAST USA COASTAL PLAINS"}, "geometry": {"type": "Polygon", "coordinates": [[[-73.66895454487516, 40.60446363683235], [-73.66223636374173, 40.59709090859348], [-73.66396363565825, 40.59665454616892], [-73.66895454487516, 40.60446363683235]]]}}, {"type": "Feature", "properties": {"code": "8.5", "name": "MISSISSIPPI ALLUVIAL AND SOUTHEAST USA COASTAL PLAINS"}, "geometry": {"type": "Polygon", "coordinates": [[[-73.6722021395631, 40.60876145081509], [-73.67064935531481, 40.59628918620848], [-73.67866428151103, 40.598351459775174], [-73.6722021395631, 40.60876145081509]]]}}, {"type": "Feature", "properties": {"code": "8.5", "name": "MISSISSIPPI ALLUVIAL AND SOUTHEAST USA COASTAL PLAINS"}, "geometry": {"type": "Polygon", "coordinates": [[[-73.82054545443938, 40.61026363592871], [-73.82137272753721, 40.60853636309504], [-73.82186363606178, 40.60854545487536], [-73.82054545443938, 40.61026363592871]]]}}, {"type": "Feature", "properties": {"code": "8.5", "name": "MISSISSIPPI ALLUVIAL AND SOUTHEAST USA COASTAL PLAINS"}, "geometry": {"type": "Polygon", "coordinates": [[[-73.82171818166817, 40.61000000001168], [-73.82200908997346, 40.609927272865136], [-73.82174545376557, 40.61010909081963], [-73.82171818166817, 40.61000000001168]]]}}, {"type": "Feature", "properties": {"code": "8.5", "name": "MISSISSIPPI ALLUVIAL AND SOUTHEAST USA COASTAL PLAINS"}, "geometry": {"type": "Polygon", "coordinates": [[[-73.82207272718843, 40.610172727110616], [-73.82215454592853, 40.60963636391527], [-73.82250909189945, 40.60996363562044], [-73.82207272718843, 40.610172727110616]]]}}, {"type": "Feature", "properties": {"code": "8.5", "name": "MISSISSIPPI ALLUVIAL AND SOUTHEAST USA COASTAL PLAINS"}, "geometry": {"type": "Polygon", "coordinates": [[[-73.8237181821487, 40.639854544654526], [-73.81534545337703, 40.606936364084795], [-73.82119999943055, 40.59470909087704], [-73.83282727254661, 40.594636364300214], [-73.8207454537008, 40.60268181755023], [-73.83822727256043, 40.615718182059815], [-73.8237181821487, 40.639854544654526]]]}}, {"type": "Feature", "properties": {"code": "8.5", "name": "MISSISSIPPI ALLUVIAL AND SOUTHEAST USA COASTAL PLAINS"}, "geometry": {"type": "Polygon", "coordinates": [[[-73.83251818247122, 40.60973636407254], [-73.83129090942107, 40.605499999915295], [-73.83565454588245, 40.605418181754466], [-73.83251818247122, 40.60973636407254]]]}}, {"type": "Feature", "properties": {"code": "8.5", "name": "MISSISSIPPI ALLUVIAL AND SOUTHEAST USA COASTAL PLAINS"}, "geometry": {"type": "Polygon", "coordinates": [[[-73.84249090914167, 40.63155454543174], [-73.84070909105196, 40.62509090931667], [-73.84430909063344, 40.62969090911104], [-73.84249090914167, 40.63155454543174]]]}}, {"type": "Feature", "properties": {"code": "8.5", "name": "MISSISSIPPI ALLUVIAL AND SOUTHEAST USA COASTAL PLAINS"}, "geometry": {"type": "Polygon", "coordinates": [[[-73.99182727179665, 40.42348181781262], [-73.99237272676244, 40.420209091202494], [-73.99487272670979, 40.41880909052573], [-73.99492727337558, 40.421809091313506], [-73.99326363746053, 40.42368181811527], [-73.99182727179665, 40.42348181781262]]]}}, {"type": "Feature", "properties": {"code": "8.5", "name": "MISSISSIPPI ALLUVIAL AND SOUTHEAST USA COASTAL PLAINS"}, "geometry": {"type": "Polygon", "coordinates": [[[-74.07242727268995, 40.000427272121044], [-74.06712727267796, 39.9935909093053], [-74.0738000005615, 39.99342727288073], [-74.07242727268995, 40.000427272121044]]]}}, {"type": "Feature", "properties": {"code": "8.5", "name": "MISSISSIPPI ALLUVIAL AND SOUTHEAST USA COASTAL PLAINS"}, "geometry": {"type": "Polygon", "coordinates": [[[-74.11794545502897, 39.77058181828548], [-74.11549090815771, 39.75028181863856], [-74.10600909069167, 39.76446363611573], [-74.09494545432881, 39.75843636424243], [-74.13984545491576, 39.69121818165662], [-74.23807272857117, 39.55749999970694], [-74.28671818105049, 39.506681818455675], [-74.30250909097016, 39.50265454487806], [-74.13999090943463, 39.6970363631269], [-74.11794545502897, 39.77058181828548]]]}}, {"type": "Feature", "properties": {"code": "8.5", "name": "MISSISSIPPI ALLUVIAL AND SOUTHEAST USA COASTAL PLAINS"}, "geometry": {"type": "Polygon", "coordinates": [[[-74.1855181808941, 39.7435999998182], [-74.16366363587407, 39.73693636397996], [-74.17546363597727, 39.73457272673064], [-74.16539090962677, 39.719536363722014], [-74.18459090861012, 39.72359090912805], [-74.1855181808941, 39.7435999998182]]]}}, {"type": "Feature", "properties": {"code": "8.5", "name": "MISSISSIPPI ALLUVIAL AND SOUTHEAST USA COASTAL PLAINS"}, "geometry": {"type": "Polygon", "coordinates": [[[-74.18832727255263, 39.65632727318438], [-74.18649090930462, 39.65435454597737], [-74.18919090899435, 39.654745455173966], [-74.18832727255263, 39.65632727318438]]]}}, {"type": "Feature", "properties": {"code": "8.5", "name": "MISSISSIPPI ALLUVIAL AND SOUTHEAST USA COASTAL PLAINS"}, "geometry": {"type": "Polygon", "coordinates": [[[-74.20122727278302, 39.66150909124021], [-74.19067272683786, 39.651027272926015], [-74.20169090972541, 39.64927272729429], [-74.20122727278302, 39.66150909124021]]]}}, {"type": "Feature", "properties": {"code": "8.5", "name": "MISSISSIPPI ALLUVIAL AND SOUTHEAST USA COASTAL PLAINS"}, "geometry": {"type": "Polygon", "coordinates": [[[-74.21104946391517, 40.58179184141451], [-74.21945454489473, 40.55964545478197], [-74.22813615314176, 40.561947392946905], [-74.21104946391517, 40.58179184141451]]]}}, {"type": "Feature", "properties": {"code": "8.5", "name": "MISSISSIPPI ALLUVIAL AND SOUTHEAST USA COASTAL PLAINS"}, "geometry": {"type": "Polygon", "coordinates": [[[-74.22978702968985, 40.56226161166617], [-74.23085454496868, 40.56250909077499], [-74.23108253687124, 40.56265565796573], [-74.22978702968985, 40.56226161166617]]]}}, {"type": "Feature", "properties": {"code": "8.5", "name": "MISSISSIPPI ALLUVIAL AND SOUTHEAST USA COASTAL PLAINS"}, "geometry": {"type": "Polygon", "coordinates": [[[-74.23320909134422, 40.561563636945124], [-74.25433636333658, 40.55004545481603], [-74.26383636448527, 40.50223636394941], [-74.28772727305622, 40.49638181830698], [-74.26127272639692, 40.464390909068186], [-74.20756363614706, 40.43528181838575], [-74.17989999979116, 40.458472727666404], [-74.15838181852057, 40.447145453818024], [-74.1446727268936, 40.45953636417665], [-73.98334545412352, 40.40294545425139], [-73.98234545346787, 40.38466363697096], [-74.0240545456398, 40.39468181811219], [-74.0167000016129, 40.38378181794249], [-74.07704545519081, 40.35760909091036], [-74.02288181840782, 40.377354544668805], [-73.97833636436206, 40.37516363755259], [-74.00903636428669, 40.34179090913873], [-74.02741818269993, 40.34750909073557], [-74.03425454463114, 40.33260909046921], [-74.0259818182614, 40.33825454544966], [-74.0131818184598, 40.33699090870386], [-74.02181818033404, 40.32430000016768], [-74.03144545494574, 40.324318181687886], [-74.04367272673062, 40.31998181778525], [-74.04614545493374, 40.31694545404893], [-73.9987909093224, 40.33086363664701], [-73.99758181737806, 40.31797272724231], [-74.00407272704341, 40.31606363574738], [-74.00080909071512, 40.314445453502245], [-74.00827272727092, 40.31068181802597], [-74.00807272679474, 40.30660000014259], [-73.99194545399509, 40.31640909078015], [-73.99592727187036, 40.32796363573751], [-73.98417272761631, 40.32180909112103], [-73.99819090907121, 40.33629090859704], [-73.97550000054586, 40.343736364191386], [-73.97447272663821, 40.369218181263115], [-73.97878181769886, 40.40607272672458], [-74.0194454536669, 40.47680909074582], [-73.99836363568305, 40.47621818132407], [-73.98278181870987, 40.44723636380554], [-73.97147272674876, 40.36234545469701], [-73.97610909018887, 40.30279999974102], [-74.06320909115041, 39.98080909064581], [-74.09436363549156, 39.76547272710613], [-74.11791818247383, 39.78320909090022], [-74.09597272761415, 39.78224545413245], [-74.10345454620123, 39.7986999997565], [-74.07960909061816, 39.92493636405091], [-74.0854272733879, 39.964554545249655], [-74.05945454609832, 40.009799999836936], [-74.06619090944757, 40.01289999964629], [-74.0501454538801, 40.044890909358], [-74.04715454561035, 40.065209089993054], [-74.04977272725203, 40.06807272723568], [-74.05239090888632, 40.069072727159586], [-74.10678181816697, 40.053836364491694], [-74.12180909111547, 40.06450909109319], [-74.12784545397648, 40.062054546267795], [-74.12960909162385, 40.06636363579906], [-74.1311545464779, 40.06491818217226], [-74.13252727255416, 40.06609999991247], [-74.13279999969888, 40.066236363008095], [-74.13318181915005, 40.06615454509552], [-74.12383636435739, 40.05612727347804], [-74.11980909122524, 40.056363635855774], [-74.13187272813838, 40.053409091169534], [-74.05643636412896, 40.040481818210935], [-74.08418181843858, 40.03011818219156], [-74.0865818183566, 40.012754546511005], [-74.13631818195678, 40.03655454464782], [-74.12561818183849, 40.02045454590714], [-74.14222727320417, 40.01850909142722], [-74.10624545560351, 40.01365454589099], [-74.10899999987417, 40.004099999511425], [-74.15062727245652, 40.00550909116398], [-74.13115454473139, 39.98393636393509], [-74.11560000095574, 39.994781818301675], [-74.11442727255275, 39.99430909101662], [-74.11063636409743, 39.967463635775104], [-74.12829090864005, 39.963036363805635], [-74.08376967922496, 39.941327201010004], [-74.19826363568919, 39.950181818228025], [-74.10587272712138, 39.92662727228914], [-74.14453636392379, 39.88723636305935], [-74.13092727347387, 39.87274545524294], [-74.16249091041398, 39.87016363569799], [-74.12855454535709, 39.859490909125604], [-74.1501181826662, 39.848399999792235], [-74.19301818253143, 39.76420909118458], [-74.19580909128491, 39.735709091225736], [-74.18293636321486, 39.71985454517633], [-74.16021818170337, 39.71405454512373], [-74.15880909088935, 39.71110909104866], [-74.18754545386412, 39.70525454530846], [-74.17374545452313, 39.698227271669296], [-74.20104545465834, 39.68438181782724], [-74.19012727174449, 39.67597272826213], [-74.21258181847853, 39.66942727308477], [-74.20735454594976, 39.67731818233966], [-74.20923636435309, 39.68114545481867], [-74.21856363654445, 39.6651454548738], [-74.21798181849222, 39.64486363578631], [-74.24962727340957, 39.644036364374806], [-74.2621272735843, 39.605690908948446], [-74.2832999998439, 39.61512727321598], [-74.33721818047714, 39.579490908842246], [-74.34168181881718, 39.564281819394516], [-74.29849090990257, 39.538809091058745], [-74.29981818125542, 39.51719090927568], [-74.3324000004816, 39.51059999979624], [-74.321572726645, 39.52197272689998], [-74.33497272696806, 39.54850909142721], [-74.39348181843255, 39.53835454509848], [-74.40414545529549, 39.56149090913724], [-74.41366363535664, 39.55062727321539], [-74.41797272757631, 39.56166363587854], [-74.44971818164046, 39.560599999451746], [-74.4566363636861, 39.547918182169624], [-74.46073636355752, 39.5582272717797], [-74.45583636329587, 39.54559090921148], [-74.44601818184964, 39.55701818166677], [-74.43937272741003, 39.537736363825125], [-74.4185090905156, 39.55535454518762], [-74.40875454459022, 39.50186363633943], [-74.3775363643842, 39.48281818179296], [-74.41892727203484, 39.475581817861524], [-74.39891818232512, 39.470509091508], [-74.39448181911594, 39.45806363563429], [-74.40886363627003, 39.461918182388295], [-74.41084545541278, 39.46126363705085], [-74.41002727359746, 39.45971818182738], [-74.41067272835983, 39.46000909113407], [-74.41141818223721, 39.46006363624823], [-74.41117272765095, 39.45809090926422], [-74.39202727254164, 39.443372726910695], [-74.41619091065832, 39.43613636271362], [-74.44434545485899, 39.45870909064349], [-74.46657272811844, 39.420990908986106], [-74.48122727309337, 39.42364545459163], [-74.49174545394044, 39.39770000039401], [-74.46158181788907, 39.39782727341004], [-74.47884545450177, 39.38401818224678], [-74.44736363654563, 39.36836363673113], [-74.44770909090364, 39.3615090905909], [-74.52002727314814, 39.38675454459051], [-74.51983636277618, 39.357181818281546], [-74.53720000043478, 39.35398181823108], [-74.54086363732024, 39.33467272708921], [-74.54687272825228, 39.34730909103442], [-74.56274545410662, 39.341545453921675], [-74.56871818188247, 39.303654545965024], [-74.58716363652036, 39.31351818177903], [-74.57028181959028, 39.319718182023735], [-74.57630909055172, 39.32353636280182], [-74.61738181805123, 39.30327272672008], [-74.65552727252692, 39.31701818209811], [-74.65160909062928, 39.291236364113765], [-74.61508181825499, 39.28317272772171], [-74.62765454582961, 39.24794545349793], [-74.71592727211691, 39.17820909121878], [-74.7003363644532, 39.156809091020875], [-74.75003636401505, 39.148727273021386], [-74.71704545524895, 39.12867272703719], [-74.7576727271871, 39.134254545666636], [-74.75344545423711, 39.10313636424834], [-74.77295454459819, 39.11059999946821], [-74.79667272785905, 39.092772726744215], [-74.76547272728448, 39.05771818196148], [-74.78613636261203, 39.04357272657154], [-74.80998181763434, 39.071654545732706], [-74.82629999975684, 39.049872726970655], [-74.80351818249042, 39.03359999981825], [-74.85094545442128, 39.0216545461375], [-74.84162727325543, 38.987118182099046], [-74.88489090941991, 38.96771818196099], [-74.87869999983027, 38.9535818186766], [-74.90648181768472, 38.95156363720523], [-74.87112727201648, 38.9433181819592], [-74.92136363729924, 38.92888181760813], [-74.9720272728527, 38.94047272718033], [-74.95149090837859, 39.011427273236414], [-74.8927090914509, 39.11032727310295], [-74.88530909162732, 39.14774545494888], [-74.89880909132286, 39.17652727332755], [-75.02630000003627, 39.19367272685322], [-75.02486363656013, 39.21035454487488], [-75.04101818159518, 39.21631818200834], [-75.11107272807794, 39.21165454457646], [-75.13783636338086, 39.180890909053645], [-75.16756363581935, 39.20279999967442], [-75.17313636247174, 39.23880909111555], [-75.24170909077849, 39.27440909119967], [-75.250927273369, 39.29997272725186], [-75.29108181866549, 39.291999999763604], [-75.3263090911007, 39.34089090856661], [-75.36005454603895, 39.339154546191295], [-75.4083909091506, 39.38771818218335], [-75.43006363699786, 39.3889727269719], [-75.46520909088929, 39.438927273347524], [-75.53684545436909, 39.46090000005288], [-75.53401818196883, 39.540699999946746], [-75.51361818044886, 39.56471818215775], [-75.56563636382515, 39.55850909141172], [-75.58943636390448, 39.46080909102447], [-75.53850909107514, 39.416499999729226], [-75.49309999976956, 39.34492727165008], [-75.43768181863886, 39.31254545509425], [-75.40529999958737, 39.25750909072207], [-75.39404545370488, 39.20382727333708], [-75.41332727305631, 39.15278181814388], [-75.40238181805586, 39.06745454598288], [-75.31835454621094, 38.98819090878719], [-75.30568181842877, 38.915918181967164], [-75.19034545448545, 38.80666363617265], [-75.12970909048542, 38.78274545533367], [-75.09971818099122, 38.7878999996963], [-75.09752727196819, 38.80526363603209], [-75.08838181776466, 38.795881818091324], [-75.06327272727744, 38.608790908865004], [-75.0819545450084, 38.639327273238464], [-75.07788181769111, 38.694336362484286], [-75.10430909080911, 38.690854545281844], [-75.1051545459345, 38.7039272732329], [-75.11945454540515, 38.68473636405153], [-75.16124545389492, 38.70377272718099], [-75.13490909066202, 38.67860909121109], [-75.1262545454487, 38.64306363603063], [-75.18164545537834, 38.667536363816666], [-75.16957272688862, 38.65723636442702], [-75.18848181862094, 38.658890909354], [-75.15065454607085, 38.652690908825576], [-75.17396363562978, 38.64035454446125], [-75.14009999975084, 38.642381818089355], [-75.12139090966829, 38.63165454510724], [-75.13239090957195, 38.62360000003208], [-75.11410909082542, 38.62609090940184], [-75.11649090899932, 38.633963637421736], [-75.10314545516307, 38.635572728056715], [-75.10039999940967, 38.61742727228754], [-75.1689727269987, 38.62053636443676], [-75.15514545375792, 38.60640909050495], [-75.18442727168117, 38.592727272711606], [-75.24593636318473, 38.59277272730933], [-75.25754545439068, 38.58469090875003], [-75.25796363733367, 38.590090909245696], [-75.27566363663517, 38.58641818214312], [-75.27457272738337, 38.592699999713844], [-75.28110909098564, 38.59574545519723], [-75.28271818164593, 38.59357272749926], [-75.28687272716111, 38.59580909119782], [-75.28890000026118, 38.595154545925126], [-75.27657272751993, 38.58505454600227], [-75.26617272672964, 38.581745455044164], [-75.18231818212394, 38.58387272844298], [-75.22621818224107, 38.559063635897886], [-75.19411818123254, 38.56800000045117], [-75.20510909131386, 38.55791818230948], [-75.20362727151608, 38.55641818220286], [-75.11660909110923, 38.5916909092634], [-75.10489999967815, 38.58369999954741], [-75.11297272706297, 38.57040000036415], [-75.09675454599748, 38.578918181116656], [-75.10150000038556, 38.55057272720062], [-75.08854545388292, 38.582954545541156], [-75.06249999950111, 38.581954546285324], [-75.0776090905216, 38.60564545423946], [-75.05898181812067, 38.60771818199058], [-75.04938181797635, 38.444190909137056], [-75.06138181777345, 38.38945454457975], [-75.08551818081591, 38.32427272809021], [-75.085845455176, 38.36378181806667], [-75.07300000008473, 38.364063637002744], [-75.06180909074008, 38.40487272670646], [-75.0724272718927, 38.410845454134076], [-75.06268181825193, 38.41016363666882], [-75.05662727194763, 38.4248545457375], [-75.06823636427436, 38.42833636400928], [-75.05598181744173, 38.42778181903111], [-75.07073636296852, 38.439863637012934], [-75.06585454530921, 38.44365454599455], [-75.06387272756035, 38.438499999807924], [-75.06044545474238, 38.43646363581275], [-75.05680909046883, 38.43590909028194], [-75.0662818186438, 38.44929090846969], [-75.0529272723397, 38.45419090864614], [-75.05761818142338, 38.507254544726635], [-75.10378181830664, 38.509090908687995], [-75.06523636413682, 38.50184545495076], [-75.06653636355742, 38.48107272796925], [-75.08931818218862, 38.4934636372119], [-75.11874545413264, 38.48347272676882], [-75.08150909125828, 38.48247272698129], [-75.06356363684706, 38.46289999991684], [-75.06254545448972, 38.45668181888112], [-75.06573636372752, 38.454899999966045], [-75.06439090966876, 38.45313636369773], [-75.06736363569073, 38.44911818090059], [-75.0663181822009, 38.44641818147029], [-75.1025363643557, 38.46756363633402], [-75.08551818176157, 38.45128181768179], [-75.09867272681356, 38.43715454477969], [-75.13346363572984, 38.44995454495743], [-75.11328181850921, 38.43578181808606], [-75.1324363625335, 38.43037272681551], [-75.12949090850601, 38.426200000045505], [-75.11173636304353, 38.43229999970195], [-75.10001818111425, 38.41560000006359], [-75.10059090896976, 38.389963635540006], [-75.11385454540093, 38.389509090899026], [-75.1085727271233, 38.39957272725981], [-75.11071818221352, 38.4041454548232], [-75.11413636420224, 38.406154545833225], [-75.18293636366754, 38.414381818305806], [-75.1904636366138, 38.43018181795678], [-75.18351818111205, 38.40954545532046], [-75.17599999964995, 38.411590908842044], [-75.17291818204747, 38.40889999970448], [-75.19623636272487, 38.40689090928594], [-75.19644545489706, 38.401390908733894], [-75.1599363633708, 38.407627273067774], [-75.1568545453697, 38.39859999972886], [-75.14427272669396, 38.40054545414927], [-75.1240545463193, 38.38503636311391], [-75.13394545497529, 38.37297272810191], [-75.15445454506991, 38.38070000007309], [-75.14388181858038, 38.36984545390458], [-75.12456363642264, 38.37341818197216], [-75.13135454562489, 38.3601999999604], [-75.1662999998155, 38.356690908545], [-75.13349090932694, 38.355690909280796], [-75.12885454593146, 38.339390908944026], [-75.11741818213306, 38.3681818192307], [-75.09452727343393, 38.349800000386004], [-75.0946909092714, 38.32939999992982], [-75.14158181926003, 38.28371818196715], [-75.15100000015767, 38.2477000000893], [-75.19013636394479, 38.22973636391499], [-75.19266363728643, 38.20774545541949], [-75.1936545461124, 38.236299999767105], [-75.2046272716875, 38.233209090697954], [-75.20654545414048, 38.23637272722304], [-75.19460909119853, 38.243136363976284], [-75.1900181807607, 38.25929090902681], [-75.24513636237839, 38.23165454527656], [-75.29734545530638, 38.09975454585392], [-75.31149090956403, 38.10154545389469], [-75.30425454473205, 38.112809089712016], [-75.31736363578707, 38.096781819193886], [-75.33417272734864, 38.10622727253424], [-75.33650908954662, 38.08223636404626], [-75.36552727283782, 38.076445453784714], [-75.35120909117336, 38.05812727268116], [-75.35757272734936, 38.03069090917739], [-75.38090909055215, 38.031354545850895], [-75.37537272724022, 38.00804545480309], [-75.40309090949154, 38.001463635867474], [-75.4077272715214, 37.98620909111378], [-75.43257272729889, 37.99223636346056], [-75.44575454591036, 37.906136363702394], [-75.47262727321515, 37.911427273417864], [-75.5001363640545, 37.869927272663624], [-75.47460000003896, 37.86515454474229], [-75.47878181809722, 37.854136363944086], [-75.51255454611943, 37.84727272746595], [-75.561572726313, 37.740554546278865], [-75.57823636255705, 37.74345454492113], [-75.61372727147692, 37.70858181817064], [-75.6059000004577, 37.677472726760016], [-75.65147272659392, 37.65007272690147], [-75.69753636301449, 37.58829090875217], [-75.69781818169065, 37.57176363569119], [-75.66359090767949, 37.57411818188519], [-75.69037272702329, 37.556836363895115], [-75.67467272678441, 37.52984545518259], [-75.70054545412135, 37.52277272714337], [-75.69740909096137, 37.537881819092846], [-75.71471818096713, 37.53835454636747], [-75.70489090880515, 37.55893636413463], [-75.71645454639356, 37.55708181789866], [-75.75521818200296, 37.51726363706661], [-75.72059090930149, 37.49344545368989], [-75.76844545521342, 37.498018181680884], [-75.80620909039331, 37.47213636328457], [-75.7467818177097, 37.544454544702056], [-75.74455454550382, 37.561172727208614], [-75.72830909131568, 37.575072727858114], [-75.73233636270344, 37.57534545492041], [-75.76346363717771, 37.55838181803613], [-75.74919090918065, 37.55532727322509], [-75.7848272732216, 37.50479999982821], [-75.80220909119258, 37.5121454550316], [-75.778918181494, 37.53517272731058], [-75.80985454597851, 37.51249090983934], [-75.79445454525518, 37.49003636400408], [-75.83270909069694, 37.4437454546411], [-75.80913636271303, 37.44442727247376], [-75.82205454609826, 37.428727273361645], [-75.81320909059596, 37.41580909064804], [-75.86265454665832, 37.39764545475998], [-75.89735454610555, 37.35708181757731], [-75.93586363740278, 37.23891818194379], [-75.9235818193845, 37.226827273225396], [-75.93772727260743, 37.21320909113788], [-75.93846363603058, 37.13946363603866], [-75.97129090930436, 37.11654545464948], [-75.97808181815063, 37.15733636444461], [-76.0140727268932, 37.210499999731944], [-76.01030909074781, 37.2317636368789], [-75.98528181831534, 37.22713636277536], [-75.99641818154628, 37.23260000012214], [-75.9821636355659, 37.23348181803642], [-75.99608181766939, 37.23871818184582], [-75.98701818215112, 37.26060909106953], [-76.00269090914851, 37.23496363641833], [-76.02575454585258, 37.258990908578404], [-76.0117727280289, 37.28119090914224], [-75.98709090990494, 37.27596363641774], [-75.98319091024413, 37.28087272789219], [-76.01539999925699, 37.28171818188125], [-76.01114545387217, 37.2982636362458], [-75.99775454563343, 37.29306363634453], [-75.99500909063276, 37.29663636251795], [-76.00340909104396, 37.30716363671791], [-75.96607272810859, 37.31280909146015], [-75.9928909086378, 37.33411818197468], [-76.020090909146, 37.29746363719277], [-76.01580000030309, 37.32858181893402], [-75.98712727206713, 37.36854545547769], [-75.97779090880745, 37.35582727255881], [-75.95723636405134, 37.360045454984125], [-75.98169999984859, 37.365554545154474], [-75.98400909086781, 37.386318181767734], [-75.96455454617892, 37.39179090931486], [-75.94420909088338, 37.37877272701748], [-75.93723636343078, 37.38222727342054], [-75.9748363635229, 37.40510909098914], [-75.95788181804502, 37.42045454461642], [-75.92929090986352, 37.4140727281264], [-75.95205454627438, 37.42510909080976], [-75.93899090885216, 37.433554545171646], [-75.93049091035495, 37.442600000307564], [-75.96649090938534, 37.41674545445966], [-75.9725181815453, 37.42846363671676], [-75.97414545519517, 37.41321818249844], [-75.97665454556443, 37.42182727262122], [-75.97943636437904, 37.42347272741483], [-75.976281817796, 37.4147272733612], [-75.98077272756704, 37.40239090870993], [-75.9813363625078, 37.435127273071586], [-75.97046363678044, 37.451654545147456], [-75.96925454563464, 37.442545454723785], [-75.96589999985277, 37.44263636290155], [-75.96652727238143, 37.4403000005503], [-75.96184545368621, 37.43943636283385], [-75.96088181766643, 37.467563635576354], [-75.91805454511291, 37.45537272709112], [-75.90622727154792, 37.45811818221292], [-75.93505454648226, 37.463727273279275], [-75.93368181840863, 37.4800272731009], [-75.88883636334016, 37.47970000015426], [-75.9201818179088, 37.48361818132376], [-75.91066363689094, 37.49568181938455], [-75.89130000038497, 37.493736362639176], [-75.88509091020954, 37.49931818250109], [-75.90500000032881, 37.509236363698676], [-75.89004545543362, 37.52399999997651], [-75.8931181815411, 37.52425454592271], [-75.92316363726518, 37.48930000040253], [-75.9398090907043, 37.495390908612215], [-75.93600909143824, 37.48369090901262], [-75.96329090924027, 37.474690908847], [-75.93861818179609, 37.543627272543795], [-75.84472727146714, 37.547972727146316], [-75.82842727348952, 37.56777272824877], [-75.88010908988004, 37.551490908903915], [-75.94118181813256, 37.56383636362535], [-75.91745454454238, 37.58579090931728], [-75.90519999987157, 37.572881817618835], [-75.88449090846673, 37.57421818090222], [-75.91184545522255, 37.587527271676116], [-75.89906363565828, 37.59592727333111], [-75.92639999956147, 37.594809090752435], [-75.90583636272709, 37.62688181789716], [-75.87176363667555, 37.59287272709205], [-75.87603636401428, 37.614163635849835], [-75.83034545476167, 37.632381817824545], [-75.88365454481877, 37.61192727206226], [-75.89313636422804, 37.64553636343047], [-75.8656181822919, 37.64530909146439], [-75.86067272685197, 37.655381819208564], [-75.88014545500053, 37.658945454811665], [-75.84181818240718, 37.670036363883426], [-75.85280000010528, 37.68294545496305], [-75.83750909055368, 37.690363635615185], [-75.85030000022948, 37.69137272690025], [-75.83768181811244, 37.71298181829035], [-75.80342727313179, 37.72683636408611], [-75.83077272865154, 37.725481817754215], [-75.82524545534697, 37.74132727353296], [-75.77224545510671, 37.75709999994442], [-75.78259090906164, 37.780181817785426], [-75.80871818147055, 37.782636362956644], [-75.81544545546382, 37.785654545733216], [-75.81859090935264, 37.79160909120966], [-75.78459999962692, 37.80682727253743], [-75.75050908981757, 37.78450909066651], [-75.71268181766577, 37.795127272710886], [-75.72376363730307, 37.80689091016832], [-75.71449090983855, 37.8377727265964], [-75.67962727190232, 37.85336363707483], [-75.69292727343363, 37.86742727317487], [-75.67914545462622, 37.88782727321945], [-75.69417272727918, 37.893363636304024], [-75.67080000014218, 37.904245454957795], [-75.65643636352767, 37.90339090913314], [-75.65591818074326, 37.89927272694517], [-75.6489636355814, 37.89569999992475], [-75.64656363721318, 37.896454545317006], [-75.65614545416898, 37.90501818105108], [-75.66869091014478, 37.90648181822618], [-75.66990000006459, 37.910263637199556], [-75.70861818216109, 37.89996363649583], [-75.73078181807935, 37.92019090928232], [-75.71411818177009, 37.93810000000325], [-75.64148181919768, 37.93680909073977], [-75.64565454648206, 37.96450909065683], [-75.62890909132642, 37.97580909128357], [-75.62297272861551, 37.994299999714066], [-75.66259999963833, 37.961190908782676], [-75.713154545299, 37.97662727201078], [-75.71193636321998, 37.98570909110275], [-75.70170000028114, 37.98267272816833], [-75.69747272812866, 37.987409090953925], [-75.71425454561007, 37.989009090508766], [-75.73751818242992, 37.96260909088041], [-75.73568181937169, 37.97934545504763], [-75.74918181759712, 37.988099999860246], [-75.74733636423412, 37.99139090916792], [-75.75082727362145, 37.99199090885075], [-75.74695454661597, 37.9696090907437], [-75.7824272730931, 37.979718182050746], [-75.80744545451134, 37.95462727327059], [-75.81935454520908, 37.96690000032274], [-75.81845454542581, 37.9403909091051], [-75.84850909067514, 37.92385454599531], [-75.83657272653652, 37.934936362928475], [-75.85541818230294, 37.934981817961955], [-75.8638454555911, 37.95269090899122], [-75.85046363600514, 37.955718181043714], [-75.84139090898513, 37.966709090810994], [-75.86697272700276, 37.96502727327346], [-75.85170000041703, 38.00400909085376], [-75.8756636362655, 37.99165454465508], [-75.87698181742344, 37.97187272693779], [-75.89860909052706, 37.97334545507429], [-75.87274545476265, 38.01689090930437], [-75.87276363569369, 38.0092454551015], [-75.85859090907738, 38.010872727422445], [-75.8725545454264, 38.03542727321281], [-75.8172272731988, 38.0189818178069], [-75.826336363856, 38.046909091084444], [-75.80572727336134, 38.053872727291385], [-75.80491818254532, 38.04286363676413], [-75.78179090892962, 38.038763636744754], [-75.80401818174742, 38.04986363561561], [-75.75475454563671, 38.073709090640584], [-75.78215454519655, 38.078754546127385], [-75.77339999989906, 38.09337272672626], [-75.76204545477236, 38.085181817537965], [-75.75463636370853, 38.08874545471417], [-75.74965454571395, 38.086209090481155], [-75.74493636308283, 38.08860909061413], [-75.75717272814826, 38.09842727185139], [-75.79920909097498, 38.093563635650675], [-75.78721818183645, 38.074545453881164], [-75.80688181926261, 38.07468181827975], [-75.80051818207475, 38.06201818107221], [-75.83277272691187, 38.07501818155674], [-75.87150000017009, 38.05887272718008], [-75.87596363635981, 38.08040909094304], [-75.86152727247125, 38.070254544830284], [-75.85755454579873, 38.069636363719155], [-75.85402727238402, 38.071418182292255], [-75.87361818053711, 38.09016363619078], [-75.85455454549877, 38.08227272680036], [-75.85047272806561, 38.08779091039991], [-75.86066363765677, 38.0894363627985], [-75.86730909045727, 38.09630000011303], [-75.86420908980212, 38.10110909061836], [-75.8421999996449, 38.11318181765124], [-75.85395454540851, 38.10189090903806], [-75.85110909121353, 38.09469999998037], [-75.82811818227397, 38.09938181829551], [-75.83840909059195, 38.125554546064436], [-75.82579999997624, 38.1345090914477], [-75.81643636344626, 38.11775454536048], [-75.81330909120143, 38.134145455255876], [-75.768336363465, 38.13291818211946], [-75.75835454541847, 38.14181818196605], [-75.78823636401563, 38.145972727312476], [-75.75823636380927, 38.15221818179422], [-75.7496545460689, 38.15852727326311], [-75.74797272859882, 38.163309090799174], [-75.74180000017763, 38.16569999995694], [-75.74101818247938, 38.16702727282106], [-75.77939090925126, 38.16339090895251], [-75.80827272727858, 38.14043636278038], [-75.82154545388917, 38.143272726682085], [-75.81084545416874, 38.14892727317959], [-75.8142999997262, 38.16582727183746], [-75.81812727238183, 38.148499999674314], [-75.83772727254657, 38.16064545413603], [-75.85035454486699, 38.144436363799514], [-75.8559636369917, 38.17002727294742], [-75.85400909052034, 38.141600000338755], [-75.86919090942432, 38.134381818737225], [-75.8827181812658, 38.148481818184315], [-75.90646363686194, 38.137300000200845], [-75.90393636451013, 38.15247272710237], [-75.93306363593165, 38.14821818179364], [-75.92967272803314, 38.16275454464972], [-75.95197272680427, 38.17623636425687], [-75.88807272682158, 38.20381818175809], [-75.88170000055375, 38.187790908703164], [-75.88204545479952, 38.199072726990735], [-75.82674545412775, 38.21627272708118], [-75.824518181965, 38.22939090867268], [-75.86139999976999, 38.23272727270385], [-75.80257272829671, 38.25284545461217], [-75.79469999994127, 38.26531818219224], [-75.77458181738794, 38.269300000216276], [-75.76070909118884, 38.28594545358576], [-75.75849090847271, 38.29829090884844], [-75.76256363646732, 38.304618181981986], [-75.75945454650207, 38.30997272701597], [-75.76320909075267, 38.30553636258404], [-75.76152727257832, 38.29028181799348], [-75.77969090841314, 38.26900000013048], [-75.84475454523299, 38.257309090919726], [-75.87089999999112, 38.24327272688356], [-75.87581818166122, 38.25546363620115], [-75.89197272674005, 38.22782727321049], [-75.92019999991612, 38.26420000032135], [-75.84820909025422, 38.36520909072707], [-75.862809089964, 38.37909090925229], [-75.83306363629947, 38.38727272665381], [-75.84915454621417, 38.40395454650427], [-75.81602727167241, 38.43546363605807], [-75.83450909146926, 38.44610000000261], [-75.81207272660379, 38.464736363704155], [-75.8194454542693, 38.48277272744999], [-75.83893636277207, 38.44813636283654], [-75.82429090919273, 38.43019090897828], [-75.8514272732569, 38.412381818452346], [-75.85284545473831, 38.398118181714466], [-75.842863635615, 38.387436362674556], [-75.85714545455907, 38.39072727209494], [-75.8707454549655, 38.37730909056801], [-75.86355454559164, 38.35940909086291], [-75.91207272821383, 38.34269090930854], [-75.94096363596394, 38.30673636400233], [-75.94873636421009, 38.23749090933007], [-75.97220909038985, 38.23330000003008], [-75.96244545474859, 38.25080909053338], [-75.98482727255761, 38.265727273008146], [-75.9765000002269, 38.276145453707336], [-76.01858181803945, 38.309172726763954], [-75.965109090681, 38.32307272691486], [-75.94782727272808, 38.34848181801196], [-75.96715454536653, 38.347563636814286], [-75.97580000018093, 38.3667454547063], [-76.01238181778147, 38.37589090937107], [-76.01668181852807, 38.332427272823786], [-76.06265454541803, 38.30529090873245], [-76.02647272673082, 38.28143636370769], [-76.05103636415302, 38.27452727176011], [-76.03254545527903, 38.270836364521095], [-76.04017272781648, 38.2501272730876], [-76.06144545555311, 38.25012727303067], [-76.04433636414738, 38.24374545542047], [-76.03262727342194, 38.216454545370574], [-76.07402727191595, 38.25470909104375], [-76.0948454554344, 38.25218181846533], [-76.10707272725251, 38.26151818219617], [-76.0728454549235, 38.26793636444086], [-76.1025454545295, 38.2771545457313], [-76.09666363549486, 38.292881818153795], [-76.11638181864718, 38.29099999970993], [-76.10519999970177, 38.29591818235016], [-76.10665454508437, 38.3033000003622], [-76.13105454567912, 38.301872728380026], [-76.12431818049477, 38.27984545502805], [-76.1494727275252, 38.27184545519857], [-76.13144545429914, 38.30807272696078], [-76.17309999951178, 38.32213636404122], [-76.15296363559762, 38.32050909103634], [-76.15987272720275, 38.350881817673184], [-76.16771818234535, 38.331927273179815], [-76.20589090891049, 38.38099090912833], [-76.21780909230952, 38.364545454286194], [-76.22386363556339, 38.395218180575846], [-76.2281636363735, 38.3498727266393], [-76.27151818231759, 38.381581818355535], [-76.2748727279181, 38.36528181790237], [-76.28386363616848, 38.41640000008289], [-76.33223636399336, 38.47472727162762], [-76.32891818086027, 38.50081818166246], [-76.31050909104448, 38.49279999966899], [-76.3024090914985, 38.501418182067255], [-76.28950909045867, 38.50390909111275], [-76.28275454516418, 38.50362727287464], [-76.29257272654799, 38.473781818019674], [-76.30532727249962, 38.48020909101605], [-76.29185454510896, 38.458027272348616], [-76.27322727257396, 38.451845453883124], [-76.28427272721916, 38.48254545547576], [-76.25503636270702, 38.49211818061865], [-76.26402727302433, 38.5032363637883], [-76.24735454528223, 38.52380000018872], [-76.23758181877203, 38.50554545529855], [-76.23354545548969, 38.52641818202004], [-76.21128181787725, 38.512872728400566], [-76.22327272653675, 38.53989999988614], [-76.19649090923235, 38.51629090882197], [-76.18084545480068, 38.527181819009265], [-76.18379090885463, 38.50618181902302], [-76.15894545478714, 38.500454544949534], [-76.17551818096402, 38.51009090864558], [-76.17466363581649, 38.529954544541496], [-76.14663636285387, 38.5325818193863], [-76.14614545395061, 38.52573636328587], [-76.14183636258277, 38.518136363826606], [-76.12294545410563, 38.52862727293082], [-76.1434272729031, 38.52950909052127], [-76.12785454642923, 38.547490909023686], [-76.1495181823659, 38.53349090950101], [-76.20686363648551, 38.536363636960544], [-76.20599090839806, 38.553618182037546], [-76.1663818178903, 38.55226363700315], [-76.17124545492867, 38.574699999920135], [-76.14701818146541, 38.572563636191006], [-76.1692363645098, 38.58199090919419], [-76.17751818185344, 38.57492727274549], [-76.18086363708548, 38.58850000031709], [-76.18449090932012, 38.58938181819533], [-76.1841090907231, 38.56165454607071], [-76.21278181842656, 38.55711818176815], [-76.1970272733695, 38.58310909150684], [-76.20256363652366, 38.592390908976], [-76.21074545542616, 38.56691818225865], [-76.22686363550325, 38.57287272701316], [-76.21801818216365, 38.583481818666016], [-76.21970909047815, 38.58930000008671], [-76.2322090914531, 38.57940909112846], [-76.23108181837395, 38.56895454532966], [-76.21789090918843, 38.56393636394766], [-76.23495454595303, 38.540245454267435], [-76.24619090882061, 38.56113636317011], [-76.23798181844934, 38.56763636407284], [-76.2382999995968, 38.60162727198881], [-76.25422727263971, 38.59407272695407], [-76.24799999961455, 38.56446363722088], [-76.2592999999553, 38.564209091021304], [-76.24389999971376, 38.537363636731826], [-76.27150000002294, 38.577163635623506], [-76.27810909157189, 38.53246363593437], [-76.27990000032767, 38.557572727257664], [-76.30831818235336, 38.572018182334915], [-76.28700909070675, 38.58510909047796], [-76.2806818177641, 38.569754545220675], [-76.26051818093183, 38.60260909106832], [-76.27618181842944, 38.60358181774645], [-76.28955454573172, 38.62927272669197], [-76.26940909098488, 38.60687272809859], [-76.23664545545094, 38.62859999973941], [-76.23716363655826, 38.60876363578574], [-76.21110909001207, 38.59985454513194], [-76.20230908992734, 38.613218182409305], [-76.17006363649767, 38.62922727200322], [-76.1601363630401, 38.62545454582375], [-76.16022727147838, 38.62484545420521], [-76.17905454617929, 38.62310909094959], [-76.16438181771875, 38.61804545418283], [-76.18665454628078, 38.607900000287096], [-76.18079090838536, 38.598336364280236], [-76.14081818231804, 38.60556363706486], [-76.11099090957683, 38.57049999967529], [-76.11191818204159, 38.58342727281201], [-76.09045454455172, 38.592772727981355], [-76.08674545362307, 38.59302727308926], [-76.08169999954447, 38.59207272697571], [-76.07433636382805, 38.57047272692213], [-76.02578181822011, 38.56702727278798], [-76.02628181776548, 38.55610909117336], [-76.02222727328034, 38.55404545477185], [-75.99966363656237, 38.584727273035156], [-75.97882727314204, 38.577827273074334], [-75.96754545531174, 38.58659090939444], [-75.97621818223804, 38.606118182369606], [-75.94687272682403, 38.61248181755249], [-75.97523636371157, 38.61714545489367], [-75.970190908609, 38.63184545462078], [-75.94650000053547, 38.63116363688664], [-75.96070908951305, 38.640090908955045], [-75.9372363635711, 38.676599999621544], [-75.96709999985019, 38.68344545478624], [-75.96795454526921, 38.69420909109084], [-76.01271818226574, 38.72517272696998], [-75.99282727285994, 38.73700909131199], [-75.99816363652035, 38.757690909061054], [-75.99677272738056, 38.73655454607708], [-76.01515454456424, 38.72465454607225], [-75.99641818170224, 38.695790908739625], [-75.95047272779581, 38.67380909089621], [-75.99289090865422, 38.628836363986714], [-75.98613636402041, 38.61087272699976], [-76.0306727278629, 38.579018181615], [-76.02355454609413, 38.58996363606518], [-76.03778181777109, 38.59390000036483], [-76.01774545446725, 38.599499999976764], [-76.02435454469295, 38.62225454537872], [-76.03602727193706, 38.61800000019823], [-76.02527272694336, 38.600299999735945], [-76.0371363638206, 38.60380909122528], [-76.0405818177027, 38.586599999693675], [-76.08435454613362, 38.61695454645017], [-76.07000909069679, 38.62051818155292], [-76.08247272797297, 38.62090909107722], [-76.08305454455808, 38.62409090860526], [-76.07645454656789, 38.628809090893235], [-76.07555454489513, 38.632336363991996], [-76.11404545507827, 38.61499999982904], [-76.10905454605205, 38.6425272730999], [-76.07748181791071, 38.653027272979514], [-76.1151363646107, 38.6500363628544], [-76.12249999958699, 38.62842727203021], [-76.1522636371147, 38.64515454607772], [-76.15479090869334, 38.65968181885333], [-76.12914545519415, 38.656218181699934], [-76.13362727195708, 38.668354545259895], [-76.095472726637, 38.671790909086894], [-76.10855454650923, 38.67547272712418], [-76.09133636408478, 38.688090909207084], [-76.1619454545937, 38.66121818154583], [-76.17686363563932, 38.675254545259975], [-76.16327272807645, 38.699599999957385], [-76.11361818228669, 38.69052727338769], [-76.14309090883471, 38.69982727185878], [-76.12804545555265, 38.71293636372349], [-76.10626363610444, 38.70296363663625], [-76.0916181822664, 38.713709091243096], [-76.12589999994115, 38.714045454660685], [-76.1406818179595, 38.709245453688574], [-76.13668181770474, 38.73092727259342], [-76.07215454572454, 38.73221818231275], [-76.11798181757945, 38.73824545496297], [-76.0951818184068, 38.76755454469802], [-76.11597272774725, 38.759045454656246], [-76.10497272723659, 38.7714636364169], [-76.11521818168967, 38.777290909050194], [-76.12380000049615, 38.74000909083012], [-76.14680909089613, 38.74489090871908], [-76.13498181781804, 38.73493636308937], [-76.15719090895463, 38.721709091004996], [-76.15255454481361, 38.704681818399976], [-76.16958181769058, 38.71452727299469], [-76.170254544795, 38.722172727920054], [-76.16191818245267, 38.73160000010563], [-76.16291818172249, 38.73638181802427], [-76.17910909116898, 38.71934545460619], [-76.17078181762366, 38.71038181755668], [-76.18412727170042, 38.71835454588698], [-76.1893272715071, 38.71521818232495], [-76.17752727303808, 38.70848181762968], [-76.19691818107698, 38.67990000007392], [-76.20118181853495, 38.68902727316403], [-76.20021818143262, 38.67027272713981], [-76.22008181771075, 38.697545454225704], [-76.1955818191906, 38.70727272718461], [-76.22820909086428, 38.71635454584874], [-76.22773636302362, 38.69805454489343], [-76.23850909098256, 38.73619090941607], [-76.22190909123496, 38.73670000009782], [-76.21664545461813, 38.72006363609525], [-76.20896363705764, 38.73368181791703], [-76.18696363626681, 38.723936364211326], [-76.18296363652243, 38.74061818204849], [-76.19155454498029, 38.729609091068724], [-76.19181818184461, 38.752145453571934], [-76.20447272698546, 38.75395454487873], [-76.19933636325649, 38.73673636431887], [-76.22430909120665, 38.75011818211169], [-76.21505454460015, 38.770836362538645], [-76.22672727344073, 38.78147272705964], [-76.23487272684211, 38.76257272751894], [-76.25390000058442, 38.77319999987839], [-76.2410636361462, 38.8066727279377], [-76.26429999992139, 38.7878272719937], [-76.24126363638794, 38.75302727307012], [-76.26895454548433, 38.76270909081465], [-76.26012727337086, 38.7483454548816], [-76.27321818217368, 38.74360909117383], [-76.27399091052077, 38.75884545479786], [-76.27897272797232, 38.7459181819995], [-76.29023636407886, 38.7584545453661], [-76.28634545408252, 38.73743636439825], [-76.25463636307303, 38.73848181830501], [-76.27027272682791, 38.72438181768046], [-76.2903727267353, 38.73004545403795], [-76.27104545363017, 38.70883636305952], [-76.2986999996689, 38.71820909058337], [-76.3045909096343, 38.75219999982635], [-76.2708090912045, 38.77165454646972], [-76.26512727337534, 38.7961545449086], [-76.2896363635405, 38.813818181227816], [-76.27293636322335, 38.78455454651242], [-76.28653636434814, 38.77409090864051], [-76.28275454495942, 38.787854546412426], [-76.29072727305896, 38.77970000046236], [-76.30023636302714, 38.79324545415354], [-76.30001818120337, 38.768354545392114], [-76.31407272639015, 38.77949090920634], [-76.31263636434768, 38.74570000004111], [-76.32593636270363, 38.73707272681825], [-76.31202727256498, 38.7323999997322], [-76.335045453643, 38.711690908537626], [-76.32241818196314, 38.679300000036505], [-76.33597272717091, 38.689445454189], [-76.34248181755, 38.68616363615304], [-76.33748181882778, 38.678527272588845], [-76.34054545426481, 38.67055454536709], [-76.34684545425715, 38.7062636370471], [-76.33282727315179, 38.72947272660168], [-76.34249090924564, 38.75087272692112], [-76.32624545499985, 38.76664545362329], [-76.33534545457545, 38.77377272694403], [-76.30226363647293, 38.825645455159986], [-76.2774181822047, 38.83142727212459], [-76.28482727345934, 38.83662727187536], [-76.25476363623976, 38.86278181842327], [-76.27167272694123, 38.83843636310153], [-76.21247272824651, 38.80695454580127], [-76.22167272794736, 38.78550000016243], [-76.1863818181631, 38.76761818193003], [-76.17752727309009, 38.74354545483819], [-76.13904545477905, 38.78575454464881], [-76.1250818193986, 38.78207272744167], [-76.13613636266314, 38.795772727282305], [-76.16982727203246, 38.775890908997226], [-76.17629090931344, 38.787490909008156], [-76.15089999994386, 38.79614545411174], [-76.16341818243478, 38.799218182169334], [-76.18220000011996, 38.78832727322303], [-76.17044545441455, 38.770745454962125], [-76.17965454612167, 38.77560000031638], [-76.19190908985946, 38.797527273087425], [-76.16028181830325, 38.82714545413516], [-76.19729090938021, 38.798281818692104], [-76.18991818233128, 38.834463637446696], [-76.17282727167456, 38.84242727290592], [-76.19413636390108, 38.83369090865079], [-76.19229090941705, 38.85851818208717], [-76.1690181814548, 38.861863636683076], [-76.15928181905966, 38.84364545474605], [-76.14891818236005, 38.85043636374528], [-76.15877272730238, 38.86195454462177], [-76.14040000008428, 38.858672726874985], [-76.16082727245049, 38.86290909084995], [-76.16022727339794, 38.87988181823551], [-76.13381818173794, 38.878572726999536], [-76.11099090981, 38.85640909072585], [-76.12171818164909, 38.880600000212695], [-76.11065454526744, 38.877790908663464], [-76.07422727342066, 38.89066363646447], [-76.06772727193824, 38.88592727280983], [-76.06415454513026, 38.88533636332368], [-76.06245454533482, 38.88633636449193], [-76.08061818134325, 38.90206363715658], [-76.08137272788541, 38.88908181751726], [-76.10213636268301, 38.88757272678064], [-76.1145454537698, 38.91390909128121], [-76.1011999999782, 38.94140000041091], [-76.11729999960191, 38.9144363641873], [-76.10679090855108, 38.887954545183945], [-76.13517272783349, 38.915945455226954], [-76.16555454651024, 38.90939090871831], [-76.14693636327436, 38.94379999971655], [-76.16228181872428, 38.977200000319506], [-76.17408181812446, 38.89286363743493], [-76.1952818186049, 38.88469090878719], [-76.20581818235199, 38.852545454496266], [-76.19785454630603, 38.892472726863986], [-76.18477272801655, 38.90098181933505], [-76.17699999963361, 38.93074545365525], [-76.2051818180229, 38.89279090978652], [-76.20214545512178, 38.93641818189654], [-76.23509090856383, 38.94180909062857], [-76.23829090848922, 38.958009090894244], [-76.2293454534405, 38.95069090900036], [-76.21450909067, 38.95600909102843], [-76.24160909166926, 38.9623545446908], [-76.24616363681048, 38.97477272721573], [-76.20140909061747, 38.96253636267341], [-76.17010909051427, 38.99660909004758], [-76.16541818253617, 38.986354546035585], [-76.14698181909152, 38.99657272710556], [-76.14662727313996, 39.01307272678907], [-76.16214545446645, 38.99844545510382], [-76.17091818065454, 39.021527271650626], [-76.15516363648574, 39.02898181771132], [-76.17390908996757, 39.025463635796534], [-76.18420909035657, 39.04626363633212], [-76.16650909132011, 39.06278181889324], [-76.16313636441977, 39.04342727285739], [-76.13631818058809, 39.03579999986919], [-76.16412727294676, 39.05710909120309], [-76.14247272732078, 39.05186363568555], [-76.1367181815686, 39.05664545355719], [-76.15799090946884, 39.05985454508858], [-76.15090909045729, 39.079127273087295], [-76.11865454527546, 39.068927272152784], [-76.10424545462807, 39.08053636323984], [-76.0874454552892, 39.06003636449399], [-76.07119999947273, 39.05588181818161], [-76.08030909054189, 39.07299090901844], [-76.10873636388042, 39.08328181826508], [-76.101518182072, 39.09312727289745], [-76.11731818100033, 39.081545454934684], [-76.1450545457212, 39.09301818186947], [-76.09020000135618, 39.12543636301519], [-76.08447272851977, 39.123645455058416], [-76.07994545349617, 39.11732727212803], [-76.0781818183171, 39.11789999998013], [-76.08618181771581, 39.126172726882416], [-76.06854545397132, 39.13638181788364], [-76.0750999997969, 39.149290908792146], [-76.0501727281113, 39.158972727249534], [-76.02889090956178, 39.1525181809918], [-76.01909999992439, 39.15850909058729], [-76.00434545391423, 39.15198181812036], [-76.00010909099527, 39.154309090567764], [-76.0080727273628, 39.160681819454474], [-76.04176363680152, 39.16141818194481], [-76.04084545454712, 39.18142727293778], [-76.06472727289484, 39.19064545380054], [-76.0614727284235, 39.20853636432496], [-76.07160909079707, 39.18742727254008], [-76.04461818186279, 39.16767272723804], [-76.09120909089721, 39.15560909134553], [-76.0768363639638, 39.136136364223006], [-76.09946363616623, 39.13971818204891], [-76.0919909088903, 39.13233636271608], [-76.10798181813504, 39.133218182407006], [-76.11869090851283, 39.109163636234165], [-76.13006363578653, 39.12051818091301], [-76.16893636385005, 39.094418182316375], [-76.1649272731936, 39.118990908961834], [-76.1219727280489, 39.142500000058675], [-76.14759090901826, 39.15389090927614], [-76.1226999999204, 39.1632636361099], [-76.12023636288336, 39.175599999726245], [-76.15671818199408, 39.15862727291271], [-76.14580000020436, 39.13848181813715], [-76.16303636378257, 39.127227271674556], [-76.1808545461127, 39.15597272844569], [-76.16709090922386, 39.17533636442955], [-76.18419999967998, 39.15920000032521], [-76.18740909091687, 39.16130909140507], [-76.1866454548153, 39.17227272696691], [-76.19038181836521, 39.17648181843323], [-76.19487272683315, 39.16007272780318], [-76.180945455273, 39.144100000318446], [-76.19692727211407, 39.14301818134209], [-76.16939999857141, 39.12754545529382], [-76.1919636358971, 39.12867272718691], [-76.17219090871401, 39.11217272705785], [-76.19342727321663, 39.10977272708952], [-76.18282727318842, 39.10180909096221], [-76.19476363616738, 39.0896363636919], [-76.21399090995922, 39.10192727317113], [-76.20345454652418, 39.10879090881449], [-76.20345454534382, 39.119200000529204], [-76.22016363560616, 39.11110000015529], [-76.2193999999581, 39.12556363630206], [-76.2275454550027, 39.1303818179867], [-76.22600000046441, 39.10308181818333], [-76.20330000028521, 39.086318182049595], [-76.21041818166275, 39.05475454490653], [-76.21991818198838, 39.08481818226249], [-76.22640909194573, 39.05273636253754], [-76.24898181808666, 39.12047272843195], [-76.2377636368812, 39.11403636275795], [-76.23903636379791, 39.131563637134], [-76.26133636449501, 39.1399181810288], [-76.24599999960148, 39.14096363554027], [-76.25498181774014, 39.15617272791038], [-76.2405909095847, 39.16997272774998], [-76.25238181799637, 39.168481818382666], [-76.26591818154864, 39.143336362973635], [-76.26152727338028, 39.15917272736644], [-76.26284545494305, 39.17101818188688], [-76.27851818222165, 39.14579999976977], [-76.27208181795544, 39.17127272688198], [-76.21300000004695, 39.26881818113476], [-76.20445454625883, 39.24490908965158], [-76.177700000039, 39.24548181861295], [-76.20171818235356, 39.25588181798732], [-76.19977272653827, 39.28039999960864], [-76.18106363676075, 39.29188181806366], [-76.17426363718508, 39.26912727159171], [-76.14701818154875, 39.27537272701051], [-76.16876363659205, 39.27863636293396], [-76.1540636360326, 39.29610909132555], [-76.16845454653178, 39.2866999997207], [-76.18575454596773, 39.31916363630951], [-76.13237272762795, 39.33309999948707], [-76.13658181955678, 39.34837272671526], [-76.11147272655042, 39.37185454489744], [-76.05635454607143, 39.37123636380646], [-76.03294545397608, 39.367427272123315], [-76.04288181753168, 39.360154544628124], [-76.03234545450718, 39.34814545482249], [-76.01721818249135, 39.35200909020748], [-76.02360909120962, 39.36153636419159], [-76.005036364414, 39.36635454632819], [-75.9957000002456, 39.3713090908339], [-75.99229090998894, 39.37170909078256], [-75.97825454481695, 39.34377272668959], [-75.98330000017984, 39.36077272681518], [-75.96694545526637, 39.37208181821524], [-75.94686363565548, 39.36572727277427], [-75.95054545366673, 39.352245455282976], [-75.9284272719456, 39.368081817909186], [-75.91702727254157, 39.3446999996842], [-75.91669090886353, 39.36371818192461], [-75.88261818236057, 39.35977272727617], [-75.90286363733985, 39.3681181822899], [-75.88544545350045, 39.38125454487136], [-75.90369999985332, 39.373090910059084], [-75.9046181810163, 39.3665090907063], [-75.94383636309237, 39.37114545392583], [-75.94506363550758, 39.378100000080416], [-75.93820909064742, 39.37402727236789], [-75.92822727301447, 39.3820363631986], [-75.91188181858163, 39.38225454617476], [-75.90489090885718, 39.38683636442107], [-75.92517272704907, 39.38457272816302], [-75.91732727296757, 39.39248181843673], [-75.92143636332094, 39.39543636291227], [-75.93596363704522, 39.37871818189777], [-75.94596363704355, 39.39298181918013], [-75.98317272737559, 39.37491818193672], [-76.04142727264059, 39.392672728259775], [-75.96664545422756, 39.46256363571164], [-75.94560909090833, 39.449427272070245], [-75.93593636235975, 39.45484545520291], [-75.95543636339829, 39.46153636383365], [-75.94489090885364, 39.47480000031849], [-75.91507272665123, 39.46403636346671], [-75.90409090941615, 39.47600909128765], [-75.86130909087352, 39.45515454483024], [-75.89323636298279, 39.486809090928936], [-75.92337272765178, 39.48577272789322], [-75.92071818230313, 39.497772728195294], [-75.88308181813473, 39.50779999970808], [-75.8486636356223, 39.56558181806926], [-75.83613636353094, 39.568900000008696], [-75.82894545430138, 39.56541818094515], [-75.82699090903155, 39.56740909067121], [-75.83955996193377, 39.590150470407416], [-75.7475785501332, 39.631470021701915], [-75.73086058438554, 39.680471712256], [-75.64924269480986, 39.73231991006497], [-75.48390496548514, 39.787071373259536], [-75.34427900826248, 39.876887816727766], [-75.31179249258953, 39.8793355801355], [-75.27671937450219, 39.913905752221204], [-75.23869902124643, 39.920212273788444], [-75.17439796686159, 39.972598031809966], [-75.18055831078757, 40.00492590852072], [-75.13308152482571, 40.00491373273914], [-74.96654305615415, 40.07320322104569], [-74.84142232923533, 40.15863905672286], [-74.7603731367131, 40.24272426493791], [-74.512925239853, 40.3713662487292], [-74.48155737951289, 40.40025755702885], [-74.47118045757024, 40.43394450964087], [-74.34817814331808, 40.53755039731948], [-74.27849604140738, 40.56874516185521], [-74.23320909134422, 40.561563636945124]]]}}, {"type": "Feature", "properties": {"code": "8.5", "name": "MISSISSIPPI ALLUVIAL AND SOUTHEAST USA COASTAL PLAINS"}, "geometry": {"type": "Polygon", "coordinates": [[[-74.33348181880865, 39.43448181824415], [-74.40476363667818, 39.372590909321694], [-74.42014545416515, 39.38759999985556], [-74.33842727293039, 39.434745453835475], [-74.35592727173945, 39.437272726612825], [-74.33348181880865, 39.43448181824415]]]}}, {"type": "Feature", "properties": {"code": "8.5", "name": "MISSISSIPPI ALLUVIAL AND SOUTHEAST USA COASTAL PLAINS"}, "geometry": {"type": "Polygon", "coordinates": [[[-74.38600909099459, 39.46031818225518], [-74.38806363753149, 39.46136363575446], [-74.38746363676209, 39.462290909288676], [-74.38600909099459, 39.46031818225518]]]}}, {"type": "Feature", "properties": {"code": "8.5", "name": "MISSISSIPPI ALLUVIAL AND SOUTHEAST USA COASTAL PLAINS"}, "geometry": {"type": "Polygon", "coordinates": [[[-74.39189999976902, 39.458563636211736], [-74.38706363637459, 39.46386363614949], [-74.38823636397835, 39.45647272658154], [-74.39189999976902, 39.458563636211736]]]}}, {"type": "Feature", "properties": {"code": "8.5", "name": "MISSISSIPPI ALLUVIAL AND SOUTHEAST USA COASTAL PLAINS"}, "geometry": {"type": "Polygon", "coordinates": [[[-74.42839090865353, 39.38572727326588], [-74.40703636268456, 39.363827272588914], [-74.53851818169268, 39.30355454508653], [-74.51104545510331, 39.340545455027005], [-74.44731818215031, 39.358609091094344], [-74.45820000048053, 39.374081818125916], [-74.42839090865353, 39.38572727326588]]]}}, {"type": "Feature", "properties": {"code": "8.5", "name": "MISSISSIPPI ALLUVIAL AND SOUTHEAST USA COASTAL PLAINS"}, "geometry": {"type": "Polygon", "coordinates": [[[-74.46921818168099, 39.39950909118212], [-74.47089999880892, 39.39846363702017], [-74.46967272734875, 39.39998181776282], [-74.46921818168099, 39.39950909118212]]]}}, {"type": "Feature", "properties": {"code": "8.5", "name": "MISSISSIPPI ALLUVIAL AND SOUTHEAST USA COASTAL PLAINS"}, "geometry": {"type": "Polygon", "coordinates": [[[-74.49557272856791, 39.3556454547953], [-74.48485454586347, 39.36880909063483], [-74.47172727332885, 39.36825454583304], [-74.4649181820344, 39.36253636437764], [-74.46522727302285, 39.36085454466105], [-74.49557272856791, 39.3556454547953]]]}}, {"type": "Feature", "properties": {"code": "8.5", "name": "MISSISSIPPI ALLUVIAL AND SOUTHEAST USA COASTAL PLAINS"}, "geometry": {"type": "Polygon", "coordinates": [[[-74.5305727279043, 39.31541818232741], [-74.5388363626213, 39.314199999544954], [-74.53100909095852, 39.31984545474863], [-74.5305727279043, 39.31541818232741]]]}}, {"type": "Feature", "properties": {"code": "8.5", "name": "MISSISSIPPI ALLUVIAL AND SOUTHEAST USA COASTAL PLAINS"}, "geometry": {"type": "Polygon", "coordinates": [[[-74.55479090898464, 39.297827273458864], [-74.55487272679032, 39.28321818162925], [-74.65008181840858, 39.20959999985272], [-74.6463181818651, 39.239554545334784], [-74.55479090898464, 39.297827273458864]]]}}, {"type": "Feature", "properties": {"code": "8.5", "name": "MISSISSIPPI ALLUVIAL AND SOUTHEAST USA COASTAL PLAINS"}, "geometry": {"type": "Polygon", "coordinates": [[[-74.59325454631576, 39.275309091343715], [-74.59514545352374, 39.27401818195357], [-74.5957454539387, 39.274927272652015], [-74.59325454631576, 39.275309091343715]]]}}, {"type": "Feature", "properties": {"code": "8.5", "name": "MISSISSIPPI ALLUVIAL AND SOUTHEAST USA COASTAL PLAINS"}, "geometry": {"type": "Polygon", "coordinates": [[[-74.65079999982737, 39.20740000006291], [-74.70883636413276, 39.12365454592907], [-74.7161636374346, 39.120054545720976], [-74.69958181771887, 39.168590909217755], [-74.65079999982737, 39.20740000006291]]]}}, {"type": "Feature", "properties": {"code": "8.5", "name": "MISSISSIPPI ALLUVIAL AND SOUTHEAST USA COASTAL PLAINS"}, "geometry": {"type": "Polygon", "coordinates": [[[-74.71582727180422, 39.11683636330994], [-74.70433636335162, 39.10760909120691], [-74.77875454555456, 39.02307272685424], [-74.78274545368393, 39.01957272678896], [-74.7874363630472, 39.0192272733359], [-74.7324636357379, 39.08898181760037], [-74.74642727346557, 39.09514545418315], [-74.72973636377168, 39.0915909090814], [-74.71582727180422, 39.11683636330994]]]}}, {"type": "Feature", "properties": {"code": "8.5", "name": "MISSISSIPPI ALLUVIAL AND SOUTHEAST USA COASTAL PLAINS"}, "geometry": {"type": "Polygon", "coordinates": [[[-74.72760909031982, 39.10426363561436], [-74.72367272718229, 39.10027272690545], [-74.73169090956208, 39.104490908699525], [-74.72760909031982, 39.10426363561436]]]}}, {"type": "Feature", "properties": {"code": "8.5", "name": "MISSISSIPPI ALLUVIAL AND SOUTHEAST USA COASTAL PLAINS"}, "geometry": {"type": "Polygon", "coordinates": [[[-74.72831818233385, 39.115181818184475], [-74.75028181770921, 39.10103636438886], [-74.75711818181615, 39.10641818192334], [-74.74987272778945, 39.11709090983093], [-74.72831818233385, 39.115181818184475]]]}}, {"type": "Feature", "properties": {"code": "8.5", "name": "MISSISSIPPI ALLUVIAL AND SOUTHEAST USA COASTAL PLAINS"}, "geometry": {"type": "Polygon", "coordinates": [[[-74.73160909142885, 39.108918181769205], [-74.72225454508529, 39.10518181946573], [-74.72034545412342, 39.103645455152424], [-74.73160909142885, 39.108918181769205]]]}}, {"type": "Feature", "properties": {"code": "8.5", "name": "MISSISSIPPI ALLUVIAL AND SOUTHEAST USA COASTAL PLAINS"}, "geometry": {"type": "Polygon", "coordinates": [[[-74.79118181860049, 39.04122727272975], [-74.79086363751283, 39.02960909116726], [-74.80013636457096, 39.031381817904304], [-74.79118181860049, 39.04122727272975]]]}}, {"type": "Feature", "properties": {"code": "8.5", "name": "MISSISSIPPI ALLUVIAL AND SOUTHEAST USA COASTAL PLAINS"}, "geometry": {"type": "Polygon", "coordinates": [[[-74.79550000025306, 39.02357272687671], [-74.78663636460075, 38.99864545381204], [-74.86511818163778, 38.94058181794426], [-74.87299090847193, 38.95502727301519], [-74.86001818187927, 38.97200909099331], [-74.84031818149923, 38.97300909086528], [-74.79550000025306, 39.02357272687671]]]}}, {"type": "Feature", "properties": {"code": "8.5", "name": "MISSISSIPPI ALLUVIAL AND SOUTHEAST USA COASTAL PLAINS"}, "geometry": {"type": "Polygon", "coordinates": [[[-74.8098909087147, 39.02991818116342], [-74.79911818190985, 39.00771818221134], [-74.81259090851793, 39.00448181807277], [-74.8098909087147, 39.02991818116342]]]}}, {"type": "Feature", "properties": {"code": "8.5", "name": "MISSISSIPPI ALLUVIAL AND SOUTHEAST USA COASTAL PLAINS"}, "geometry": {"type": "Polygon", "coordinates": [[[-74.83375454495528, 38.99441818160674], [-74.8205545459114, 39.00119091037353], [-74.81766363566531, 38.997690909259774], [-74.83375454495528, 38.99441818160674]]]}}, {"type": "Feature", "properties": {"code": "8.5", "name": "MISSISSIPPI ALLUVIAL AND SOUTHEAST USA COASTAL PLAINS"}, "geometry": {"type": "Polygon", "coordinates": [[[-74.85136363587789, 38.99725454489272], [-74.83436363679745, 38.99315454523262], [-74.8390818188948, 38.985790909250504], [-74.85136363587789, 38.99725454489272]]]}}, {"type": "Feature", "properties": {"code": "8.5", "name": "MISSISSIPPI ALLUVIAL AND SOUTHEAST USA COASTAL PLAINS"}, "geometry": {"type": "Polygon", "coordinates": [[[-75.07618181882307, 38.62565454449445], [-75.07678181789514, 38.610554545979724], [-75.09081818258232, 38.61593636388212], [-75.07618181882307, 38.62565454449445]]]}}, {"type": "Feature", "properties": {"code": "8.5", "name": "MISSISSIPPI ALLUVIAL AND SOUTHEAST USA COASTAL PLAINS"}, "geometry": {"type": "Polygon", "coordinates": [[[-75.09617272851301, 38.32497272691134], [-75.1970363641048, 38.08970909091868], [-75.35167272666759, 37.87039999974501], [-75.36899999960117, 37.85899090869411], [-75.3920090905024, 37.86773636330521], [-75.40046363651133, 37.875781817794476], [-75.35450909104914, 37.87117272731847], [-75.34400000010777, 37.88896363718938], [-75.38367272841471, 37.893127271824596], [-75.38102727232032, 37.91301818248054], [-75.33566363748984, 37.92156363585953], [-75.28729090895291, 37.97804545532779], [-75.30838181772287, 37.99409090880013], [-75.28630909116117, 37.99354545534565], [-75.26214545372424, 38.025636363685265], [-75.27438181817804, 38.00455454578578], [-75.26242727193794, 38.0132000000206], [-75.24982727192467, 38.045654544686336], [-75.24841818242538, 38.03307272846667], [-75.23822727217829, 38.042327272848944], [-75.24555454611327, 38.061272727228655], [-75.21546363550338, 38.07213636328948], [-75.2093636361728, 38.082781818084676], [-75.21656363550669, 38.0834454541277], [-75.22532727152598, 38.08910000001996], [-75.22472727300317, 38.09199999961271], [-75.19459999964691, 38.11300909062124], [-75.1810727266593, 38.13830909128123], [-75.19327272685875, 38.137272726523456], [-75.18879090895615, 38.16623636286363], [-75.1573818185539, 38.202827273199794], [-75.16873636429798, 38.20995454594994], [-75.14711818130498, 38.22326363681103], [-75.09617272851301, 38.32497272691134]]]}}, {"type": "Feature", "properties": {"code": "8.5", "name": "MISSISSIPPI ALLUVIAL AND SOUTHEAST USA COASTAL PLAINS"}, "geometry": {"type": "Polygon", "coordinates": [[[-75.29790909163, 37.9755727268026], [-75.30424545543859, 37.97557272679851], [-75.29779090856823, 37.979418182195126], [-75.29790909163, 37.9755727268026]]]}}, {"type": "Feature", "properties": {"code": "8.5", "name": "MISSISSIPPI ALLUVIAL AND SOUTHEAST USA COASTAL PLAINS"}, "geometry": {"type": "Polygon", "coordinates": [[[-75.31220000060578, 37.982027271775465], [-75.35569999981796, 37.9317454545596], [-75.33820909146246, 37.93974545412733], [-75.34959090955385, 37.9188818183541], [-75.40779090887965, 37.89879090854511], [-75.3316636374664, 37.98122727274806], [-75.31220000060578, 37.982027271775465]]]}}, {"type": "Feature", "properties": {"code": "8.5", "name": "MISSISSIPPI ALLUVIAL AND SOUTHEAST USA COASTAL PLAINS"}, "geometry": {"type": "Polygon", "coordinates": [[[-75.37682727198818, 37.93619090892981], [-75.3854636361671, 37.93477272833071], [-75.37490909056719, 37.93882727290757], [-75.37682727198818, 37.93619090892981]]]}}, {"type": "Feature", "properties": {"code": "8.5", "name": "MISSISSIPPI ALLUVIAL AND SOUTHEAST USA COASTAL PLAINS"}, "geometry": {"type": "Polygon", "coordinates": [[[-75.41649090961168, 37.88725454587287], [-75.4979909089226, 37.82044545494425], [-75.50803636343828, 37.82389090891919], [-75.46160908940614, 37.88573636421436], [-75.41649090961168, 37.88725454587287]]]}}, {"type": "Feature", "properties": {"code": "8.5", "name": "MISSISSIPPI ALLUVIAL AND SOUTHEAST USA COASTAL PLAINS"}, "geometry": {"type": "Polygon", "coordinates": [[[-75.4228363625579, 37.94613636380708], [-75.43283636354508, 37.934918180871556], [-75.44665454606425, 37.94134545359625], [-75.43839090946129, 37.94713636431786], [-75.4228363625579, 37.94613636380708]]]}}, {"type": "Feature", "properties": {"code": "8.5", "name": "MISSISSIPPI ALLUVIAL AND SOUTHEAST USA COASTAL PLAINS"}, "geometry": {"type": "Polygon", "coordinates": [[[-75.42526363658727, 37.94155454487762], [-75.41884545374369, 37.935009090634466], [-75.4321727265737, 37.933772727082605], [-75.42526363658727, 37.94155454487762]]]}}, {"type": "Feature", "properties": {"code": "8.5", "name": "MISSISSIPPI ALLUVIAL AND SOUTHEAST USA COASTAL PLAINS"}, "geometry": {"type": "Polygon", "coordinates": [[[-75.5098000000322, 37.82286363711753], [-75.51424545412154, 37.81022727195435], [-75.50053636408182, 37.81631818181459], [-75.52147272694455, 37.79555454534293], [-75.53219999980271, 37.80835454523592], [-75.5098000000322, 37.82286363711753]]]}}, {"type": "Feature", "properties": {"code": "8.5", "name": "MISSISSIPPI ALLUVIAL AND SOUTHEAST USA COASTAL PLAINS"}, "geometry": {"type": "Polygon", "coordinates": [[[-75.52389090937196, 35.27750909149347], [-75.52021818154581, 35.27391818199158], [-75.52124545443056, 35.27179999977571], [-75.52389090937196, 35.27750909149347]]]}}, {"type": "Feature", "properties": {"code": "8.5", "name": "MISSISSIPPI ALLUVIAL AND SOUTHEAST USA COASTAL PLAINS"}, "geometry": {"type": "Polygon", "coordinates": [[[-75.53163446990453, 35.77377878626008], [-75.50325454634465, 35.74457272669887], [-75.48972727173904, 35.71185454618743], [-75.45987272727642, 35.58462727333065], [-75.48700909084546, 35.394709090563545], [-75.52799090884889, 35.22518181803032], [-75.61036363676628, 35.231390909246244], [-75.75416363745117, 35.19017272672379], [-75.68106363645953, 35.22690909118477], [-75.68207272741184, 35.21564545481501], [-75.63797272725077, 35.22995454577395], [-75.58951818063186, 35.261554546075935], [-75.59598181796306, 35.26926363691827], [-75.519836364276, 35.26755454629095], [-75.48691818213922, 35.52177272693734], [-75.47491818148961, 35.53130000019706], [-75.46616363674136, 35.582136363237915], [-75.48117272727464, 35.67410000021269], [-75.51150909103778, 35.71069999983884], [-75.52020000031148, 35.74219090944227], [-75.50338181849733, 35.73760000008224], [-75.53163446990453, 35.77377878626008]]]}}, {"type": "Feature", "properties": {"code": "8.5", "name": "MISSISSIPPI ALLUVIAL AND SOUTHEAST USA COASTAL PLAINS"}, "geometry": {"type": "Polygon", "coordinates": [[[-75.58199152371904, 37.69282869258597], [-75.55671806445616, 37.75528571733152], [-75.5339010490136, 37.77737555015582], [-75.58199152371904, 37.69282869258597]]]}}, {"type": "Feature", "properties": {"code": "8.5", "name": "MISSISSIPPI ALLUVIAL AND SOUTHEAST USA COASTAL PLAINS"}, "geometry": {"type": "Polygon", "coordinates": [[[-75.58796579124842, 37.69061115884981], [-75.6170315064196, 37.61649400283802], [-75.61186029343473, 37.58210585330637], [-75.63732239129787, 37.64352932328076], [-75.58796579124842, 37.69061115884981]]]}}, {"type": "Feature", "properties": {"code": "8.5", "name": "MISSISSIPPI ALLUVIAL AND SOUTHEAST USA COASTAL PLAINS"}, "geometry": {"type": "Polygon", "coordinates": [[[-75.59424616538435, 37.68729810834142], [-75.6021738794412, 37.67904976402718], [-75.60407503258972, 37.68469204677705], [-75.59424616538435, 37.68729810834142]]]}}, {"type": "Feature", "properties": {"code": "8.5", "name": "MISSISSIPPI ALLUVIAL AND SOUTHEAST USA COASTAL PLAINS"}, "geometry": {"type": "Polygon", "coordinates": [[[-75.5984110313033, 37.68915324066446], [-75.61012388092986, 37.69416762920317], [-75.59662531595194, 37.692187397335815], [-75.5984110313033, 37.68915324066446]]]}}, {"type": "Feature", "properties": {"code": "8.5", "name": "MISSISSIPPI ALLUVIAL AND SOUTHEAST USA COASTAL PLAINS"}, "geometry": {"type": "Polygon", "coordinates": [[[-75.62230909052819, 35.898718181033125], [-75.61477272658995, 35.895818181853436], [-75.61833636372918, 35.89407272775672], [-75.62230909052819, 35.898718181033125]]]}}, {"type": "Feature", "properties": {"code": "8.5", "name": "MISSISSIPPI ALLUVIAL AND SOUTHEAST USA COASTAL PLAINS"}, "geometry": {"type": "Polygon", "coordinates": [[[-75.6239267854321, 37.572094244448806], [-75.65329369913461, 37.57145326699303], [-75.6685346165366, 37.58208034990913], [-75.6281974819645, 37.58756370166258], [-75.6239267854321, 37.572094244448806]]]}}, {"type": "Feature", "properties": {"code": "8.5", "name": "MISSISSIPPI ALLUVIAL AND SOUTHEAST USA COASTAL PLAINS"}, "geometry": {"type": "Polygon", "coordinates": [[[-75.62592587937866, 37.59816839507283], [-75.64072914102096, 37.59558952993318], [-75.63927303857511, 37.60204371768964], [-75.62592587937866, 37.59816839507283]]]}}, {"type": "Feature", "properties": {"code": "8.5", "name": "MISSISSIPPI ALLUVIAL AND SOUTHEAST USA COASTAL PLAINS"}, "geometry": {"type": "Polygon", "coordinates": [[[-75.64270179260878, 37.571263290156864], [-75.65359388280092, 37.55434896258524], [-75.66516817259166, 37.5670351047443], [-75.64270179260878, 37.571263290156864]]]}}, {"type": "Feature", "properties": {"code": "8.5", "name": "MISSISSIPPI ALLUVIAL AND SOUTHEAST USA COASTAL PLAINS"}, "geometry": {"type": "Polygon", "coordinates": [[[-75.65055235648545, 37.619505040854214], [-75.64468079239198, 37.586342390028165], [-75.6823296978748, 37.60532525426285], [-75.65055235648545, 37.619505040854214]]]}}, {"type": "Feature", "properties": {"code": "8.5", "name": "MISSISSIPPI ALLUVIAL AND SOUTHEAST USA COASTAL PLAINS"}, "geometry": {"type": "Polygon", "coordinates": [[[-75.67408703635697, 37.48438285630739], [-75.68557000857385, 37.50107361779963], [-75.67412508436603, 37.52620398504123], [-75.61820721474363, 37.577823643195096], [-75.60127161689961, 37.575747181963635], [-75.67408703635697, 37.48438285630739]]]}}, {"type": "Feature", "properties": {"code": "8.5", "name": "MISSISSIPPI ALLUVIAL AND SOUTHEAST USA COASTAL PLAINS"}, "geometry": {"type": "Polygon", "coordinates": [[[-75.68318634961784, 37.48619521254484], [-75.68660675814614, 37.4578274423179], [-75.71706832709164, 37.459240713437595], [-75.72397750074468, 37.481316415680695], [-75.68318634961784, 37.48619521254484]]]}}, {"type": "Feature", "properties": {"code": "8.5", "name": "MISSISSIPPI ALLUVIAL AND SOUTHEAST USA COASTAL PLAINS"}, "geometry": {"type": "Polygon", "coordinates": [[[-75.69513765832683, 37.439440369376385], [-75.7087162875049, 37.44361978479788], [-75.69588203353969, 37.447875744325664], [-75.69513765832683, 37.439440369376385]]]}}, {"type": "Feature", "properties": {"code": "8.5", "name": "MISSISSIPPI ALLUVIAL AND SOUTHEAST USA COASTAL PLAINS"}, "geometry": {"type": "Polygon", "coordinates": [[[-75.72647520694746, 37.36888331003725], [-75.69065960127288, 37.44940193633246], [-75.65786871030723, 37.46247554226856], [-75.65785244248056, 37.445791120760106], [-75.72647520694746, 37.36888331003725]]]}}, {"type": "Feature", "properties": {"code": "8.5", "name": "MISSISSIPPI ALLUVIAL AND SOUTHEAST USA COASTAL PLAINS"}, "geometry": {"type": "Polygon", "coordinates": [[[-75.72753636406178, 35.9349454540938], [-75.65956363650749, 35.91940000003543], [-75.66810909147149, 35.898954545012124], [-75.64658181860175, 35.91009090868626], [-75.62827272679014, 35.883927272727625], [-75.61398181781338, 35.84993636394846], [-75.64353636367854, 35.8788272732669], [-75.61743636464188, 35.84234545479463], [-75.62585454600303, 35.819136364036964], [-75.65396363694089, 35.82816363590254], [-75.66052727266435, 35.86892727333116], [-75.72753636406178, 35.9349454540938]]]}}, {"type": "Feature", "properties": {"code": "8.5", "name": "MISSISSIPPI ALLUVIAL AND SOUTHEAST USA COASTAL PLAINS"}, "geometry": {"type": "Polygon", "coordinates": [[[-75.756604512977, 37.33274720965374], [-75.76541188154718, 37.33029671868719], [-75.7619227359389, 37.341532306576994], [-75.756604512977, 37.33274720965374]]]}}, {"type": "Feature", "properties": {"code": "8.5", "name": "MISSISSIPPI ALLUVIAL AND SOUTHEAST USA COASTAL PLAINS"}, "geometry": {"type": "Polygon", "coordinates": [[[-75.76367272816891, 35.19560909085126], [-75.91837272849305, 35.12517272716033], [-76.0141818180205, 35.06619999956221], [-75.98446363658245, 35.09741818195693], [-75.9832545454161, 35.12032727312461], [-75.96044545497884, 35.114463636076756], [-75.78507272703874, 35.193827272852126], [-75.76367272816891, 35.19560909085126]]]}}, {"type": "Feature", "properties": {"code": "8.5", "name": "MISSISSIPPI ALLUVIAL AND SOUTHEAST USA COASTAL PLAINS"}, "geometry": {"type": "Polygon", "coordinates": [[[-75.7736104767316, 37.33987203415175], [-75.78192696615855, 37.33218233021377], [-75.78920344104839, 37.32825834534878], [-75.7736104767316, 37.33987203415175]]]}}, {"type": "Feature", "properties": {"code": "8.5", "name": "MISSISSIPPI ALLUVIAL AND SOUTHEAST USA COASTAL PLAINS"}, "geometry": {"type": "Polygon", "coordinates": [[[-75.77914119688637, 37.30017475604519], [-75.7492977781544, 37.32696041059994], [-75.72522916210076, 37.36078711088824], [-75.74378047985626, 37.32450892887227], [-75.77914119688637, 37.30017475604519]]]}}, {"type": "Feature", "properties": {"code": "8.5", "name": "MISSISSIPPI ALLUVIAL AND SOUTHEAST USA COASTAL PLAINS"}, "geometry": {"type": "Polygon", "coordinates": [[[-75.78939423332238, 37.40506094506425], [-75.82490031803779, 37.402189908016176], [-75.81249661846296, 37.418735241010424], [-75.78939423332238, 37.40506094506425]]]}}, {"type": "Feature", "properties": {"code": "8.5", "name": "MISSISSIPPI ALLUVIAL AND SOUTHEAST USA COASTAL PLAINS"}, "geometry": {"type": "Polygon", "coordinates": [[[-75.81013898111019, 37.19430599783619], [-75.86926897371406, 37.161101835991964], [-75.87886079206801, 37.17002402597015], [-75.86178991296215, 37.192704535613856], [-75.81502494813161, 37.20804564598286], [-75.81013898111019, 37.19430599783619]]]}}, {"type": "Feature", "properties": {"code": "8.5", "name": "MISSISSIPPI ALLUVIAL AND SOUTHEAST USA COASTAL PLAINS"}, "geometry": {"type": "Polygon", "coordinates": [[[-75.8106367259206, 37.241355085524305], [-75.79952754886212, 37.27302080428904], [-75.80093642892992, 37.29516347578712], [-75.796885872298, 37.25767868571612], [-75.8106367259206, 37.241355085524305]]]}}, {"type": "Feature", "properties": {"code": "8.5", "name": "MISSISSIPPI ALLUVIAL AND SOUTHEAST USA COASTAL PLAINS"}, "geometry": {"type": "Polygon", "coordinates": [[[-75.81239619168034, 37.23775156611283], [-75.80877090337496, 37.21568805762565], [-75.83976035859789, 37.208710215688974], [-75.8410784862985, 37.22155785094277], [-75.81313220213677, 37.22185641889175], [-75.82335561102416, 37.235667798347734], [-75.81239619168034, 37.23775156611283]]]}}, {"type": "Feature", "properties": {"code": "8.5", "name": "MISSISSIPPI ALLUVIAL AND SOUTHEAST USA COASTAL PLAINS"}, "geometry": {"type": "Polygon", "coordinates": [[[-75.82436279182508, 37.409940616947985], [-75.82727295223339, 37.387248276000605], [-75.84355654356169, 37.39931191802477], [-75.82436279182508, 37.409940616947985]]]}}, {"type": "Feature", "properties": {"code": "8.5", "name": "MISSISSIPPI ALLUVIAL AND SOUTHEAST USA COASTAL PLAINS"}, "geometry": {"type": "Polygon", "coordinates": [[[-75.82716181262167, 37.18091826394863], [-75.89474694381215, 37.1175658964086], [-75.92376851950335, 37.11212870221278], [-75.82716181262167, 37.18091826394863]]]}}, {"type": "Feature", "properties": {"code": "8.5", "name": "MISSISSIPPI ALLUVIAL AND SOUTHEAST USA COASTAL PLAINS"}, "geometry": {"type": "Polygon", "coordinates": [[[-75.829891090074, 37.276140842072685], [-75.84497047878102, 37.27420708482554], [-75.84745082101396, 37.27652613363349], [-75.83512312110577, 37.289241931288174], [-75.829891090074, 37.276140842072685]]]}}, {"type": "Feature", "properties": {"code": "8.5", "name": "MISSISSIPPI ALLUVIAL AND SOUTHEAST USA COASTAL PLAINS"}, "geometry": {"type": "Polygon", "coordinates": [[[-75.8424999991173, 39.57925454637054], [-75.84323993443716, 39.57970976866984], [-75.84314917316297, 39.58002135492863], [-75.8424999991173, 39.57925454637054]]]}}, {"type": "Feature", "properties": {"code": "8.5", "name": "MISSISSIPPI ALLUVIAL AND SOUTHEAST USA COASTAL PLAINS"}, "geometry": {"type": "Polygon", "coordinates": [[[-75.86376900385093, 37.334725784406075], [-75.83312613542853, 37.340058046734136], [-75.86974128682162, 37.30053198095707], [-75.90079508811955, 37.296497719607125], [-75.88890534489256, 37.31878569569581], [-75.8696333609607, 37.320069305190096], [-75.8788446329251, 37.334382821378846], [-75.85249431745113, 37.36905577513804], [-75.86376900385093, 37.334725784406075]]]}}, {"type": "Feature", "properties": {"code": "8.5", "name": "MISSISSIPPI ALLUVIAL AND SOUTHEAST USA COASTAL PLAINS"}, "geometry": {"type": "Polygon", "coordinates": [[[-75.8657479514102, 35.973237356458554], [-75.91893784609923, 35.93583297148037], [-75.9472218741317, 35.95926552899527], [-75.89764067307614, 35.97570336500599], [-75.8657479514102, 35.973237356458554]]]}}, {"type": "Feature", "properties": {"code": "8.5", "name": "MISSISSIPPI ALLUVIAL AND SOUTHEAST USA COASTAL PLAINS"}, "geometry": {"type": "Polygon", "coordinates": [[[-75.87647861274753, 37.27992763864431], [-75.8573276315904, 37.28470808197414], [-75.84993005956721, 37.27002142591348], [-75.88553124351516, 37.22227155982638], [-75.88607654273537, 37.20322439886739], [-75.8712100412149, 37.208861694907405], [-75.86711163046554, 37.195410229664766], [-75.88255580848322, 37.17249640896313], [-75.87071348925417, 37.15786791789058], [-75.89363945848454, 37.154641579300886], [-75.89578684804428, 37.18355043608005], [-75.9105977316099, 37.15089097269952], [-75.90468424388497, 37.22563381239249], [-75.92028035079008, 37.23504501813081], [-75.89694419558879, 37.2463191599201], [-75.89423828345997, 37.28400441497886], [-75.86603706069707, 37.29147041636949], [-75.87647861274753, 37.27992763864431]]]}}, {"type": "Feature", "properties": {"code": "8.5", "name": "MISSISSIPPI ALLUVIAL AND SOUTHEAST USA COASTAL PLAINS"}, "geometry": {"type": "Polygon", "coordinates": [[[-75.90024197241385, 37.29084712979352], [-75.90517434871623, 37.291059447645985], [-75.90441973982367, 37.29381416312627], [-75.90024197241385, 37.29084712979352]]]}}, {"type": "Feature", "properties": {"code": "8.5", "name": "MISSISSIPPI ALLUVIAL AND SOUTHEAST USA COASTAL PLAINS"}, "geometry": {"type": "Polygon", "coordinates": [[[-75.91285151008094, 37.28988066936103], [-75.90516252215896, 37.31699221495233], [-75.90195117534893, 37.31624632488286], [-75.89947797787923, 37.31089033669462], [-75.91285151008094, 37.28988066936103]]]}}, {"type": "Feature", "properties": {"code": "8.5", "name": "MISSISSIPPI ALLUVIAL AND SOUTHEAST USA COASTAL PLAINS"}, "geometry": {"type": "Polygon", "coordinates": [[[-75.92641608410449, 37.139726848367744], [-75.9296308314495, 37.132446134800986], [-75.93282929125, 37.135535260176226], [-75.92641608410449, 37.139726848367744]]]}}, {"type": "Feature", "properties": {"code": "8.5", "name": "MISSISSIPPI ALLUVIAL AND SOUTHEAST USA COASTAL PLAINS"}, "geometry": {"type": "Polygon", "coordinates": [[[-75.93887704869857, 37.13400257832518], [-75.9465695610666, 37.120617016179075], [-75.96077127475314, 37.118811494888], [-75.93887704869857, 37.13400257832518]]]}}, {"type": "Feature", "properties": {"code": "8.5", "name": "MISSISSIPPI ALLUVIAL AND SOUTHEAST USA COASTAL PLAINS"}, "geometry": {"type": "Polygon", "coordinates": [[[-75.9435363642314, 38.162981817613534], [-75.92139090736222, 38.13650000012802], [-75.92741818080212, 38.1270454546867], [-75.95940908979513, 38.13661818226051], [-75.9435363642314, 38.162981817613534]]]}}, {"type": "Feature", "properties": {"code": "8.5", "name": "MISSISSIPPI ALLUVIAL AND SOUTHEAST USA COASTAL PLAINS"}, "geometry": {"type": "Polygon", "coordinates": [[[-75.97708181828351, 37.10184545390761], [-75.95455454494024, 37.09757272667044], [-75.95484545487153, 37.09024545470948], [-75.9762727272818, 37.085918181802725], [-75.97708181828351, 37.10184545390761]]]}}, {"type": "Feature", "properties": {"code": "8.5", "name": "MISSISSIPPI ALLUVIAL AND SOUTHEAST USA COASTAL PLAINS"}, "geometry": {"type": "Polygon", "coordinates": [[[-75.99785454474184, 37.831490908739276], [-75.98440000056917, 37.82513636369405], [-75.99460909110329, 37.81276363590138], [-75.97884545406481, 37.802881818147405], [-75.99829999989987, 37.81262727209979], [-75.99785454474184, 37.831490908739276]]]}}, {"type": "Feature", "properties": {"code": "8.5", "name": "MISSISSIPPI ALLUVIAL AND SOUTHEAST USA COASTAL PLAINS"}, "geometry": {"type": "Polygon", "coordinates": [[[-76.01157319165996, 38.12595230612163], [-76.02138668668927, 38.10866141099257], [-76.02954165788287, 38.113433497198166], [-76.02239202256439, 38.13328478229917], [-76.01157319165996, 38.12595230612163]]]}}, {"type": "Feature", "properties": {"code": "8.5", "name": "MISSISSIPPI ALLUVIAL AND SOUTHEAST USA COASTAL PLAINS"}, "geometry": {"type": "Polygon", "coordinates": [[[-76.0146390323474, 37.99031118811586], [-75.9886346145366, 37.9626820688983], [-75.99777295413237, 37.946261774663355], [-76.01945498944457, 37.97203213227018], [-76.0146390323474, 37.99031118811586]]]}}, {"type": "Feature", "properties": {"code": "8.5", "name": "MISSISSIPPI ALLUVIAL AND SOUTHEAST USA COASTAL PLAINS"}, "geometry": {"type": "Polygon", "coordinates": [[[-76.01610200395552, 38.03082738422881], [-75.98601834357927, 38.021765753790106], [-75.98307979530199, 38.00497193235139], [-75.99436219546918, 38.00749545572687], [-75.98187884069192, 37.98797708804089], [-75.99531193740158, 37.972758265305906], [-76.0221578875299, 38.01568799895925], [-76.04800175312832, 38.01034430058562], [-76.03992425466099, 38.03362792698791], [-76.00900237935383, 38.03829352197429], [-76.01610200395552, 38.03082738422881]]]}}, {"type": "Feature", "properties": {"code": "8.5", "name": "MISSISSIPPI ALLUVIAL AND SOUTHEAST USA COASTAL PLAINS"}, "geometry": {"type": "Polygon", "coordinates": [[[-76.0188181813316, 37.96920000024237], [-76.02465454479905, 37.965127273208175], [-76.021272727377, 37.97189999985956], [-76.0188181813316, 37.96920000024237]]]}}, {"type": "Feature", "properties": {"code": "8.5", "name": "MISSISSIPPI ALLUVIAL AND SOUTHEAST USA COASTAL PLAINS"}, "geometry": {"type": "Polygon", "coordinates": [[[-76.03363636345055, 37.99600909125271], [-76.02500000023781, 37.97364545472273], [-76.04032727232133, 37.981518182032055], [-76.04059090862141, 37.970627272666846], [-76.04908181816683, 37.996954544668256], [-76.03363636345055, 37.99600909125271]]]}}, {"type": "Feature", "properties": {"code": "8.5", "name": "MISSISSIPPI ALLUVIAL AND SOUTHEAST USA COASTAL PLAINS"}, "geometry": {"type": "Polygon", "coordinates": [[[-76.03412385992834, 37.96679840398057], [-76.01784459954666, 37.954971044002434], [-76.02523570421367, 37.92195545298608], [-76.03333314088489, 37.931449601091224], [-76.03412385992834, 37.96679840398057]]]}}, {"type": "Feature", "properties": {"code": "8.5", "name": "MISSISSIPPI ALLUVIAL AND SOUTHEAST USA COASTAL PLAINS"}, "geometry": {"type": "Polygon", "coordinates": [[[-76.03469774064953, 38.12145942487611], [-76.00853923884466, 38.094959559745774], [-76.01245230501351, 38.07082316195804], [-76.0573335065914, 38.09193764164812], [-76.03285561974758, 38.086100600789955], [-76.049655379947, 38.10762579479774], [-76.03469774064953, 38.12145942487611]]]}}, {"type": "Feature", "properties": {"code": "8.5", "name": "MISSISSIPPI ALLUVIAL AND SOUTHEAST USA COASTAL PLAINS"}, "geometry": {"type": "Polygon", "coordinates": [[[-76.04317264691342, 37.97514396104501], [-76.0423114359726, 37.94386040510149], [-76.04798434494998, 37.97903780231245], [-76.04317264691342, 37.97514396104501]]]}}, {"type": "Feature", "properties": {"code": "8.5", "name": "MISSISSIPPI ALLUVIAL AND SOUTHEAST USA COASTAL PLAINS"}, "geometry": {"type": "Polygon", "coordinates": [[[-76.04616967437153, 38.20148769725702], [-76.02233146864538, 38.17800367967245], [-76.04437562436217, 38.165808202982596], [-76.03197081758756, 38.148511774105735], [-76.05162506962775, 38.147260141798014], [-76.05696880365309, 38.17326149092528], [-76.09125843881073, 38.161025212966486], [-76.08833969459104, 38.19279720850641], [-76.04616967437153, 38.20148769725702]]]}}, {"type": "Feature", "properties": {"code": "8.5", "name": "MISSISSIPPI ALLUVIAL AND SOUTHEAST USA COASTAL PLAINS"}, "geometry": {"type": "Polygon", "coordinates": [[[-76.06936363582743, 35.07021818195272], [-76.05432727338005, 35.065018181634564], [-76.07376363622151, 35.06071818197523], [-76.06936363582743, 35.07021818195272]]]}}, {"type": "Feature", "properties": {"code": "8.5", "name": "MISSISSIPPI ALLUVIAL AND SOUTHEAST USA COASTAL PLAINS"}, "geometry": {"type": "Polygon", "coordinates": [[[-76.07538181942382, 35.07024545430232], [-76.07070000029469, 35.067427272879705], [-76.07571818048139, 35.0656181818584], [-76.07538181942382, 35.07024545430232]]]}}, {"type": "Feature", "properties": {"code": "8.5", "name": "MISSISSIPPI ALLUVIAL AND SOUTHEAST USA COASTAL PLAINS"}, "geometry": {"type": "Polygon", "coordinates": [[[-76.07819999961127, 35.06330000027107], [-76.07688181754374, 35.053999999985095], [-76.08507272843252, 35.0568181808182], [-76.07819999961127, 35.06330000027107]]]}}, {"type": "Feature", "properties": {"code": "8.5", "name": "MISSISSIPPI ALLUVIAL AND SOUTHEAST USA COASTAL PLAINS"}, "geometry": {"type": "Polygon", "coordinates": [[[-76.08575454542554, 39.53960000029254], [-76.0964545450559, 39.53644545507425], [-76.11319090902232, 39.50185454569362], [-76.12149090904092, 39.48987272779357], [-76.12325454651148, 39.48892727298667], [-76.12292727315231, 39.49965454474647], [-76.13085454523367, 39.504563635989854], [-76.12994545498759, 39.512172726808224], [-76.13035454512999, 39.51279090862168], [-76.13050909068151, 39.512836363077845], [-76.1314181815694, 39.51275454602561], [-76.13367272745243, 39.48880909065469], [-76.0726181810496, 39.47529090887288], [-76.06165454600485, 39.44792727265182], [-76.15867272764517, 39.406945453644305], [-76.17993636350946, 39.3778545452148], [-76.16677272654387, 39.39835454494406], [-76.19941818167324, 39.38496363680257], [-76.20465454497077, 39.402727273326654], [-76.22186363549815, 39.389463636220675], [-76.23249999963981, 39.40096363568376], [-76.21636363646111, 39.41131818240439], [-76.2280272736251, 39.412999999697725], [-76.23428181833124, 39.40067272852416], [-76.2289181813125, 39.37848181952387], [-76.18688181889057, 39.380509091317315], [-76.22826363702602, 39.349945455266734], [-76.2543363639979, 39.377481817805716], [-76.22485454531318, 39.42378181824433], [-76.23925454547754, 39.43878181909754], [-76.23200000038669, 39.46004545525167], [-76.22457272833309, 39.462999999690986], [-76.21926363614466, 39.477772728353045], [-76.25032727342018, 39.462018181819595], [-76.2547272724899, 39.41213636405862], [-76.27573636401335, 39.40900909081104], [-76.2773090908055, 39.41422727179449], [-76.27540909127815, 39.41746363605148], [-76.2751454547753, 39.419254546229446], [-76.27562727238777, 39.419672727268924], [-76.28642727304356, 39.41139999995457], [-76.26502727308387, 39.39234545478367], [-76.28352727250845, 39.39781818174492], [-76.26856363719891, 39.3884636363321], [-76.28688181755341, 39.36870909128391], [-76.25649090916723, 39.33792727161693], [-76.27379090929928, 39.33554545394642], [-76.28199090920288, 39.299554546306446], [-76.29660909097338, 39.3018090910639], [-76.29476363545345, 39.348981818040826], [-76.32279090882498, 39.35677272697536], [-76.30605454620694, 39.36091818121038], [-76.30367272738366, 39.38155454588645], [-76.34739090940668, 39.39951818250672], [-76.27799025883276, 39.42645689205523], [-76.30968096302146, 39.448823950454056], [-76.2683890113244, 39.445786232645496], [-76.24239209906892, 39.47162374869995], [-76.13057852101966, 39.51606952364414], [-76.10050800452645, 39.55227364994368], [-76.08575454542554, 39.53960000029254]]]}}, {"type": "Feature", "properties": {"code": "8.5", "name": "MISSISSIPPI ALLUVIAL AND SOUTHEAST USA COASTAL PLAINS"}, "geometry": {"type": "Polygon", "coordinates": [[[-76.12598181767703, 35.00118181907723], [-76.0376090914826, 35.06341818168651], [-76.03970000001769, 35.05686363684424], [-76.12598181767703, 35.00118181907723]]]}}, {"type": "Feature", "properties": {"code": "8.5", "name": "MISSISSIPPI ALLUVIAL AND SOUTHEAST USA COASTAL PLAINS"}, "geometry": {"type": "Polygon", "coordinates": [[[-76.12665454616757, 35.00016363587436], [-76.20765454453264, 34.93575454492003], [-76.21293636409641, 34.936400000217255], [-76.12665454616757, 35.00016363587436]]]}}, {"type": "Feature", "properties": {"code": "8.5", "name": "MISSISSIPPI ALLUVIAL AND SOUTHEAST USA COASTAL PLAINS"}, "geometry": {"type": "Polygon", "coordinates": [[[-76.12997272677293, 38.90376363724197], [-76.1045363630246, 38.882945453894656], [-76.15343636308576, 38.892309091114065], [-76.18631818234864, 38.86456363599064], [-76.16672727251463, 38.902018182277594], [-76.12997272677293, 38.90376363724197]]]}}, {"type": "Feature", "properties": {"code": "8.5", "name": "MISSISSIPPI ALLUVIAL AND SOUTHEAST USA COASTAL PLAINS"}, "geometry": {"type": "Polygon", "coordinates": [[[-76.13978181874916, 35.00695454512238], [-76.13959091037675, 35.00016363619158], [-76.14376363726475, 35.002427272631174], [-76.13978181874916, 35.00695454512238]]]}}, {"type": "Feature", "properties": {"code": "8.5", "name": "MISSISSIPPI ALLUVIAL AND SOUTHEAST USA COASTAL PLAINS"}, "geometry": {"type": "Polygon", "coordinates": [[[-76.14741818202512, 34.992645455158396], [-76.15029999982994, 34.99142727197618], [-76.14805454633776, 34.99341818179428], [-76.14741818202512, 34.992645455158396]]]}}, {"type": "Feature", "properties": {"code": "8.5", "name": "MISSISSIPPI ALLUVIAL AND SOUTHEAST USA COASTAL PLAINS"}, "geometry": {"type": "Polygon", "coordinates": [[[-76.17578181882902, 34.96777272691458], [-76.17408181773943, 34.9660545462865], [-76.17636363750326, 34.96490909116505], [-76.17578181882902, 34.96777272691458]]]}}, {"type": "Feature", "properties": {"code": "8.5", "name": "MISSISSIPPI ALLUVIAL AND SOUTHEAST USA COASTAL PLAINS"}, "geometry": {"type": "Polygon", "coordinates": [[[-76.18277272803168, 38.33617272766792], [-76.17240000046576, 38.32611818174247], [-76.19686363709856, 38.316572728448], [-76.19910908955487, 38.325890908930845], [-76.18277272803168, 38.33617272766792]]]}}, {"type": "Feature", "properties": {"code": "8.5", "name": "MISSISSIPPI ALLUVIAL AND SOUTHEAST USA COASTAL PLAINS"}, "geometry": {"type": "Polygon", "coordinates": [[[-76.18445454644998, 34.96415454635957], [-76.18551818255233, 34.9612909089978], [-76.18562727260489, 34.96445454613359], [-76.18445454644998, 34.96415454635957]]]}}, {"type": "Feature", "properties": {"code": "8.5", "name": "MISSISSIPPI ALLUVIAL AND SOUTHEAST USA COASTAL PLAINS"}, "geometry": {"type": "Polygon", "coordinates": [[[-76.18607272697484, 34.96523636431878], [-76.17967272724705, 34.9625818192847], [-76.18059090872525, 34.960627273034596], [-76.18607272697484, 34.96523636431878]]]}}, {"type": "Feature", "properties": {"code": "8.5", "name": "MISSISSIPPI ALLUVIAL AND SOUTHEAST USA COASTAL PLAINS"}, "geometry": {"type": "Polygon", "coordinates": [[[-76.19549999975634, 34.959918181545625], [-76.18779999964404, 34.95430909065981], [-76.19520000040693, 34.956072727351284], [-76.19549999975634, 34.959918181545625]]]}}, {"type": "Feature", "properties": {"code": "8.5", "name": "MISSISSIPPI ALLUVIAL AND SOUTHEAST USA COASTAL PLAINS"}, "geometry": {"type": "Polygon", "coordinates": [[[-76.21916363715782, 39.05370000031361], [-76.20703636453604, 39.033100000113286], [-76.21619090871121, 39.02291818152581], [-76.20849999978974, 39.024818182170826], [-76.19764545521772, 39.0120272735037], [-76.24253636338474, 39.02842727331341], [-76.21916363715782, 39.05370000031361]]]}}, {"type": "Feature", "properties": {"code": "8.5", "name": "MISSISSIPPI ALLUVIAL AND SOUTHEAST USA COASTAL PLAINS"}, "geometry": {"type": "Polygon", "coordinates": [[[-76.22576363617755, 38.34790909111125], [-76.21093636379278, 38.32877272661286], [-76.21767272665551, 38.33458181803618], [-76.22502727154351, 38.33556363727157], [-76.22827272698491, 38.31728181755594], [-76.21005454631177, 38.303890909372306], [-76.20959090832399, 38.30123636389351], [-76.20673636364603, 38.299709091083116], [-76.20113636450857, 38.29000000015851], [-76.1732181817953, 38.29739090911149], [-76.16070909117468, 38.29171818244509], [-76.17839090900976, 38.28990909080453], [-76.18147272836586, 38.26976363644331], [-76.15349999994866, 38.239827273227114], [-76.22960909110284, 38.314100000305785], [-76.22576363617755, 38.34790909111125]]]}}, {"type": "Feature", "properties": {"code": "8.5", "name": "MISSISSIPPI ALLUVIAL AND SOUTHEAST USA COASTAL PLAINS"}, "geometry": {"type": "Polygon", "coordinates": [[[-76.28555454485713, 38.993263636923366], [-76.25889999962715, 38.983845454485206], [-76.25985454552189, 38.969427273174], [-76.25334545382789, 38.980436363713956], [-76.24338181795765, 38.98091818215215], [-76.2760545453426, 38.951472726928024], [-76.25118181806948, 38.9546636370001], [-76.25008181765342, 38.93829999963421], [-76.26279999954382, 38.93737272795464], [-76.24880909053125, 38.92143636324963], [-76.26222727262368, 38.919972727950665], [-76.26928181865138, 38.944654544801324], [-76.28750000049779, 38.93700909066022], [-76.28181818108536, 38.95391818163191], [-76.28274545473451, 38.963754544876515], [-76.29996363645539, 38.90153636409358], [-76.31159090886545, 38.93136363552561], [-76.29444545454592, 38.96708181783127], [-76.30684545450589, 38.974145455173684], [-76.30898181797473, 38.95341818218993], [-76.31186363695386, 38.95476363590182], [-76.3116000002672, 38.96871818216928], [-76.31646363555879, 38.97608181819971], [-76.31299090924057, 38.94412727271442], [-76.33070909135655, 38.95639999998577], [-76.33980908995034, 38.957090908871315], [-76.34239090943079, 38.952409091060964], [-76.31470000033882, 38.93510909153024], [-76.31585454614387, 38.915027272798966], [-76.32975454579424, 38.92520000025885], [-76.34003636354599, 38.91130909103622], [-76.34344545447796, 38.92862727308026], [-76.34785454487303, 38.91240909134843], [-76.33103636366918, 38.86431818172415], [-76.34059090871595, 38.85573636406225], [-76.34291818210464, 38.874545455198245], [-76.34237272715268, 38.85535454462117], [-76.37586363755015, 38.83808181797553], [-76.3566818184307, 38.88722727207192], [-76.36172727321598, 38.939172726963434], [-76.333936363234, 38.96930909101137], [-76.30836363626885, 39.03750909071541], [-76.28555454485713, 38.993263636923366]]]}}, {"type": "Feature", "properties": {"code": "8.5", "name": "MISSISSIPPI ALLUVIAL AND SOUTHEAST USA COASTAL PLAINS"}, "geometry": {"type": "Polygon", "coordinates": [[[-76.29724545539844, 37.51572727276012], [-76.26534545373202, 37.48196363576434], [-76.26144545467228, 37.47225454570025], [-76.29036363724927, 37.499109091229485], [-76.3152999996958, 37.48927272682561], [-76.29724545539844, 37.51572727276012]]]}}, {"type": "Feature", "properties": {"code": "8.5", "name": "MISSISSIPPI ALLUVIAL AND SOUTHEAST USA COASTAL PLAINS"}, "geometry": {"type": "Polygon", "coordinates": [[[-76.3138363640606, 34.855118181909894], [-76.2113545460522, 34.93300909123953], [-76.24495454586122, 34.90482727336834], [-76.3138363640606, 34.855118181909894]]]}}, {"type": "Feature", "properties": {"code": "8.5", "name": "MISSISSIPPI ALLUVIAL AND SOUTHEAST USA COASTAL PLAINS"}, "geometry": {"type": "Polygon", "coordinates": [[[-76.32094545410533, 34.853054546441655], [-76.4841818177551, 34.67468181823201], [-76.52420000036743, 34.61541818187081], [-76.53251818210839, 34.586172727209814], [-76.53648181746898, 34.58173636322676], [-76.55502727306035, 34.615354545390126], [-76.55311818174167, 34.629654544933494], [-76.54832727246394, 34.613590909178654], [-76.53062727261825, 34.613109091020966], [-76.48604545477035, 34.69076363733565], [-76.42349090951345, 34.7493999999427], [-76.4386090915927, 34.76085454484732], [-76.41930000046926, 34.754645454187475], [-76.32094545410533, 34.853054546441655]]]}}, {"type": "Feature", "properties": {"code": "8.5", "name": "MISSISSIPPI ALLUVIAL AND SOUTHEAST USA COASTAL PLAINS"}, "geometry": {"type": "Polygon", "coordinates": [[[-76.33111818236037, 35.02431818188901], [-76.29671818042557, 35.01099090919248], [-76.29763636435558, 34.99548181817035], [-76.31609090938579, 35.01541818234204], [-76.27584545470802, 34.959727272603395], [-76.27914545462043, 34.94836363703721], [-76.29266363585344, 34.95661818131546], [-76.29374545367732, 34.95533636419661], [-76.27848181762603, 34.940290909006194], [-76.2979818181839, 34.939281817611985], [-76.29717272780621, 34.92366363573484], [-76.32793636372644, 34.93689999975811], [-76.38230909037784, 34.93090909082992], [-76.38540000034808, 34.96001818252601], [-76.37001818182371, 34.95298181906895], [-76.38163636390294, 34.97943636407365], [-76.3165000002871, 34.95715454466576], [-76.35589999998051, 35.021936363824736], [-76.31809090931573, 35.00280000026436], [-76.33111818236037, 35.02431818188901]]]}}, {"type": "Feature", "properties": {"code": "8.5", "name": "MISSISSIPPI ALLUVIAL AND SOUTHEAST USA COASTAL PLAINS"}, "geometry": {"type": "Polygon", "coordinates": [[[-76.34809078090362, 39.3996048687446], [-76.35019090883296, 39.39656363579082], [-76.35091431252175, 39.39963230072629], [-76.34809078090362, 39.3996048687446]]]}}, {"type": "Feature", "properties": {"code": "8.5", "name": "MISSISSIPPI ALLUVIAL AND SOUTHEAST USA COASTAL PLAINS"}, "geometry": {"type": "Polygon", "coordinates": [[[-76.34966363553704, 39.33364545405154], [-76.32910908981778, 39.31518181821022], [-76.33674545528066, 39.30484545501649], [-76.36049090853697, 39.31954545360387], [-76.34966363553704, 39.33364545405154]]]}}, {"type": "Feature", "properties": {"code": "8.5", "name": "MISSISSIPPI ALLUVIAL AND SOUTHEAST USA COASTAL PLAINS"}, "geometry": {"type": "Polygon", "coordinates": [[[-76.35253023402117, 39.39964817834103], [-76.3532727283865, 39.39792727339054], [-76.35486128290127, 39.39961673378594], [-76.35253023402117, 39.39964817834103]]]}}, {"type": "Feature", "properties": {"code": "8.5", "name": "MISSISSIPPI ALLUVIAL AND SOUTHEAST USA COASTAL PLAINS"}, "geometry": {"type": "Polygon", "coordinates": [[[-76.35456363658801, 39.396827272059596], [-76.37268181824658, 39.38131818072161], [-76.39441283089576, 39.381429243581124], [-76.37656333906608, 39.39485469778305], [-76.35456363658801, 39.396827272059596]]]}}, {"type": "Feature", "properties": {"code": "8.5", "name": "MISSISSIPPI ALLUVIAL AND SOUTHEAST USA COASTAL PLAINS"}, "geometry": {"type": "Polygon", "coordinates": [[[-76.37168181780275, 39.36631818206838], [-76.3380090909762, 39.37365454622803], [-76.3453818181429, 39.35845454482779], [-76.33047272736046, 39.335309091154805], [-76.36189999980867, 39.357599999963796], [-76.37218181893981, 39.35206363598028], [-76.35605454455408, 39.33496363712055], [-76.38545454644093, 39.345445454338034], [-76.36188181867006, 39.32733636380294], [-76.3915363640582, 39.32124545363664], [-76.36695454574946, 39.31560000001027], [-76.37649090877879, 39.30028181811128], [-76.40245454511088, 39.308245454907826], [-76.40230000087496, 39.33610909081739], [-76.4038636359424, 39.31680000008044], [-76.41835454640031, 39.32047272704697], [-76.41071818194717, 39.30817272725442], [-76.4245090904502, 39.32839090886061], [-76.42729999953671, 39.31602727304797], [-76.43580909168, 39.3188181817207], [-76.43941818226723, 39.325018182232796], [-76.44329090931393, 39.32700909139273], [-76.44090908989047, 39.31187272767677], [-76.41907272798368, 39.310454545016725], [-76.43260909128088, 39.30039090920294], [-76.39896363610498, 39.29662727159738], [-76.41828181819751, 39.2837090906346], [-76.38155454626418, 39.28599999984372], [-76.40170000036687, 39.277736364200685], [-76.40054545515473, 39.24886363619441], [-76.43675454568026, 39.25363636418337], [-76.43138181843894, 39.29070909076731], [-76.4516818179482, 39.283354545291644], [-76.48978181813189, 39.30453636361474], [-76.48395277291705, 39.31995368069248], [-76.45426877823, 39.30346627296242], [-76.46414219144708, 39.33285206818327], [-76.4536963503092, 39.34443108237499], [-76.38555181657891, 39.352254743651145], [-76.39594000748518, 39.37745454482455], [-76.37168181780275, 39.36631818206838]]]}}, {"type": "Feature", "properties": {"code": "8.5", "name": "MISSISSIPPI ALLUVIAL AND SOUTHEAST USA COASTAL PLAINS"}, "geometry": {"type": "Polygon", "coordinates": [[[-76.39738181874856, 38.30842727273157], [-76.3734454543686, 38.297727273282895], [-76.39885454465829, 38.26699999999207], [-76.3852454541493, 38.21775454560087], [-76.32013636359376, 38.13833636303505], [-76.33876363601114, 38.119500000272865], [-76.3356090906399, 38.13100909110391], [-76.3461818180124, 38.12829090930458], [-76.34097272703649, 38.1431636364349], [-76.35144545453014, 38.15337272684362], [-76.3628363623429, 38.11374545529508], [-76.34705454542215, 38.12125454510957], [-76.34380909020433, 38.118399999602836], [-76.35677272838483, 38.10935454551119], [-76.35483636377154, 38.09699090860755], [-76.3420727271724, 38.11929090888982], [-76.33079090832204, 38.099336364267835], [-76.3218909086692, 38.0363636361326], [-76.36123636460385, 38.0595454538584], [-76.38185454536017, 38.08998181772642], [-76.37391818167065, 38.09192727310322], [-76.37288181766405, 38.09716363670633], [-76.39106363733805, 38.09362727325294], [-76.3820727284153, 38.109345453712585], [-76.40615454631363, 38.10686363636652], [-76.38264545411849, 38.12159090922485], [-76.39623636279937, 38.12374545464622], [-76.39144545436962, 38.138518181683665], [-76.40539090848914, 38.117318181277966], [-76.41207272823522, 38.14172727218871], [-76.4199909095118, 38.13756363682793], [-76.4165545455769, 38.10446363563343], [-76.43743636366493, 38.13415454612624], [-76.44166363714359, 38.15063636281372], [-76.40600909124805, 38.1615727284328], [-76.41009090862624, 38.173445454954255], [-76.43894545400386, 38.160609090609505], [-76.42625724361898, 38.18768436146088], [-76.40992377581958, 38.177567286255965], [-76.37921971534166, 38.12488123199604], [-76.36006450111253, 38.12710988339471], [-76.41042999570995, 38.25230844002308], [-76.4515087716338, 38.28716029564409], [-76.39738181874856, 38.30842727273157]]]}}, {"type": "Feature", "properties": {"code": "8.5", "name": "MISSISSIPPI ALLUVIAL AND SOUTHEAST USA COASTAL PLAINS"}, "geometry": {"type": "Polygon", "coordinates": [[[-76.40124545431755, 39.027972726856405], [-76.39479999896531, 39.011609091045415], [-76.42249090894653, 38.98672727218797], [-76.42727272792202, 38.98956363622798], [-76.41552727212165, 39.01124545495323], [-76.41613636315559, 39.018599999771546], [-76.41721818150795, 39.01932727320381], [-76.4266909091448, 39.00080909110623], [-76.43016363600961, 39.02001818214145], [-76.4472000000156, 39.0226818181168], [-76.4331272715668, 39.01832727218118], [-76.4490636359615, 39.016045454081855], [-76.43615454473434, 38.99600909078052], [-76.4622711154157, 39.0110758493985], [-76.44524653404312, 39.031478675173396], [-76.40124545431755, 39.027972726856405]]]}}, {"type": "Feature", "properties": {"code": "8.5", "name": "MISSISSIPPI ALLUVIAL AND SOUTHEAST USA COASTAL PLAINS"}, "geometry": {"type": "Polygon", "coordinates": [[[-76.40360000003959, 37.52948181819729], [-76.32739090888207, 37.485699999679596], [-76.30429090932891, 37.488700000069976], [-76.29955454455157, 37.48714545371232], [-76.31107272671191, 37.47686363625864], [-76.29728181835662, 37.48339090902614], [-76.27913636397693, 37.47468181767942], [-76.32216363715672, 37.46825454503738], [-76.3048090915694, 37.46029999995041], [-76.31075454617874, 37.456400000037235], [-76.31176363569406, 37.447881818068865], [-76.28829999976723, 37.46051818187064], [-76.28069090907078, 37.45174545492348], [-76.28606363556884, 37.44966363701832], [-76.2875545445865, 37.445727272687684], [-76.286381818197, 37.44509090862382], [-76.28715454527473, 37.443945455403835], [-76.28549090910593, 37.4419727272756], [-76.27768181736516, 37.45170000022342], [-76.27844545393799, 37.46548181777384], [-76.26601818226702, 37.45669090909826], [-76.27306363628145, 37.43947272675923], [-76.26237272811895, 37.45254545428478], [-76.25153636410543, 37.43649090918267], [-76.24528181786155, 37.38683636360459], [-76.25827272739963, 37.36201818255259], [-76.31732727232433, 37.37432727218503], [-76.27239090890504, 37.35566363609289], [-76.2722272736338, 37.335836363798094], [-76.28472727307322, 37.334836363578496], [-76.27145454470865, 37.32954545388563], [-76.27212727169253, 37.31635454550312], [-76.27620000006884, 37.309536362835274], [-76.28285454501972, 37.326009091291134], [-76.30972727304453, 37.331172727397835], [-76.30014545413572, 37.35356363702612], [-76.32030909151727, 37.34353636379145], [-76.33634545487097, 37.361163636898894], [-76.32960909138458, 37.399236362929095], [-76.3623363625596, 37.42662727313768], [-76.35190909142469, 37.441709090901476], [-76.36025454545593, 37.44719090902095], [-76.36991818206032, 37.42495454508372], [-76.3469454538936, 37.413127272892964], [-76.35730000002762, 37.398590909044735], [-76.34182727281502, 37.388827271927404], [-76.35438181779543, 37.36868181811846], [-76.39299090959081, 37.39095454486849], [-76.4116999994543, 37.443145454182364], [-76.40359090980691, 37.41828181940561], [-76.44330909106985, 37.42240909135165], [-76.43935454474668, 37.4544090913572], [-76.45267272716349, 37.41915454459667], [-76.41616363610837, 37.40908181759473], [-76.40727272735273, 37.36927272714095], [-76.4520818177026, 37.37949090915846], [-76.49227272772504, 37.41395454602277], [-76.43220909443184, 37.51263926944311], [-76.4138636358089, 37.50812727172705], [-76.40360000003959, 37.52948181819729]]]}}, {"type": "Feature", "properties": {"code": "8.5", "name": "MISSISSIPPI ALLUVIAL AND SOUTHEAST USA COASTAL PLAINS"}, "geometry": {"type": "Polygon", "coordinates": [[[-76.40630153319273, 37.659652779439504], [-76.40572060684971, 37.66039093652094], [-76.40570000002802, 37.66001818227757], [-76.40630153319273, 37.659652779439504]]]}}, {"type": "Feature", "properties": {"code": "8.5", "name": "MISSISSIPPI ALLUVIAL AND SOUTHEAST USA COASTAL PLAINS"}, "geometry": {"type": "Polygon", "coordinates": [[[-76.40725454450185, 37.65621818225068], [-76.40872316118818, 37.656088703002375], [-76.40724978564735, 37.65829299066797], [-76.40725454450185, 37.65621818225068]]]}}, {"type": "Feature", "properties": {"code": "8.5", "name": "MISSISSIPPI ALLUVIAL AND SOUTHEAST USA COASTAL PLAINS"}, "geometry": {"type": "Polygon", "coordinates": [[[-76.41209090931629, 37.58150909086043], [-76.29796363746277, 37.55763636326923], [-76.34381818132168, 37.54973636319021], [-76.32789090928216, 37.54397272824473], [-76.32900909068526, 37.53073636261994], [-76.33265454588964, 37.522863636199865], [-76.33464545377613, 37.5424545461517], [-76.40399090880064, 37.54165454569682], [-76.41529999990247, 37.520990909143904], [-76.41696363591268, 37.52272727204065], [-76.41535454572217, 37.52348181782493], [-76.41374545457542, 37.53311818179331], [-76.41506363556955, 37.536072727318704], [-76.41305454609284, 37.53742727280906], [-76.41207272850114, 37.540700000241245], [-76.41281818187842, 37.54101818170579], [-76.41819999936395, 37.53003636326945], [-76.4170454553234, 37.52447272701804], [-76.42136363676936, 37.52192727176548], [-76.41500909095994, 37.516090908791526], [-76.42305454458763, 37.51215454607855], [-76.41209090931629, 37.58150909086043]]]}}, {"type": "Feature", "properties": {"code": "8.5", "name": "MISSISSIPPI ALLUVIAL AND SOUTHEAST USA COASTAL PLAINS"}, "geometry": {"type": "Polygon", "coordinates": [[[-76.42096363685225, 37.221636363626274], [-76.41776363570521, 37.20769090922214], [-76.42749091054853, 37.205154544856235], [-76.4302454536271, 37.20892727151385], [-76.43449999969407, 37.20524545373917], [-76.4504909090206, 37.20757272835994], [-76.45145454548613, 37.20690909105356], [-76.45137272737055, 37.2061272722309], [-76.40660909146622, 37.19491818204336], [-76.40660909075051, 37.20934545500522], [-76.39273636292484, 37.17549999993139], [-76.42812727238638, 37.19599999978811], [-76.42553636385213, 37.184027273119035], [-76.45347272688053, 37.18088181785974], [-76.4074999996561, 37.17217272727613], [-76.41765454630107, 37.15565454525976], [-76.43630909094362, 37.16274545399534], [-76.4302181813959, 37.13725454469054], [-76.44555454590905, 37.13865454608713], [-76.44585454609495, 37.13504545446489], [-76.44733636401132, 37.13606363557668], [-76.4487636358089, 37.136354546146585], [-76.44936363727642, 37.135772728080916], [-76.44950000049865, 37.13429090926548], [-76.42846363658244, 37.13439090882869], [-76.42020000057454, 37.1498909086986], [-76.41515454500335, 37.13582727260663], [-76.40000909110483, 37.1603363625994], [-76.39693636427481, 37.14859090906674], [-76.379354546177, 37.15391818180995], [-76.39030909110618, 37.14339090893426], [-76.37374545417303, 37.1504090910204], [-76.388100000683, 37.14056363610438], [-76.38462727308469, 37.13449999999828], [-76.37171818055963, 37.14535454625136], [-76.35824545398728, 37.131618182430536], [-76.37114545453366, 37.149599999920184], [-76.34902727221997, 37.14530909146966], [-76.36112727289647, 37.1634272727332], [-76.34973636436929, 37.170772727184044], [-76.32550000003125, 37.13598181773035], [-76.29414545356008, 37.12659999965854], [-76.34375454505059, 37.100127271884034], [-76.36454545428793, 37.12068181802594], [-76.37773636390979, 37.12073636305446], [-76.387563635476, 37.10990909113183], [-76.3367363627194, 37.090754544565094], [-76.36232727262383, 37.063290909046344], [-76.36188181746301, 37.04683636332096], [-76.31944545401706, 37.09820000013272], [-76.30229999938383, 37.0663272731189], [-76.30756363600194, 37.09211818167894], [-76.28504545467892, 37.10195454529724], [-76.29514545538495, 37.108799999949234], [-76.28506363546701, 37.10744545427224], [-76.27015454643072, 37.0872727269674], [-76.30281818237279, 37.00244545390813], [-76.31694545378723, 37.01280909073323], [-76.30444545473159, 37.010327273343904], [-76.29466363550979, 37.03489999987279], [-76.29794545469643, 37.035845453760416], [-76.31848181921852, 37.013090908766785], [-76.38350909080167, 36.99336363578229], [-76.4093727285915, 36.96826363578696], [-76.40674545383375, 36.96167272717048], [-76.40937272840652, 36.959663636454984], [-76.43536363565823, 36.97174545400989], [-76.46293636301608, 37.02633636414575], [-76.5269090912287, 37.06367272732481], [-76.56184545468983, 37.11434545459404], [-76.55587272729696, 37.076309091296864], [-76.62797272800765, 37.12587272703413], [-76.60571818050038, 37.15917272724609], [-76.62917043710723, 37.20567576618141], [-76.54017584278549, 37.231435968653905], [-76.47040909069594, 37.2154999999362], [-76.42096363685225, 37.221636363626274]]]}}, {"type": "Feature", "properties": {"code": "8.5", "name": "MISSISSIPPI ALLUVIAL AND SOUTHEAST USA COASTAL PLAINS"}, "geometry": {"type": "Polygon", "coordinates": [[[-76.42990471367528, 38.34064450592433], [-76.42140909106733, 38.31911818223118], [-76.4517181825257, 38.32312727321402], [-76.42990471367528, 38.34064450592433]]]}}, {"type": "Feature", "properties": {"code": "8.5", "name": "MISSISSIPPI ALLUVIAL AND SOUTHEAST USA COASTAL PLAINS"}, "geometry": {"type": "Polygon", "coordinates": [[[-76.4313133094807, 38.34135224165022], [-76.43377272718061, 38.34106363568344], [-76.43438235904677, 38.34289415281483], [-76.4313133094807, 38.34135224165022]]]}}, {"type": "Feature", "properties": {"code": "8.5", "name": "MISSISSIPPI ALLUVIAL AND SOUTHEAST USA COASTAL PLAINS"}, "geometry": {"type": "Polygon", "coordinates": [[[-76.43466617708322, 38.34303673793862], [-76.4478818181899, 38.334763635693065], [-76.44930975869666, 38.34991820547849], [-76.43466617708322, 38.34303673793862]]]}}, {"type": "Feature", "properties": {"code": "8.5", "name": "MISSISSIPPI ALLUVIAL AND SOUTHEAST USA COASTAL PLAINS"}, "geometry": {"type": "Polygon", "coordinates": [[[-76.44346363551342, 38.185463637256305], [-76.46065454540619, 38.1541818177104], [-76.4779090899527, 38.169054545972905], [-76.45969090913161, 38.13948181942547], [-76.46336363769565, 38.127836363723276], [-76.4727363625366, 38.14344545468859], [-76.49492727157156, 38.1411181812492], [-76.4807909099141, 38.14806363559137], [-76.49919999942018, 38.150890909014294], [-76.49089090949067, 38.161190909297964], [-76.50464545466123, 38.154509090777644], [-76.5051545462356, 38.17009999975479], [-76.52675454628258, 38.16765454634891], [-76.49963636355172, 38.137463637014584], [-76.5301272731574, 38.13346363578926], [-76.57154545474665, 38.202427272628725], [-76.48548630491766, 38.179559953830214], [-76.44346363551342, 38.185463637256305]]]}}, {"type": "Feature", "properties": {"code": "8.5", "name": "MISSISSIPPI ALLUVIAL AND SOUTHEAST USA COASTAL PLAINS"}, "geometry": {"type": "Polygon", "coordinates": [[[-76.44374545397608, 34.731672727055596], [-76.44538181869994, 34.73089090913451], [-76.44538181806315, 34.731281818135194], [-76.44374545397608, 34.731672727055596]]]}}, {"type": "Feature", "properties": {"code": "8.5", "name": "MISSISSIPPI ALLUVIAL AND SOUTHEAST USA COASTAL PLAINS"}, "geometry": {"type": "Polygon", "coordinates": [[[-76.45914545370908, 39.001072727335476], [-76.44964545499961, 38.99338181909071], [-76.4543818180715, 38.974618181573895], [-76.45439999847257, 38.98215454512583], [-76.46064545449399, 38.99244545410873], [-76.46197272770499, 38.981090908781816], [-76.47514545405552, 38.987118181684245], [-76.45914545370908, 39.001072727335476]]]}}, {"type": "Feature", "properties": {"code": "8.5", "name": "MISSISSIPPI ALLUVIAL AND SOUTHEAST USA COASTAL PLAINS"}, "geometry": {"type": "Polygon", "coordinates": [[[-76.46527024718048, 39.0032947841838], [-76.45758181764951, 39.00621818196726], [-76.45776363602413, 39.002499999765625], [-76.46527024718048, 39.0032947841838]]]}}, {"type": "Feature", "properties": {"code": "8.5", "name": "MISSISSIPPI ALLUVIAL AND SOUTHEAST USA COASTAL PLAINS"}, "geometry": {"type": "Polygon", "coordinates": [[[-76.46755654807963, 38.36674367271805], [-76.4496819160181, 38.35000872590443], [-76.45208181795779, 38.326590908706784], [-76.45640000010366, 38.34325454558021], [-76.46423636427393, 38.338836363991334], [-76.45540909093282, 38.316445454560814], [-76.4842636361469, 38.32831818240199], [-76.46755654807963, 38.36674367271805]]]}}, {"type": "Feature", "properties": {"code": "8.5", "name": "MISSISSIPPI ALLUVIAL AND SOUTHEAST USA COASTAL PLAINS"}, "geometry": {"type": "Polygon", "coordinates": [[[-76.47041818156721, 34.69704545374371], [-76.4717999998622, 34.697272727099865], [-76.469918182548, 34.69749999987134], [-76.47041818156721, 34.69704545374371]]]}}, {"type": "Feature", "properties": {"code": "8.5", "name": "MISSISSIPPI ALLUVIAL AND SOUTHEAST USA COASTAL PLAINS"}, "geometry": {"type": "Polygon", "coordinates": [[[-76.48396458717025, 39.320464348813694], [-76.48400000051312, 39.320490909215295], [-76.48396701563202, 39.32056934817516], [-76.48396458717025, 39.320464348813694]]]}}, {"type": "Feature", "properties": {"code": "8.5", "name": "MISSISSIPPI ALLUVIAL AND SOUTHEAST USA COASTAL PLAINS"}, "geometry": {"type": "Polygon", "coordinates": [[[-76.48397394521008, 39.3208688484884], [-76.4842090903992, 39.321090909200606], [-76.48398119055787, 39.321182068722976], [-76.48397394521008, 39.3208688484884]]]}}, {"type": "Feature", "properties": {"code": "8.5", "name": "MISSISSIPPI ALLUVIAL AND SOUTHEAST USA COASTAL PLAINS"}, "geometry": {"type": "Polygon", "coordinates": [[[-76.48649090903605, 39.321199999593816], [-76.5053000003571, 39.30613636402086], [-76.45024545396281, 39.27168181772585], [-76.45465454487999, 39.24615454523151], [-76.39767272759879, 39.23689090876737], [-76.42217272714586, 39.20367272707035], [-76.43379090946088, 39.21490909117993], [-76.44694545453756, 39.19709999982241], [-76.4361454549772, 39.228900000181845], [-76.45320909066572, 39.21831818177716], [-76.45792727203823, 39.23042727284733], [-76.46160909108148, 39.20402727266062], [-76.50069999964253, 39.208172727048954], [-76.48801818054535, 39.24845454578564], [-76.46482727295118, 39.26253636325689], [-76.47307272782105, 39.27327272712056], [-76.4877363645565, 39.2724727268494], [-76.483036363995, 39.25208181816678], [-76.49868181946918, 39.262427272019686], [-76.48868181741233, 39.25126363606548], [-76.50316363623345, 39.2550545458486], [-76.494272727053, 39.24489999959311], [-76.52002727264006, 39.22280909083218], [-76.51715454511579, 39.24186363606065], [-76.53869090906329, 39.245418181674026], [-76.52213867853956, 39.3053876260907], [-76.48649090903605, 39.321199999593816]]]}}, {"type": "Feature", "properties": {"code": "8.5", "name": "MISSISSIPPI ALLUVIAL AND SOUTHEAST USA COASTAL PLAINS"}, "geometry": {"type": "Polygon", "coordinates": [[[-76.49280909120203, 38.3300090906522], [-76.49835454614285, 38.31813636357975], [-76.49417272688667, 38.3232272715482], [-76.4758636361298, 38.322345453642896], [-76.48832727318165, 38.314463635942985], [-76.45015454572685, 38.29206363589255], [-76.4539643802797, 38.28879175223271], [-76.50759302812737, 38.32146502675829], [-76.51316363613998, 38.32927272712919], [-76.49280909120203, 38.3300090906522]]]}}, {"type": "Feature", "properties": {"code": "8.5", "name": "MISSISSIPPI ALLUVIAL AND SOUTHEAST USA COASTAL PLAINS"}, "geometry": {"type": "Polygon", "coordinates": [[[-76.49347157779957, 37.41201615804316], [-76.48953636343272, 37.403263636248475], [-76.49836802520205, 37.40288085984293], [-76.49347157779957, 37.41201615804316]]]}}, {"type": "Feature", "properties": {"code": "8.5", "name": "MISSISSIPPI ALLUVIAL AND SOUTHEAST USA COASTAL PLAINS"}, "geometry": {"type": "Polygon", "coordinates": [[[-76.4959636371884, 37.40126363637368], [-76.46132727333273, 37.38697272687874], [-76.48942727253701, 37.359863636140346], [-76.44459999861803, 37.366581818005656], [-76.40189999939292, 37.337472727047626], [-76.42170909048517, 37.32062727211397], [-76.44713636388241, 37.338727272033914], [-76.4607818181525, 37.32464545523106], [-76.45105454462924, 37.322045453607984], [-76.48809999996776, 37.317499999739915], [-76.48848181782314, 37.30950909072408], [-76.44839090922234, 37.32066363649435], [-76.44699999975991, 37.304609091316095], [-76.47469090986237, 37.30329999986163], [-76.45362727258875, 37.29099999947715], [-76.43040000009204, 37.31140909084576], [-76.39390909078895, 37.31320909096298], [-76.39727272752354, 37.29577272775515], [-76.38141818133349, 37.29255454494625], [-76.3894090909773, 37.26307272656476], [-76.49646017215238, 37.24914851763784], [-76.51559967686626, 37.337905456610684], [-76.4959636371884, 37.40126363637368]]]}}, {"type": "Feature", "properties": {"code": "8.5", "name": "MISSISSIPPI ALLUVIAL AND SOUTHEAST USA COASTAL PLAINS"}, "geometry": {"type": "Polygon", "coordinates": [[[-76.4961181824044, 38.13470909063709], [-76.47209090956576, 38.12150909089986], [-76.465327273118, 38.10582727274091], [-76.47616363735213, 38.10461818186561], [-76.4961181824044, 38.13470909063709]]]}}, {"type": "Feature", "properties": {"code": "8.5", "name": "MISSISSIPPI ALLUVIAL AND SOUTHEAST USA COASTAL PLAINS"}, "geometry": {"type": "Polygon", "coordinates": [[[-76.49880909079909, 38.387099999794096], [-76.47022094857614, 38.373795829903244], [-76.4791727274451, 38.358845455071375], [-76.49880909079909, 38.387099999794096]]]}}, {"type": "Feature", "properties": {"code": "8.5", "name": "MISSISSIPPI ALLUVIAL AND SOUTHEAST USA COASTAL PLAINS"}, "geometry": {"type": "Polygon", "coordinates": [[[-76.5246298379363, 38.42232059136932], [-76.50749921711574, 38.40224830103012], [-76.4932727273695, 38.39370909120695], [-76.5422909087862, 38.40951818160177], [-76.5246298379363, 38.42232059136932]]]}}, {"type": "Feature", "properties": {"code": "8.5", "name": "MISSISSIPPI ALLUVIAL AND SOUTHEAST USA COASTAL PLAINS"}, "geometry": {"type": "Polygon", "coordinates": [[[-76.52468181833156, 38.87957272667098], [-76.51994545539635, 38.86308181800992], [-76.52743636270647, 38.87324545415365], [-76.5452181824377, 38.86355454601764], [-76.53713636420797, 38.84846363732357], [-76.5452545463649, 38.854454545054686], [-76.54948181755691, 38.84864545425266], [-76.53623636337488, 38.843700000303635], [-76.55362727368353, 38.84265454470339], [-76.55143636255625, 38.822145454878154], [-76.53894545540733, 38.83841818200576], [-76.52626363584157, 38.823700000260914], [-76.51562727256346, 38.83344545490253], [-76.53212727336668, 38.83715454508737], [-76.52776363566039, 38.85099999985301], [-76.50858181785381, 38.84207272659694], [-76.4960636363993, 38.85309090917578], [-76.49006363657473, 38.83861818176329], [-76.50993636398914, 38.8011636373108], [-76.53722727277426, 38.795909090558396], [-76.52475454504895, 38.78968181790845], [-76.53915454559929, 38.79089999968131], [-76.52714545379048, 38.78664545472641], [-76.53660000012589, 38.77793636258072], [-76.54675454597597, 38.78428181792687], [-76.53962727321316, 38.77475454502265], [-76.5604000000683, 38.77193636372908], [-76.55356363628383, 38.78991818174688], [-76.55574545484798, 38.80394545362443], [-76.55982727254965, 38.802972728081464], [-76.56611818193134, 38.7684909090711], [-76.55395890429783, 38.75306332687387], [-76.57195879283974, 38.7750321768354], [-76.57241822748169, 38.81514783628786], [-76.54966363651916, 38.87686363599185], [-76.52468181833156, 38.87957272667098]]]}}, {"type": "Feature", "properties": {"code": "8.5", "name": "MISSISSIPPI ALLUVIAL AND SOUTHEAST USA COASTAL PLAINS"}, "geometry": {"type": "Polygon", "coordinates": [[[-76.52526363642718, 38.37235454538105], [-76.50052727164918, 38.358490908671364], [-76.49634545489027, 38.34395454476019], [-76.53100407155537, 38.35466841366651], [-76.52526363642718, 38.37235454538105]]]}}, {"type": "Feature", "properties": {"code": "8.5", "name": "MISSISSIPPI ALLUVIAL AND SOUTHEAST USA COASTAL PLAINS"}, "geometry": {"type": "Polygon", "coordinates": [[[-76.5337309652383, 38.34700818402064], [-76.50339090881235, 38.34260908961535], [-76.5121755781233, 38.32481765003404], [-76.5337309652383, 38.34700818402064]]]}}, {"type": "Feature", "properties": {"code": "8.5", "name": "MISSISSIPPI ALLUVIAL AND SOUTHEAST USA COASTAL PLAINS"}, "geometry": {"type": "Polygon", "coordinates": [[[-76.53837272650837, 38.42392727331125], [-76.53878574530472, 38.42546475927341], [-76.53814956539092, 38.42536986128438], [-76.53837272650837, 38.42392727331125]]]}}, {"type": "Feature", "properties": {"code": "8.5", "name": "MISSISSIPPI ALLUVIAL AND SOUTHEAST USA COASTAL PLAINS"}, "geometry": {"type": "Polygon", "coordinates": [[[-76.54784768995223, 38.8827028043254], [-76.54802727347617, 38.87953636392316], [-76.54957834242946, 38.87958274985707], [-76.54784768995223, 38.8827028043254]]]}}, {"type": "Feature", "properties": {"code": "8.5", "name": "MISSISSIPPI ALLUVIAL AND SOUTHEAST USA COASTAL PLAINS"}, "geometry": {"type": "Polygon", "coordinates": [[[-76.54791048529471, 38.73013024549154], [-76.52620909104925, 38.72444545370017], [-76.53275454515912, 38.69444694817147], [-76.54791048529471, 38.73013024549154]]]}}, {"type": "Feature", "properties": {"code": "8.5", "name": "MISSISSIPPI ALLUVIAL AND SOUTHEAST USA COASTAL PLAINS"}, "geometry": {"type": "Polygon", "coordinates": [[[-76.55233636426635, 38.384763635780395], [-76.53414545402262, 38.382336364248495], [-76.5330454537485, 38.37400000028613], [-76.55233636426635, 38.384763635780395]]]}}, {"type": "Feature", "properties": {"code": "8.5", "name": "MISSISSIPPI ALLUVIAL AND SOUTHEAST USA COASTAL PLAINS"}, "geometry": {"type": "Polygon", "coordinates": [[[-76.55266539731369, 38.38347486016888], [-76.55296530597212, 38.38355589024261], [-76.55273636424322, 38.38352727270787], [-76.55266539731369, 38.38347486016888]]]}}, {"type": "Feature", "properties": {"code": "8.5", "name": "MISSISSIPPI ALLUVIAL AND SOUTHEAST USA COASTAL PLAINS"}, "geometry": {"type": "Polygon", "coordinates": [[[-76.5709602704889, 39.27593935332441], [-76.5400471314997, 39.26618554307523], [-76.54028181920006, 39.250654544611784], [-76.57133636369853, 39.260918182052684], [-76.5709602704889, 39.27593935332441]]]}}, {"type": "Feature", "properties": {"code": "8.5", "name": "MISSISSIPPI ALLUVIAL AND SOUTHEAST USA COASTAL PLAINS"}, "geometry": {"type": "Polygon", "coordinates": [[[-76.58675454581741, 38.39264545520417], [-76.56973636264976, 38.390472726875686], [-76.55502727327479, 38.38905454482271], [-76.55121818096191, 38.38816363639805], [-76.55037272709993, 38.38715454490999], [-76.58675454581741, 38.39264545520417]]]}}, {"type": "Feature", "properties": {"code": "8.5", "name": "MISSISSIPPI ALLUVIAL AND SOUTHEAST USA COASTAL PLAINS"}, "geometry": {"type": "Polygon", "coordinates": [[[-76.58708181805589, 34.71229090862052], [-76.56389090935879, 34.70225454636318], [-76.52630000027672, 34.68408181779528], [-76.58156363593997, 34.69868181826413], [-76.58708181805589, 34.71229090862052]]]}}, {"type": "Feature", "properties": {"code": "8.5", "name": "MISSISSIPPI ALLUVIAL AND SOUTHEAST USA COASTAL PLAINS"}, "geometry": {"type": "Polygon", "coordinates": [[[-76.59103958162385, 38.4457417678718], [-76.54080655505652, 38.4257661726502], [-76.55350909104865, 38.401918181857376], [-76.55326363680895, 38.42186363600843], [-76.60307272700221, 38.43442727326741], [-76.59103958162385, 38.4457417678718]]]}}, {"type": "Feature", "properties": {"code": "8.5", "name": "MISSISSIPPI ALLUVIAL AND SOUTHEAST USA COASTAL PLAINS"}, "geometry": {"type": "Polygon", "coordinates": [[[-76.61176363564361, 38.14771818228459], [-76.59992727232489, 38.10882727324544], [-76.53568181786761, 38.07335454493921], [-76.52140000027599, 38.04480909093879], [-76.55161818150786, 38.03650909101674], [-76.54652727292462, 38.023163636387], [-76.47365454491667, 38.015418182125984], [-76.47104545510983, 37.98833636332046], [-76.33872727353102, 37.94538181801016], [-76.23674545461066, 37.8886454549902], [-76.26720909056496, 37.81648181816931], [-76.31616363674476, 37.82928181763864], [-76.31510909143229, 37.783236364177995], [-76.30622727309411, 37.78870909060372], [-76.28542727330674, 37.783900000172046], [-76.32576363577992, 37.767127271752294], [-76.3046181822223, 37.73004545374604], [-76.33574545547889, 37.74642727304609], [-76.33494545447604, 37.765745453810965], [-76.34094545408172, 37.76613636295769], [-76.34719090877596, 37.74700000014856], [-76.32159090878825, 37.73327272654986], [-76.33833636304335, 37.73040909055505], [-76.33922727313643, 37.72628181786104], [-76.31285454514585, 37.72033636361342], [-76.30254545512241, 37.68900000007649], [-76.34316363755244, 37.69153636384985], [-76.34049090937411, 37.71328181804222], [-76.35138181860192, 37.71614545356185], [-76.35093636282939, 37.693645455373726], [-76.36367272742606, 37.69285454480079], [-76.34819999888565, 37.69284545469789], [-76.32478181801784, 37.67105454518835], [-76.36723636392675, 37.688145454361546], [-76.36028181865856, 37.6678454537317], [-76.33551818194955, 37.660981818035694], [-76.37075454612919, 37.656027272844845], [-76.33928181930851, 37.65388181841622], [-76.33173636343612, 37.632363636103264], [-76.37002727332852, 37.642590909157306], [-76.36633636274536, 37.635218181701795], [-76.31961818174636, 37.62719999985546], [-76.30646363560989, 37.64200909049927], [-76.28795454523635, 37.63177272715942], [-76.28037272694353, 37.61371818064207], [-76.3070181822285, 37.62033636361736], [-76.29268181890049, 37.620445455339485], [-76.28825454575902, 37.62129090903003], [-76.28689999970742, 37.62409090887642], [-76.30300909116785, 37.633490909114784], [-76.36142727183015, 37.60862727301097], [-76.41789958037909, 37.63955141280028], [-76.36383374532355, 37.73573399379486], [-76.3435439350628, 37.82865030988944], [-76.44941607821423, 37.876234129436774], [-76.34726380854237, 37.85749182020144], [-76.32267711841769, 37.86650533479353], [-76.32626208776144, 37.88744003907457], [-76.41883221882654, 37.942057760331124], [-76.55280498974915, 37.98620269739149], [-76.60394067161995, 38.07514676551699], [-76.72641467110418, 38.087627555822486], [-76.72725214273923, 38.10213884261497], [-76.70294545369316, 38.110209090893214], [-76.71299999996556, 38.136518182152074], [-76.70427272667017, 38.12671818181005], [-76.69552727254775, 38.12843636306551], [-76.69506363574037, 38.12304545360972], [-76.6856181805362, 38.12727272711349], [-76.70798181846182, 38.13093636306965], [-76.70569999865995, 38.14669999946686], [-76.71954545518726, 38.13442727185605], [-76.7217181823355, 38.13763636442717], [-76.70167272696276, 38.15983636387837], [-76.64464545347731, 38.127654546269696], [-76.64292727362685, 38.108936363711784], [-76.67325454539231, 38.10066363645039], [-76.6523727269079, 38.096172727107096], [-76.63295454623021, 38.1219818183969], [-76.64344545359064, 38.14825454516817], [-76.61176363564361, 38.14771818228459]]]}}, {"type": "Feature", "properties": {"code": "8.5", "name": "MISSISSIPPI ALLUVIAL AND SOUTHEAST USA COASTAL PLAINS"}, "geometry": {"type": "Polygon", "coordinates": [[[-76.64733176744045, 38.26145182394521], [-76.55895827177152, 38.20977148413804], [-76.57264545534862, 38.20210909134446], [-76.5899727268911, 38.21375454630232], [-76.58013636368584, 38.21601818208735], [-76.68756363688938, 38.23980000039423], [-76.64733176744045, 38.26145182394521]]]}}, {"type": "Feature", "properties": {"code": "8.5", "name": "MISSISSIPPI ALLUVIAL AND SOUTHEAST USA COASTAL PLAINS"}, "geometry": {"type": "Polygon", "coordinates": [[[-76.65534545545746, 38.2632545453878], [-76.69969090894085, 38.260763635928114], [-76.70477272718966, 38.23391818225286], [-76.72302727306472, 38.24094545481494], [-76.70503636269824, 38.25165454472052], [-76.7089037231155, 38.28243459718433], [-76.65534545545746, 38.2632545453878]]]}}, {"type": "Feature", "properties": {"code": "8.5", "name": "MISSISSIPPI ALLUVIAL AND SOUTHEAST USA COASTAL PLAINS"}, "geometry": {"type": "Polygon", "coordinates": [[[-76.66541818166222, 34.68854545514544], [-76.53994545498641, 34.65142727341773], [-76.52673636358661, 34.63099999976617], [-76.66541818166222, 34.68854545514544]]]}}, {"type": "Feature", "properties": {"code": "8.5", "name": "MISSISSIPPI ALLUVIAL AND SOUTHEAST USA COASTAL PLAINS"}, "geometry": {"type": "Polygon", "coordinates": [[[-76.67091818067584, 34.71670909133555], [-76.67345454630902, 34.71859090932602], [-76.6720181817926, 34.71982727282185], [-76.67091818067584, 34.71670909133555]]]}}, {"type": "Feature", "properties": {"code": "8.5", "name": "MISSISSIPPI ALLUVIAL AND SOUTHEAST USA COASTAL PLAINS"}, "geometry": {"type": "Polygon", "coordinates": [[[-76.67120000026473, 34.7261090909916], [-76.67921818183618, 34.706481818388674], [-76.68532727189759, 34.708463635567945], [-76.6867000000681, 34.72305454481411], [-76.67120000026473, 34.7261090909916]]]}}, {"type": "Feature", "properties": {"code": "8.5", "name": "MISSISSIPPI ALLUVIAL AND SOUTHEAST USA COASTAL PLAINS"}, "geometry": {"type": "Polygon", "coordinates": [[[-76.67507272809833, 38.48808181779816], [-76.68961818127953, 38.48080000021813], [-76.66389090855259, 38.47760000013502], [-76.67120909065707, 38.45324545352181], [-76.64557272665034, 38.448409090733826], [-76.58497272750212, 38.38941818116933], [-76.6759568946398, 38.44941014168622], [-76.69571463562082, 38.48017527875333], [-76.69370908939887, 38.49519999999737], [-76.67507272809833, 38.48808181779816]]]}}, {"type": "Feature", "properties": {"code": "8.5", "name": "MISSISSIPPI ALLUVIAL AND SOUTHEAST USA COASTAL PLAINS"}, "geometry": {"type": "Polygon", "coordinates": [[[-76.6821454542008, 34.697581818690715], [-76.84764545382897, 34.69139090912837], [-76.99766363630837, 34.66831818224489], [-77.09869090871858, 34.642999999876004], [-77.10366363579678, 34.644536363714515], [-77.06509091001979, 34.66755454467544], [-76.82306363690489, 34.704890910029306], [-76.76510909082218, 34.6993272729282], [-76.74239999960707, 34.712409090728976], [-76.6821454542008, 34.697581818690715]]]}}, {"type": "Feature", "properties": {"code": "8.5", "name": "MISSISSIPPI ALLUVIAL AND SOUTHEAST USA COASTAL PLAINS"}, "geometry": {"type": "Polygon", "coordinates": [[[-76.69159999981258, 38.53535454464435], [-76.67295454545707, 38.52629090929815], [-76.68439999858805, 38.49635454453881], [-76.69362907490854, 38.49717415089374], [-76.69159999981258, 38.53535454464435]]]}}, {"type": "Feature", "properties": {"code": "8.5", "name": "MISSISSIPPI ALLUVIAL AND SOUTHEAST USA COASTAL PLAINS"}, "geometry": {"type": "Polygon", "coordinates": [[[-76.70120589125575, 38.740295330290195], [-76.66770165425697, 38.66251186931348], [-76.66695201458673, 38.60869337695733], [-76.63256641366246, 38.564148596726845], [-76.6332069948603, 38.49014681306249], [-76.60172227280003, 38.4576838571435], [-76.60810909042321, 38.44647272709488], [-76.64604545442819, 38.467481818918365], [-76.65100909006848, 38.50201818236883], [-76.66261818226971, 38.49903636296665], [-76.65300909094215, 38.527763636757825], [-76.66901818157041, 38.53947272727058], [-76.64969999965606, 38.56579090859162], [-76.67341818240187, 38.566736362700816], [-76.67120909117229, 38.61797272676453], [-76.68735454610868, 38.57927272705918], [-76.67757272656372, 38.5431272732229], [-76.69271818200627, 38.54420909081517], [-76.68438338637402, 38.56267097533596], [-76.71592047598365, 38.70363079820631], [-76.70120589125575, 38.740295330290195]]]}}, {"type": "Feature", "properties": {"code": "8.5", "name": "MISSISSIPPI ALLUVIAL AND SOUTHEAST USA COASTAL PLAINS"}, "geometry": {"type": "Polygon", "coordinates": [[[-76.70204545532732, 34.70370909138688], [-76.69505454618738, 34.70913636321443], [-76.6901181816647, 34.702972726761026], [-76.70204545532732, 34.70370909138688]]]}}, {"type": "Feature", "properties": {"code": "8.5", "name": "MISSISSIPPI ALLUVIAL AND SOUTHEAST USA COASTAL PLAINS"}, "geometry": {"type": "Polygon", "coordinates": [[[-76.72065454613261, 38.27732727274746], [-76.72119999959845, 38.25478181760024], [-76.73984545429222, 38.26650000019741], [-76.74790909212518, 38.26177272696743], [-76.73010909060099, 38.25171818208332], [-76.73819999934551, 38.23629090931225], [-76.76474545451255, 38.24636363681371], [-76.7434454543922, 38.23219090908039], [-76.75254545420978, 38.22216363572356], [-76.77970000049179, 38.22980000025846], [-76.7905636371658, 38.27008181831083], [-76.78923636436609, 38.25270909072199], [-76.80594545390097, 38.25227272730571], [-76.80234545482513, 38.28074545502441], [-76.8196454944784, 38.296561781669794], [-76.72065454613261, 38.27732727274746]]]}}, {"type": "Feature", "properties": {"code": "8.5", "name": "MISSISSIPPI ALLUVIAL AND SOUTHEAST USA COASTAL PLAINS"}, "geometry": {"type": "Polygon", "coordinates": [[[-76.76621818214966, 38.157336362726625], [-76.72308181852692, 38.13100000006074], [-76.71794545335706, 38.10790909118667], [-76.73043415347148, 38.10661044520266], [-76.76621818214966, 38.157336362726625]]]}}, {"type": "Feature", "properties": {"code": "8.5", "name": "MISSISSIPPI ALLUVIAL AND SOUTHEAST USA COASTAL PLAINS"}, "geometry": {"type": "Polygon", "coordinates": [[[-76.77131818110699, 38.16800909075387], [-76.77180548696779, 38.15981020062224], [-76.7909197939919, 38.1689909006883], [-76.77131818110699, 38.16800909075387]]]}}, {"type": "Feature", "properties": {"code": "8.5", "name": "MISSISSIPPI ALLUVIAL AND SOUTHEAST USA COASTAL PLAINS"}, "geometry": {"type": "Polygon", "coordinates": [[[-76.80306363584302, 34.70344545488353], [-76.80268181900782, 34.69848181766477], [-76.81829090887817, 34.69874545423553], [-76.80306363584302, 34.70344545488353]]]}}, {"type": "Feature", "properties": {"code": "8.5", "name": "MISSISSIPPI ALLUVIAL AND SOUTHEAST USA COASTAL PLAINS"}, "geometry": {"type": "Polygon", "coordinates": [[[-76.82886315223227, 38.1631914398422], [-76.83882536201216, 38.16347609211453], [-76.82825823587234, 38.16339462862709], [-76.82886315223227, 38.1631914398422]]]}}, {"type": "Feature", "properties": {"code": "8.5", "name": "MISSISSIPPI ALLUVIAL AND SOUTHEAST USA COASTAL PLAINS"}, "geometry": {"type": "Polygon", "coordinates": [[[-76.8586000003614, 38.17081818211826], [-76.8596904470572, 38.17083512841875], [-76.86033310149901, 38.170960869750026], [-76.8586000003614, 38.17081818211826]]]}}, {"type": "Feature", "properties": {"code": "8.5", "name": "MISSISSIPPI ALLUVIAL AND SOUTHEAST USA COASTAL PLAINS"}, "geometry": {"type": "Polygon", "coordinates": [[[-76.86260909066019, 38.269490909335865], [-76.84078181943356, 38.2647181822282], [-76.83758181886742, 38.26165454469188], [-76.84549999993844, 38.25583636330969], [-76.86260909066019, 38.269490909335865]]]}}, {"type": "Feature", "properties": {"code": "8.5", "name": "MISSISSIPPI ALLUVIAL AND SOUTHEAST USA COASTAL PLAINS"}, "geometry": {"type": "Polygon", "coordinates": [[[-76.94980909048203, 38.2084272729428], [-76.91083636413902, 38.197072726791305], [-76.88086167271904, 38.1749204118797], [-76.9698144696098, 38.1537642958076], [-77.01112500744938, 38.19957994929566], [-76.94980909048203, 38.2084272729428]]]}}, {"type": "Feature", "properties": {"code": "8.5", "name": "MISSISSIPPI ALLUVIAL AND SOUTHEAST USA COASTAL PLAINS"}, "geometry": {"type": "Polygon", "coordinates": [[[-76.97359091042684, 38.26730909135375], [-76.95780000029929, 38.24318181826746], [-76.96286363594135, 38.209381818096595], [-76.97559999975446, 38.21830000021474], [-77.01168732979566, 38.20020984619477], [-77.0258716115399, 38.267653508975464], [-76.97359091042684, 38.26730909135375]]]}}, {"type": "Feature", "properties": {"code": "8.5", "name": "MISSISSIPPI ALLUVIAL AND SOUTHEAST USA COASTAL PLAINS"}, "geometry": {"type": "Polygon", "coordinates": [[[-77.02494932397038, 38.45980097599183], [-76.98376534741969, 38.37535934413912], [-76.8536545450057, 38.30544545528675], [-76.85020000019509, 38.290272726772095], [-76.87026363576291, 38.29086363629051], [-76.84020909112859, 38.28926363663353], [-76.83369999880568, 38.273481817865374], [-76.84981818172388, 38.26614545396843], [-76.92491818151996, 38.29010000029513], [-76.92230909074726, 38.312727272566924], [-76.89443636259182, 38.29537272679416], [-76.90521818162483, 38.3229909087684], [-76.92382727151542, 38.31537272724631], [-76.942263636458, 38.33047272712411], [-76.93185454638672, 38.33930000015953], [-76.97839090874189, 38.34196363575584], [-76.97710908981917, 38.35550909129072], [-77.01650000024276, 38.340636362916854], [-77.01409999963006, 38.359345454805], [-77.023963636057, 38.3221909093236], [-77.05031818232547, 38.32248181776173], [-77.0591454536005, 38.338727272852395], [-77.05444545392041, 38.32211818161347], [-77.07183636402584, 38.30836363601041], [-77.05551818172425, 38.296400000186715], [-77.05889090852378, 38.288445454952885], [-77.05214545557556, 38.293354545064126], [-77.06054545447073, 38.31557272731437], [-77.02921818191253, 38.31039999987459], [-77.00033636354296, 38.278690908593], [-77.0270002851281, 38.269696544208486], [-77.02721099808058, 38.28452578079485], [-77.0603422374057, 38.28820609763579], [-77.0781529508797, 38.316474906179764], [-77.05880609792864, 38.38629710525302], [-77.13284315333391, 38.341606936194616], [-77.25362492521951, 38.38627624579812], [-77.19712309102135, 38.377437638078646], [-77.15460375199604, 38.439587778134985], [-77.07080426233806, 38.46140971025049], [-77.02494932397038, 38.45980097599183]]]}}, {"type": "Feature", "properties": {"code": "8.5", "name": "MISSISSIPPI ALLUVIAL AND SOUTHEAST USA COASTAL PLAINS"}, "geometry": {"type": "Polygon", "coordinates": [[[-77.14480909135547, 34.641400000185236], [-77.11529999990415, 34.640818181564256], [-77.17338181896989, 34.62305454454268], [-77.14480909135547, 34.641400000185236]]]}}, {"type": "Feature", "properties": {"code": "8.5", "name": "MISSISSIPPI ALLUVIAL AND SOUTHEAST USA COASTAL PLAINS"}, "geometry": {"type": "Polygon", "coordinates": [[[-77.17750909107117, 34.62080909055665], [-77.2219272726131, 34.59769999996475], [-77.23111818191143, 34.59717272742239], [-77.21060909122666, 34.62224545415521], [-77.20773636403233, 34.611836363316144], [-77.17750909107117, 34.62080909055665]]]}}, {"type": "Feature", "properties": {"code": "8.5", "name": "MISSISSIPPI ALLUVIAL AND SOUTHEAST USA COASTAL PLAINS"}, "geometry": {"type": "Polygon", "coordinates": [[[-77.2095272729096, 34.62257272792067], [-77.20445454483028, 34.62087272721012], [-77.19290909049137, 34.616363636120894], [-77.20251818246716, 34.614690908867125], [-77.2095272729096, 34.62257272792067]]]}}, {"type": "Feature", "properties": {"code": "8.5", "name": "MISSISSIPPI ALLUVIAL AND SOUTHEAST USA COASTAL PLAINS"}, "geometry": {"type": "Polygon", "coordinates": [[[-77.23313636386024, 34.59572727270188], [-77.31449999978462, 34.5399727269438], [-77.33353636438997, 34.53103636398173], [-77.33809999983389, 34.531818182052604], [-77.23313636386024, 34.59572727270188]]]}}, {"type": "Feature", "properties": {"code": "8.5", "name": "MISSISSIPPI ALLUVIAL AND SOUTHEAST USA COASTAL PLAINS"}, "geometry": {"type": "Polygon", "coordinates": [[[-77.69964545524833, 34.343290908985125], [-77.6575363642778, 34.34580909120404], [-77.71265454556979, 34.29684545389743], [-77.71608181775076, 34.32310000002989], [-77.69964545524833, 34.343290908985125]]]}}, {"type": "Feature", "properties": {"code": "8.5", "name": "MISSISSIPPI ALLUVIAL AND SOUTHEAST USA COASTAL PLAINS"}, "geometry": {"type": "Polygon", "coordinates": [[[-77.71271818156788, 34.315172726997], [-77.71560909080772, 34.29981818232198], [-77.7319909094165, 34.29534545512292], [-77.7252181815361, 34.316381817713435], [-77.71271818156788, 34.315172726997]]]}}, {"type": "Feature", "properties": {"code": "8.5", "name": "MISSISSIPPI ALLUVIAL AND SOUTHEAST USA COASTAL PLAINS"}, "geometry": {"type": "Polygon", "coordinates": [[[-77.75392727330227, 34.261000000400706], [-77.78138181760457, 34.24908181788999], [-77.75381818235377, 34.265427272726825], [-77.75392727330227, 34.261000000400706]]]}}, {"type": "Feature", "properties": {"code": "8.5", "name": "MISSISSIPPI ALLUVIAL AND SOUTHEAST USA COASTAL PLAINS"}, "geometry": {"type": "Polygon", "coordinates": [[[-77.76415454624318, 34.245600000224606], [-77.74290000020837, 34.29413636376283], [-77.71672727204489, 34.29349090919304], [-77.76415454624318, 34.245600000224606]]]}}, {"type": "Feature", "properties": {"code": "8.5", "name": "MISSISSIPPI ALLUVIAL AND SOUTHEAST USA COASTAL PLAINS"}, "geometry": {"type": "Polygon", "coordinates": [[[-77.76646363691225, 34.2428727279767], [-77.7818272728927, 34.226236364208674], [-77.81134545542727, 34.186336362686724], [-77.78889999960792, 34.21854545479323], [-77.80804545530624, 34.22161818197659], [-77.78266363680534, 34.24805454525878], [-77.76646363691225, 34.2428727279767]]]}}, {"type": "Feature", "properties": {"code": "8.5", "name": "MISSISSIPPI ALLUVIAL AND SOUTHEAST USA COASTAL PLAINS"}, "geometry": {"type": "Polygon", "coordinates": [[[-77.80977272721267, 34.219609090969875], [-77.8020181823258, 34.20628181868283], [-77.81445454511402, 34.21508181808582], [-77.80977272721267, 34.219609090969875]]]}}, {"type": "Feature", "properties": {"code": "8.5", "name": "MISSISSIPPI ALLUVIAL AND SOUTHEAST USA COASTAL PLAINS"}, "geometry": {"type": "Polygon", "coordinates": [[[-77.81584545404341, 34.18101818239733], [-77.86941818161401, 34.07951818207327], [-77.88126363654976, 34.07897272792036], [-77.86019090907689, 34.143209091357065], [-77.84468181854074, 34.162854545039536], [-77.84374545483, 34.142672727770425], [-77.81584545404341, 34.18101818239733]]]}}, {"type": "Feature", "properties": {"code": "8.5", "name": "MISSISSIPPI ALLUVIAL AND SOUTHEAST USA COASTAL PLAINS"}, "geometry": {"type": "Polygon", "coordinates": [[[-77.94569090936798, 33.91706363582231], [-77.95967272740968, 33.83989999976068], [-78.0094818179974, 33.86053636334462], [-77.99206363641126, 33.89007272852224], [-77.96733636320756, 33.87863636366027], [-77.94569090936798, 33.91706363582231]]]}}, {"type": "Feature", "properties": {"code": "8.5", "name": "MISSISSIPPI ALLUVIAL AND SOUTHEAST USA COASTAL PLAINS"}, "geometry": {"type": "Polygon", "coordinates": [[[-77.97220000082888, 33.90010000031977], [-77.9689818179486, 33.88002727303825], [-77.98943636448189, 33.8936454540517], [-77.97220000082888, 33.90010000031977]]]}}, {"type": "Feature", "properties": {"code": "8.5", "name": "MISSISSIPPI ALLUVIAL AND SOUTHEAST USA COASTAL PLAINS"}, "geometry": {"type": "Polygon", "coordinates": [[[-78.05515454530926, 33.91833636290684], [-78.01516363543342, 33.88777272712721], [-78.2348545451662, 33.91604545543491], [-78.1705454548457, 33.92832727293402], [-78.05515454530926, 33.91833636290684]]]}}, {"type": "Feature", "properties": {"code": "8.5", "name": "MISSISSIPPI ALLUVIAL AND SOUTHEAST USA COASTAL PLAINS"}, "geometry": {"type": "Polygon", "coordinates": [[[-78.31109999952645, 33.91542727312398], [-78.23300909126924, 33.908363636899956], [-78.38024545503981, 33.90390909145961], [-78.31109999952645, 33.91542727312398]]]}}, {"type": "Feature", "properties": {"code": "8.5", "name": "MISSISSIPPI ALLUVIAL AND SOUTHEAST USA COASTAL PLAINS"}, "geometry": {"type": "Polygon", "coordinates": [[[-78.43685454549146, 33.895527272867085], [-78.39028181918415, 33.89709090940493], [-78.47783636322399, 33.87617272672791], [-78.43685454549146, 33.895527272867085]]]}}, {"type": "Feature", "properties": {"code": "8.5", "name": "MISSISSIPPI ALLUVIAL AND SOUTHEAST USA COASTAL PLAINS"}, "geometry": {"type": "Polygon", "coordinates": [[[-78.470136363903, 33.888927272784635], [-78.47987272746164, 33.877499999991166], [-78.48372727280656, 33.88710909054633], [-78.470136363903, 33.888927272784635]]]}}, {"type": "Feature", "properties": {"code": "8.5", "name": "MISSISSIPPI ALLUVIAL AND SOUTHEAST USA COASTAL PLAINS"}, "geometry": {"type": "Polygon", "coordinates": [[[-78.48422727324773, 33.88735454599342], [-78.48760909096927, 33.876627272647504], [-78.5027181817769, 33.882718181517156], [-78.48422727324773, 33.88735454599342]]]}}, {"type": "Feature", "properties": {"code": "8.5", "name": "MISSISSIPPI ALLUVIAL AND SOUTHEAST USA COASTAL PLAINS"}, "geometry": {"type": "Polygon", "coordinates": [[[-78.52055454622408, 33.87854545401397], [-78.48238181759085, 33.8745727272501], [-78.52918181763903, 33.85757272675122], [-78.5111454551772, 33.87209090881747], [-78.52055454622408, 33.87854545401397]]]}}, {"type": "Feature", "properties": {"code": "8.5", "name": "MISSISSIPPI ALLUVIAL AND SOUTHEAST USA COASTAL PLAINS"}, "geometry": {"type": "Polygon", "coordinates": [[[-78.53049090907717, 33.86377272743286], [-78.54090909149824, 33.85093636410379], [-78.54403636413657, 33.853663636942095], [-78.53049090907717, 33.86377272743286]]]}}, {"type": "Feature", "properties": {"code": "8.5", "name": "MISSISSIPPI ALLUVIAL AND SOUTHEAST USA COASTAL PLAINS"}, "geometry": {"type": "Polygon", "coordinates": [[[-78.54034545392781, 33.87539090920752], [-78.52015454603499, 33.86833636392485], [-78.54605454606765, 33.86537272738513], [-78.54034545392781, 33.87539090920752]]]}}, {"type": "Feature", "properties": {"code": "8.5", "name": "MISSISSIPPI ALLUVIAL AND SOUTHEAST USA COASTAL PLAINS"}, "geometry": {"type": "Polygon", "coordinates": [[[-79.33360227953581, 33.08350703976697], [-79.35862540427598, 33.01588902975607], [-79.36339895492533, 33.01271636337388], [-79.35145925832204, 33.037310288079354], [-79.36059393455123, 33.05306984211896], [-79.34524945136963, 33.054221664201215], [-79.33360227953581, 33.08350703976697]]]}}, {"type": "Feature", "properties": {"code": "8.5", "name": "MISSISSIPPI ALLUVIAL AND SOUTHEAST USA COASTAL PLAINS"}, "geometry": {"type": "Polygon", "coordinates": [[[-79.40298856199234, 33.058832772239846], [-79.36984949184246, 33.041101050860206], [-79.3636250117094, 33.02918035303022], [-79.40041530079414, 33.027922015324556], [-79.41399263981906, 33.04649795873433], [-79.40298856199234, 33.058832772239846]]]}}, {"type": "Feature", "properties": {"code": "8.5", "name": "MISSISSIPPI ALLUVIAL AND SOUTHEAST USA COASTAL PLAINS"}, "geometry": {"type": "Polygon", "coordinates": [[[-79.40486801484063, 33.005171181895605], [-79.40190342421418, 33.02442058441601], [-79.36605599150916, 33.012487306867655], [-79.37110550728504, 33.00888996016412], [-79.40486801484063, 33.005171181895605]]]}}, {"type": "Feature", "properties": {"code": "8.5", "name": "MISSISSIPPI ALLUVIAL AND SOUTHEAST USA COASTAL PLAINS"}, "geometry": {"type": "Polygon", "coordinates": [[[-79.47645936480379, 33.037508134132814], [-79.48146884855976, 33.008485179759866], [-79.50588750156649, 33.03049093119775], [-79.47645936480379, 33.037508134132814]]]}}, {"type": "Feature", "properties": {"code": "8.5", "name": "MISSISSIPPI ALLUVIAL AND SOUTHEAST USA COASTAL PLAINS"}, "geometry": {"type": "Polygon", "coordinates": [[[-79.70343636433316, 32.85091818230828], [-79.70478181780872, 32.83439999984364], [-79.72609090901528, 32.827563636439365], [-79.72543636390284, 32.84853636270966], [-79.70343636433316, 32.85091818230828]]]}}, {"type": "Feature", "properties": {"code": "8.5", "name": "MISSISSIPPI ALLUVIAL AND SOUTHEAST USA COASTAL PLAINS"}, "geometry": {"type": "Polygon", "coordinates": [[[-79.73293636270601, 32.82678181785365], [-79.71763636422003, 32.815254545195955], [-79.7281636354698, 32.80440909117749], [-79.810854544463, 32.77596363722652], [-79.73293636270601, 32.82678181785365]]]}}, {"type": "Feature", "properties": {"code": "8.5", "name": "MISSISSIPPI ALLUVIAL AND SOUTHEAST USA COASTAL PLAINS"}, "geometry": {"type": "Polygon", "coordinates": [[[-79.81432727354857, 32.77146363579335], [-79.84882727271979, 32.7528000003856], [-79.86595454537776, 32.765754544663025], [-79.8512818191788, 32.75983636421702], [-79.81432727354857, 32.77146363579335]]]}}, {"type": "Feature", "properties": {"code": "8.5", "name": "MISSISSIPPI ALLUVIAL AND SOUTHEAST USA COASTAL PLAINS"}, "geometry": {"type": "Polygon", "coordinates": [[[-79.88648181949786, 32.686254545161816], [-79.91267272706726, 32.66616363559765], [-79.97544545534454, 32.639800000481095], [-79.90400909091066, 32.6739454548833], [-79.89832727313659, 32.69665454622613], [-79.88648181949786, 32.686254545161816]]]}}, {"type": "Feature", "properties": {"code": "8.5", "name": "MISSISSIPPI ALLUVIAL AND SOUTHEAST USA COASTAL PLAINS"}, "geometry": {"type": "Polygon", "coordinates": [[[-80.18625454508323, 27.176636364471907], [-80.18744545452515, 27.17974545485641], [-80.18620908973054, 27.180272727103553], [-80.18625454508323, 27.176636364471907]]]}}, {"type": "Feature", "properties": {"code": "8.5", "name": "MISSISSIPPI ALLUVIAL AND SOUTHEAST USA COASTAL PLAINS"}, "geometry": {"type": "Polygon", "coordinates": [[[-80.29007272715987, 27.465509091222405], [-80.16072727304818, 27.19169090890978], [-80.15512727294553, 27.16944545501899], [-80.1695909090638, 27.172472728464587], [-80.16269090973901, 27.192927271565637], [-80.211727273477, 27.255163636887065], [-80.2142545459537, 27.284036363927598], [-80.22638181827728, 27.281854545839746], [-80.21717272717308, 27.287318181629548], [-80.23776363612316, 27.339781819015993], [-80.25979999960617, 27.348363636142196], [-80.26343636298105, 27.394745454867575], [-80.29739999959169, 27.434581818205782], [-80.29052727178853, 27.459709090522857], [-80.31711818157572, 27.458645453923587], [-80.29007272715987, 27.465509091222405]]]}}, {"type": "Feature", "properties": {"code": "8.5", "name": "MISSISSIPPI ALLUVIAL AND SOUTHEAST USA COASTAL PLAINS"}, "geometry": {"type": "Polygon", "coordinates": [[[-80.31338181843374, 27.47896363688029], [-80.32015454619108, 27.47244545488742], [-80.32292727325274, 27.473154544895166], [-80.31338181843374, 27.47896363688029]]]}}, {"type": "Feature", "properties": {"code": "8.5", "name": "MISSISSIPPI ALLUVIAL AND SOUTHEAST USA COASTAL PLAINS"}, "geometry": {"type": "Polygon", "coordinates": [[[-80.39155454573307, 27.719190909358097], [-80.39536363591908, 27.718799999887395], [-80.39590000025208, 27.722581819407754], [-80.39155454573307, 27.719190909358097]]]}}, {"type": "Feature", "properties": {"code": "8.5", "name": "MISSISSIPPI ALLUVIAL AND SOUTHEAST USA COASTAL PLAINS"}, "geometry": {"type": "Polygon", "coordinates": [[[-80.4059636368585, 27.752354545843808], [-80.39576363572694, 27.735427272695436], [-80.398018182584, 27.72429999967539], [-80.41203636404637, 27.73888181838705], [-80.4059636368585, 27.752354545843808]]]}}, {"type": "Feature", "properties": {"code": "8.5", "name": "MISSISSIPPI ALLUVIAL AND SOUTHEAST USA COASTAL PLAINS"}, "geometry": {"type": "Polygon", "coordinates": [[[-80.4216636371897, 27.760481817743536], [-80.41254545464226, 27.757245453577287], [-80.4142545461553, 27.75428181795283], [-80.4216636371897, 27.760481817743536]]]}}, {"type": "Feature", "properties": {"code": "8.5", "name": "MISSISSIPPI ALLUVIAL AND SOUTHEAST USA COASTAL PLAINS"}, "geometry": {"type": "Polygon", "coordinates": [[[-80.42977272719405, 32.39111818121414], [-80.46443636352443, 32.33729999987202], [-80.45359090903278, 32.32221818174957], [-80.56284545355693, 32.27554545524218], [-80.58404545538087, 32.27456363732432], [-80.50519090913002, 32.34182727162816], [-80.46586363695634, 32.338127272995834], [-80.47997272650714, 32.350127272994776], [-80.4671545461205, 32.35760000036853], [-80.47489090877652, 32.38472727323569], [-80.4603090904502, 32.384709091060024], [-80.46297272817463, 32.35731818166489], [-80.42977272719405, 32.39111818121414]]]}}, {"type": "Feature", "properties": {"code": "8.5", "name": "MISSISSIPPI ALLUVIAL AND SOUTHEAST USA COASTAL PLAINS"}, "geometry": {"type": "Polygon", "coordinates": [[[-80.43132727278879, 32.40090000033166], [-80.43235454496138, 32.40097272674936], [-80.43123636297972, 32.40258181784892], [-80.43132727278879, 32.40090000033166]]]}}, {"type": "Feature", "properties": {"code": "8.5", "name": "MISSISSIPPI ALLUVIAL AND SOUTHEAST USA COASTAL PLAINS"}, "geometry": {"type": "Polygon", "coordinates": [[[-80.43538181928008, 32.4130000002573], [-80.428454544727, 32.399236362771184], [-80.45549999988155, 32.36770000027659], [-80.46333636448615, 32.3880999996425], [-80.43538181928008, 32.4130000002573]]]}}, {"type": "Feature", "properties": {"code": "8.5", "name": "MISSISSIPPI ALLUVIAL AND SOUTHEAST USA COASTAL PLAINS"}, "geometry": {"type": "Polygon", "coordinates": [[[-80.44618181852273, 27.858681817929767], [-80.38209090851055, 27.737463636298347], [-80.28506363573987, 27.473763636517464], [-80.31254545508607, 27.48009090931458], [-80.3005272723287, 27.48655454633125], [-80.30510909068737, 27.497818182246498], [-80.31089090868358, 27.48563636247492], [-80.30723636397046, 27.49984545542935], [-80.30809090870501, 27.507072728248545], [-80.31625454449441, 27.487000000309404], [-80.32589090902316, 27.49845454462806], [-80.32474545357015, 27.529990909363924], [-80.31839999970168, 27.52715454565283], [-80.3168727270181, 27.520081817882854], [-80.3121272728341, 27.51826363615154], [-80.31925454574919, 27.533572727403183], [-80.33689090935096, 27.544045454469874], [-80.33512727256698, 27.592136362883753], [-80.37039999986078, 27.64879090923222], [-80.3607727273474, 27.66640909113048], [-80.38466363587943, 27.686763636548825], [-80.38521818141662, 27.724327272337675], [-80.44102727283739, 27.804336363153006], [-80.43046363703152, 27.808018182227997], [-80.43980909046483, 27.819200000284663], [-80.426581818422, 27.81450909092732], [-80.45649090902222, 27.848381818342865], [-80.44618181852273, 27.858681817929767]]]}}, {"type": "Feature", "properties": {"code": "8.5", "name": "MISSISSIPPI ALLUVIAL AND SOUTHEAST USA COASTAL PLAINS"}, "geometry": {"type": "Polygon", "coordinates": [[[-80.46780908959182, 27.873645453931566], [-80.47148181909205, 27.87229090862157], [-80.47038181757382, 27.87586363723905], [-80.46780908959182, 27.873645453931566]]]}}, {"type": "Feature", "properties": {"code": "8.5", "name": "MISSISSIPPI ALLUVIAL AND SOUTHEAST USA COASTAL PLAINS"}, "geometry": {"type": "Polygon", "coordinates": [[[-80.53174545402032, 32.499709090639215], [-80.4802545450113, 32.47766363563866], [-80.48400000018388, 32.45997272728204], [-80.53830000038684, 32.46034545525503], [-80.5505909090027, 32.491963636714864], [-80.53174545402032, 32.499709090639215]]]}}, {"type": "Feature", "properties": {"code": "8.5", "name": "MISSISSIPPI ALLUVIAL AND SOUTHEAST USA COASTAL PLAINS"}, "geometry": {"type": "Polygon", "coordinates": [[[-80.55827272658281, 32.490709090628265], [-80.53655454451015, 32.451372727359214], [-80.48015454497931, 32.44704545401505], [-80.45899091033264, 32.40104545496641], [-80.56644545463698, 32.3565999999008], [-80.54324545381797, 32.33129090908434], [-80.59789999970575, 32.27128181806909], [-80.64361818207865, 32.25957272827688], [-80.64805454499054, 32.35725454530552], [-80.67277272673059, 32.36871818169724], [-80.6675090906971, 32.4210545460554], [-80.64973636427163, 32.42211818228633], [-80.64855454527888, 32.436327273089915], [-80.66108181753319, 32.46669999969305], [-80.68616363576264, 32.45796363684177], [-80.68775454532376, 32.49268181775079], [-80.623818181858, 32.503090908664376], [-80.59840000056441, 32.4854818179111], [-80.55827272658281, 32.490709090628265]]]}}, {"type": "Feature", "properties": {"code": "8.5", "name": "MISSISSIPPI ALLUVIAL AND SOUTHEAST USA COASTAL PLAINS"}, "geometry": {"type": "Polygon", "coordinates": [[[-80.59165454480654, 28.4080999999004], [-80.60825454480037, 28.316599999602513], [-80.59233636433719, 28.186954545123445], [-80.56069090864673, 28.07821818076636], [-80.4468727266778, 27.861918180489337], [-80.4566181824211, 27.85584545529405], [-80.47894545547207, 27.913054545781126], [-80.51089999980094, 27.936090909315123], [-80.5235818187825, 27.993881818839974], [-80.61235454537571, 28.168581819385416], [-80.61129091043246, 28.318054545378505], [-80.6436181814598, 28.31238181828033], [-80.61377272722206, 28.319545454753236], [-80.60909090973483, 28.385636363511956], [-80.64442727311057, 28.405918181636984], [-80.59165454480654, 28.4080999999004]]]}}, {"type": "Feature", "properties": {"code": "8.5", "name": "MISSISSIPPI ALLUVIAL AND SOUTHEAST USA COASTAL PLAINS"}, "geometry": {"type": "Polygon", "coordinates": [[[-80.62369090914744, 28.3610363627156], [-80.61531818213196, 28.357709091094762], [-80.64353636365603, 28.35749090899607], [-80.62369090914744, 28.3610363627156]]]}}, {"type": "Feature", "properties": {"code": "8.5", "name": "MISSISSIPPI ALLUVIAL AND SOUTHEAST USA COASTAL PLAINS"}, "geometry": {"type": "Polygon", "coordinates": [[[-80.66012727323577, 28.35741818245043], [-80.64663636327629, 28.35800909144261], [-80.64616363647414, 28.357590909042546], [-80.66012727323577, 28.35741818245043]]]}}, {"type": "Feature", "properties": {"code": "8.5", "name": "MISSISSIPPI ALLUVIAL AND SOUTHEAST USA COASTAL PLAINS"}, "geometry": {"type": "Polygon", "coordinates": [[[-80.66310908965586, 28.405872726804766], [-80.65692727246164, 28.300154546153745], [-80.69468181825928, 28.405063636848663], [-80.69883636382953, 28.368899999633708], [-80.68239090856976, 28.368018182056968], [-80.68759090889664, 28.320700000116418], [-80.60406363642718, 28.142490908694995], [-80.67129999960858, 28.26619090910567], [-80.7181454552738, 28.403672726855742], [-80.73171818157026, 28.404090909207696], [-80.6939090908528, 28.408581818280325], [-80.66310908965586, 28.405872726804766]]]}}, {"type": "Feature", "properties": {"code": "8.5", "name": "MISSISSIPPI ALLUVIAL AND SOUTHEAST USA COASTAL PLAINS"}, "geometry": {"type": "Polygon", "coordinates": [[[-80.68259999997838, 32.36279999970053], [-80.66133636287358, 32.3327818179422], [-80.66415454482664, 32.29138181772544], [-80.68716363639855, 32.29486363634555], [-80.7377363645391, 32.352145454958034], [-80.68259999997838, 32.36279999970053]]]}}, {"type": "Feature", "properties": {"code": "8.5", "name": "MISSISSIPPI ALLUVIAL AND SOUTHEAST USA COASTAL PLAINS"}, "geometry": {"type": "Polygon", "coordinates": [[[-80.72379090935516, 32.27059090875245], [-80.6691636362537, 32.21672727288767], [-80.73142727271741, 32.15194545468218], [-80.82372727318581, 32.10935454626608], [-80.79212727250427, 32.15800000034629], [-80.78420909083749, 32.22169090868277], [-80.75026363578266, 32.23133636379892], [-80.72379090935516, 32.27059090875245]]]}}, {"type": "Feature", "properties": {"code": "8.5", "name": "MISSISSIPPI ALLUVIAL AND SOUTHEAST USA COASTAL PLAINS"}, "geometry": {"type": "Polygon", "coordinates": [[[-80.74880000008372, 32.27045454566597], [-80.75154545483264, 32.240545454252214], [-80.78762727207251, 32.2226636358714], [-80.77540909082092, 32.25849999959663], [-80.74880000008372, 32.27045454566597]]]}}, {"type": "Feature", "properties": {"code": "8.5", "name": "MISSISSIPPI ALLUVIAL AND SOUTHEAST USA COASTAL PLAINS"}, "geometry": {"type": "Polygon", "coordinates": [[[-80.77860909108148, 32.52853636287263], [-80.69434545431383, 32.52506363672351], [-80.68378181892969, 32.499709091249635], [-80.70164545356636, 32.49380909121304], [-80.6920181821088, 32.46499090907191], [-80.7244090910829, 32.4502545446796], [-80.7232454545093, 32.44375454494974], [-80.69197272681232, 32.45530909103738], [-80.66840909093116, 32.45221818138132], [-80.66214545539735, 32.43739999964987], [-80.68569999979738, 32.42720909076971], [-80.68294545389199, 32.370354545206084], [-80.74207272678844, 32.35181818098508], [-80.77370909102257, 32.386954545377364], [-80.81070909068666, 32.473972726612956], [-80.78924545428787, 32.483254545488705], [-80.77860909108148, 32.52853636287263]]]}}, {"type": "Feature", "properties": {"code": "8.5", "name": "MISSISSIPPI ALLUVIAL AND SOUTHEAST USA COASTAL PLAINS"}, "geometry": {"type": "Polygon", "coordinates": [[[-80.83914545534982, 32.14759090871863], [-80.87466363706058, 32.08067272709719], [-80.90350000008088, 32.09200909141016], [-80.88939999952689, 32.12996363626453], [-80.83914545534982, 32.14759090871863]]]}}, {"type": "Feature", "properties": {"code": "8.5", "name": "MISSISSIPPI ALLUVIAL AND SOUTHEAST USA COASTAL PLAINS"}, "geometry": {"type": "Polygon", "coordinates": [[[-80.91325454469573, 29.01241818201522], [-80.91445454639815, 29.013727272960246], [-80.91650909147707, 29.017600000152992], [-80.91325454469573, 29.01241818201522]]]}}, {"type": "Feature", "properties": {"code": "8.5", "name": "MISSISSIPPI ALLUVIAL AND SOUTHEAST USA COASTAL PLAINS"}, "geometry": {"type": "Polygon", "coordinates": [[[-80.91511818088242, 29.013181818226244], [-80.81839999964866, 28.835299999842235], [-80.74819999973184, 28.74320909123187], [-80.7611272728856, 28.73056363592203], [-80.7647272728618, 28.729463635857105], [-80.77437272684998, 28.753899999696543], [-80.79000000025259, 28.76212727289969], [-80.80299090922354, 28.758445454136226], [-80.80743636296054, 28.760872726950325], [-80.79653636452865, 28.77210909094109], [-80.84982727292945, 28.798681818367058], [-80.8198818175914, 28.652072726630443], [-80.7845999996717, 28.6515545447289], [-80.77160909092694, 28.677072727698715], [-80.78167272666039, 28.669127272626945], [-80.78484545537898, 28.68996363746314], [-80.72744545370803, 28.702063637043135], [-80.76039090885236, 28.728654544704654], [-80.74775454541214, 28.742772727127356], [-80.68607272740691, 28.670890909297785], [-80.63515454486115, 28.656845453797512], [-80.65979090979023, 28.670818181649622], [-80.64920909146433, 28.677236364177777], [-80.67749090863013, 28.713463636227402], [-80.6934909089727, 28.710299999965624], [-80.71248181785644, 28.7572999996472], [-80.73559090900699, 28.762609091327697], [-80.72409090891475, 28.774536362893016], [-80.74581818160613, 28.80843636284184], [-80.76663636454543, 28.813390908674318], [-80.7540727278437, 28.820254544615576], [-80.77567272662532, 28.824227272475483], [-80.76810909153353, 28.842436362864014], [-80.85077272727862, 28.964745455129993], [-80.895072726898, 28.989690909409013], [-80.88249090867072, 29.000000000201357], [-80.90553636361336, 29.01675454457639], [-80.90410909108246, 29.045990908606633], [-80.91786363627527, 29.07323636344333], [-80.70851818207636, 28.754963636138694], [-80.57490000017422, 28.58518181920512], [-80.52673636317651, 28.45170909132043], [-80.58381818199189, 28.411363635890797], [-80.6407363642012, 28.409863636398196], [-80.60424545489245, 28.419699999785898], [-80.5845454552644, 28.50409999960262], [-80.6017909097557, 28.528009090680175], [-80.59441818105694, 28.577127272968745], [-80.62213636250642, 28.5220090912751], [-80.61213636431457, 28.513854544773984], [-80.6236636371636, 28.519863635767233], [-80.63591818186462, 28.502345453942315], [-80.66304545388351, 28.40912727255485], [-80.7190818184575, 28.406618182287875], [-80.72999090867546, 28.525072727331914], [-80.75232727242997, 28.527100000414492], [-80.73031818214403, 28.5272909094344], [-80.71801818170825, 28.56162727267345], [-80.72644545504302, 28.604800000243962], [-80.75727272649904, 28.6030818183325], [-80.79596363570195, 28.622609090843934], [-80.77817272745844, 28.63858181818142], [-80.78646363622626, 28.649945453914018], [-80.81971818144144, 28.649836364359064], [-80.79754545486603, 28.557545454077626], [-80.76826363601592, 28.527772728419073], [-80.78250000020287, 28.509709090950356], [-80.74483636413709, 28.396218182478876], [-80.4895909087895, 27.851500000209427], [-80.38883636443373, 27.684309091040692], [-80.31462727299301, 27.42392727316806], [-80.18789090887276, 27.174509090952952], [-80.2124363632368, 27.217263636174412], [-80.2552454536519, 27.216645455113238], [-80.26223636366453, 27.20290909071327], [-80.32927272730493, 27.258400000287562], [-80.32310909053172, 27.239736362920365], [-80.28870909073406, 27.219409090512197], [-80.29017272727279, 27.19965454627948], [-80.26923636429399, 27.205854545137655], [-80.25836363642743, 27.15481818091959], [-80.2580999999264, 27.201963635875885], [-80.22026363692284, 27.20561818180493], [-80.19651818209329, 27.17981818177463], [-80.20012727350408, 27.172181817903446], [-80.20164545350956, 27.17423636411283], [-80.20122727338436, 27.1714272733674], [-80.20497272692249, 27.172727273207517], [-80.20682727313934, 27.172754545963567], [-80.20742727335009, 27.171736364324673], [-80.1918727267167, 27.164409090640948], [-80.19524545443622, 27.161572727048963], [-80.1989909086132, 27.151627273352982], [-80.19442727255877, 27.144599999773767], [-80.18242727229787, 27.164890909215387], [-80.16090000012322, 27.13826363729691], [-80.17124545480442, 27.16302727324106], [-80.1596818179427, 27.163545455269034], [-80.0957181817658, 27.02349999967994], [-80.0459897636392, 26.855590775937166], [-80.10148642873055, 26.816417025706162], [-80.1444781374136, 26.70306921689653], [-80.24086262169071, 26.6626171766383], [-80.30862573777668, 26.676754763943705], [-80.3999674100664, 26.781926895380817], [-80.56858752301663, 26.93400000542437], [-80.63851155443416, 27.07988616368656], [-80.70515883183508, 27.16351006095398], [-80.7612855467756, 27.204087644030444], [-80.82612103191498, 27.201165044111946], [-81.00618628571208, 27.025874380970677], [-81.13633243721833, 26.965813300739956], [-81.11898964904772, 26.898684666410254], [-81.18418494324956, 26.84965438815746], [-81.1620316819388, 26.764755451187014], [-81.0119801157357, 26.659538215314075], [-80.97607329808996, 26.600183930781537], [-80.96616031067491, 26.468566960734186], [-80.92171636495718, 26.383065477682845], [-80.97371819708988, 26.309597610810684], [-81.05636832574262, 26.33001665981198], [-81.04997099678454, 26.398399192816402], [-81.07522487477996, 26.420400409249023], [-81.20902841674501, 26.415350862874657], [-81.22210565241045, 26.38538184280334], [-81.16775005559876, 26.29432281885031], [-81.1689670885825, 26.26395168009591], [-81.23749619727631, 26.254468109776045], [-81.30243848557146, 26.30460148175939], [-81.35986057857076, 26.32192576535659], [-81.38853797770956, 26.30751397135537], [-81.39747153501246, 26.27448805011248], [-81.49053118618328, 26.289756040628323], [-81.55075463031694, 26.25799464965303], [-81.59849013551116, 26.29140731794588], [-81.59343486577363, 26.341404474357475], [-81.5504924423031, 26.37918412424028], [-81.5572789730422, 26.406201024207384], [-81.5870293351913, 26.426660176107276], [-81.64667622317818, 26.416025912618572], [-81.71737441336394, 26.493554559495315], [-81.7724444522122, 26.520900708301372], [-81.78959476986127, 26.50173726873545], [-81.80127930935443, 26.416337760897537], [-81.78275824494878, 26.339515703595126], [-81.78582444130421, 26.177999295434866], [-81.77179289173101, 26.14872031093445], [-81.78265605786721, 26.105367097866875], [-81.80209594508644, 26.09577525146942], [-81.83132727266307, 26.289172726955922], [-81.86343636349848, 26.364154545321703], [-81.84883636406194, 26.345790908725274], [-81.83542727249319, 26.34671818202525], [-81.84653636273913, 26.422536364259763], [-81.86275454540326, 26.432490908807804], [-81.85439090857615, 26.444954545733548], [-81.87665454456281, 26.458745455371357], [-81.88240909139131, 26.439145455276677], [-81.8905727282944, 26.444972727387423], [-81.88542727328773, 26.446290909181357], [-81.882781817926, 26.450290909294555], [-81.88403636340226, 26.452036364055832], [-81.9003727270126, 26.439563635648508], [-81.90878181810366, 26.445409090965004], [-81.90391818217005, 26.445854545128157], [-81.9083818181524, 26.45196363606284], [-81.90559999981457, 26.454563636092562], [-81.90849090932988, 26.458390908965896], [-81.90491818138612, 26.463854545980407], [-81.90640000007596, 26.468336362794563], [-81.92793636428509, 26.45887272718583], [-81.92029999989781, 26.442009091102854], [-81.94582727309464, 26.47505454474187], [-82.01313636402222, 26.487581817793917], [-81.98901818194317, 26.489118180645775], [-82.008281818294, 26.506563635725655], [-82.01044545378905, 26.51295454517778], [-82.00928181849979, 26.516900000243247], [-82.0097090897769, 26.52039090935419], [-82.00931818155311, 26.521272727241225], [-81.98085454646319, 26.50976363609186], [-81.92622727283894, 26.543009090557057], [-81.88166363618191, 26.63750000047652], [-81.77756363603702, 26.707536363969215], [-81.83863636379103, 26.693536362740588], [-81.87998181789334, 26.654263636948937], [-81.89349091008854, 26.65735454507374], [-81.94776363584354, 26.540636363020734], [-82.03503636308793, 26.528981818084667], [-82.0429818182401, 26.543045455311567], [-82.03887272706248, 26.549954546328962], [-82.03883636378339, 26.55102727293933], [-82.03979090982538, 26.55155454632496], [-82.0397363627929, 26.551881818236946], [-82.03934545416442, 26.551863635783562], [-82.03910000054898, 26.55215454578137], [-82.03961818192101, 26.553454545679386], [-82.0506363625383, 26.54314545515566], [-82.0637727277712, 26.566136363767104], [-82.04464545516734, 26.60006363559059], [-82.08380000008361, 26.686763636071575], [-82.06302727309614, 26.79578181775784], [-82.05074545493434, 26.791645454208815], [-82.04719999966473, 26.81384545526462], [-82.05256363605983, 26.871090909192205], [-82.09237272662135, 26.892518181759595], [-82.09700000019106, 26.914063635690415], [-82.05533636411968, 26.93479090933851], [-82.06249090917655, 26.95241818196007], [-82.10944545514153, 26.961436364004836], [-82.14176363586266, 26.923800000286146], [-82.1663181820437, 26.93435454487763], [-82.18415454524065, 26.96899999977361], [-82.20869090872075, 26.958090909226673], [-82.18380908994854, 26.93604545517643], [-82.15719090893496, 26.85750909096359], [-82.1510454538614, 26.784236363697687], [-82.17310909092514, 26.79607272722389], [-82.15544545507285, 26.819318181847404], [-82.16476363552299, 26.824772727322614], [-82.19502727258651, 26.799754545753213], [-82.23867272696756, 26.809163635572467], [-82.23302727314747, 26.835709091180018], [-82.24900909102678, 26.836690908996427], [-82.25398181884545, 26.818845453760332], [-82.30217272712275, 26.847672727594556], [-82.28206363720514, 26.81510909133456], [-82.34009999970684, 26.895336363499247], [-82.31650909142002, 26.868918181915898], [-82.31660909065887, 26.890281817778106], [-82.30562727305416, 26.889263636390574], [-82.29970909090943, 26.89462727253825], [-82.31910909073872, 26.89238181775737], [-82.41017272768246, 27.01152727162612], [-82.35971818177413, 26.935863635801216], [-82.34452727159433, 26.89661818168635], [-82.44559999970888, 27.060736363118657], [-82.46960909124023, 27.112081818147924], [-82.44431818216454, 27.10712727283424], [-82.46839090901113, 27.122627273378498], [-82.5023272728818, 27.22758181762453], [-82.5421090905981, 27.271618181277805], [-82.53865454547638, 27.32289090886794], [-82.57139090945694, 27.40248181777407], [-82.69216363624294, 27.473881818220292], [-82.63977272739264, 27.473754545963157], [-82.64525454540366, 27.495636362659358], [-82.68577272722113, 27.48519090912873], [-82.6846181820992, 27.512718182040516], [-82.66947272742627, 27.49664545364815], [-82.66661818205694, 27.500009091463497], [-82.68041818096813, 27.516263636217293], [-82.6408272726208, 27.52553636402103], [-82.6214090912966, 27.513454546313678], [-82.57264545448929, 27.548145455244363], [-82.56756363696714, 27.566909091090146], [-82.60299090923431, 27.556254546215516], [-82.58545454467495, 27.575172726743], [-82.620363635789, 27.58615454580962], [-82.57446363679317, 27.580554545375094], [-82.5824181819035, 27.595518182376974], [-82.57108181911293, 27.590699999835273], [-82.56273636356441, 27.638163635614305], [-82.53555454630329, 27.656909090353885], [-82.54271818162286, 27.660836363198015], [-82.53369090936211, 27.677509091523348], [-82.51302727208446, 27.669590908758785], [-82.49646363562059, 27.681281818093282], [-82.52042727302516, 27.69006363607459], [-82.48051818197882, 27.715581818007056], [-82.48138181806671, 27.743609091310265], [-82.41468181838373, 27.763627272960036], [-82.42900909151314, 27.77245454479012], [-82.39453636322881, 27.765409091326543], [-82.42638181892917, 27.782654545185945], [-82.4315454554424, 27.773136364032425], [-82.43558181758702, 27.775663636312455], [-82.41829999962191, 27.793272727054077], [-82.42464545541488, 27.784336363095406], [-82.40596363635198, 27.77573636324745], [-82.41739090902529, 27.78310909141409], [-82.39933636257994, 27.80144545463421], [-82.41200909132976, 27.805818181901145], [-82.39758181750769, 27.80772727293966], [-82.41210909094762, 27.809163637084414], [-82.38351818210688, 27.82160909107324], [-82.396036364085, 27.828690909278414], [-82.3841181822387, 27.856445453742136], [-82.4038454552794, 27.856200000471034], [-82.39692727290114, 27.882390909081366], [-82.41537272821223, 27.900327272703485], [-82.43436363606415, 27.896754544843258], [-82.40772727289772, 27.90336363680215], [-82.42858181808553, 27.90632727275786], [-82.41636363671556, 27.90907272721857], [-82.42789090873194, 27.93065454640154], [-82.41319999971444, 27.928200000367962], [-82.41079090941344, 27.95243636440242], [-82.43359090865879, 27.940745453772898], [-82.43621818235793, 27.90424545369161], [-82.44385454475176, 27.91710909064808], [-82.46175454452221, 27.909109090915244], [-82.46040909107833, 27.9370454548255], [-82.49045454538586, 27.918827272098294], [-82.47289090902834, 27.822290908617234], [-82.53387272758256, 27.832836364316538], [-82.53875454624213, 27.8592181816265], [-82.55490000022866, 27.851527272985408], [-82.5297727268905, 27.877318182188482], [-82.5425272729174, 27.890627272624506], [-82.52752727223785, 27.89750909132597], [-82.5280454547202, 27.938009090947695], [-82.56425454540471, 27.935854545131203], [-82.54055454502686, 27.94700000032461], [-82.55296363715925, 27.966754545337785], [-82.61997272652077, 27.970363636915113], [-82.56665454489654, 27.970790908840318], [-82.62269090939525, 27.9925090907822], [-82.64040909019621, 28.016627272786575], [-82.66343636362522, 27.999618182217983], [-82.66523636413835, 28.02836363661628], [-82.69669999952441, 28.03671818193689], [-82.67534545537443, 28.005736363475442], [-82.70434545452594, 27.965745455077595], [-82.69150909112825, 27.97571818159041], [-82.69727272718465, 27.961718181865404], [-82.67900909101755, 27.963245454344097], [-82.71890909046414, 27.956990909108406], [-82.72942727325159, 27.933763636452273], [-82.6954909094205, 27.922236363764235], [-82.69358181946407, 27.93450909082905], [-82.62500000012699, 27.875009089652085], [-82.58254545502744, 27.879372726600742], [-82.60593636408377, 27.872199999714766], [-82.60827272670186, 27.870118181937706], [-82.59618181755592, 27.8447818179273], [-82.59660908962343, 27.82659090917758], [-82.61266363686761, 27.855081819378096], [-82.62121818043776, 27.85539090930765], [-82.62862727154811, 27.852045454662573], [-82.58759999962824, 27.818954546040324], [-82.63049999994972, 27.77632727170019], [-82.63244545549645, 27.71139090900953], [-82.67747272665723, 27.706781817554276], [-82.67852727188988, 27.694363636082226], [-82.69828181761478, 27.71869999981589], [-82.68178181764883, 27.72305454474144], [-82.69192727287201, 27.738427273012032], [-82.71285454511245, 27.735918181938334], [-82.74747272737812, 27.752718181120144], [-82.76267272680758, 27.81265454526477], [-82.75213636370943, 27.839018181975145], [-82.76403636349228, 27.822427272903735], [-82.7688818175586, 27.83424545500623], [-82.7816000001742, 27.839063636406955], [-82.76557272660511, 27.816190908534843], [-82.77048181902589, 27.79936363574447], [-82.83330000018218, 27.83570909130912], [-82.84871818207657, 27.87131818245721], [-82.7991727271744, 27.988954544732543], [-82.78787272768427, 27.98304545507834], [-82.78364545357621, 28.10549999970632], [-82.77201818110439, 28.107763635948775], [-82.79900909131138, 28.185972728474905], [-82.75633636400363, 28.22694545358158], [-82.76209090888757, 28.24306363568656], [-82.74678181828796, 28.246099999931957], [-82.75854545491504, 28.254663637176776], [-82.73421818216879, 28.2549000003191], [-82.74403636392934, 28.274209091041747], [-82.7368272730521, 28.271127272859697], [-82.72409090875382, 28.27412727300295], [-82.74359090914427, 28.278618180841026], [-82.7236272730106, 28.29108181771885], [-82.73599999990533, 28.305818182109142], [-82.70286363681792, 28.373672727000326], [-82.70805454589348, 28.394999999921225], [-82.68646363622156, 28.41144545539045], [-82.69576363702667, 28.42194545369114], [-82.6676727266658, 28.433036363310055], [-82.66416363707505, 28.454227273175306], [-82.68496363632234, 28.46488181807459], [-82.67007272671428, 28.46900000030393], [-82.65495454520557, 28.513481817579876], [-82.66804545510972, 28.528199999894042], [-82.64519090854733, 28.54518181793447], [-82.66217272841772, 28.638590909491747], [-82.63280909074118, 28.69557272713046], [-82.6610636361901, 28.73682727302974], [-82.65000909092215, 28.742118181966497], [-82.64493636422547, 28.73636363605197], [-82.64746363601813, 28.73209999958947], [-82.64623636331413, 28.73120909037226], [-82.64507272662092, 28.73429999964464], [-82.64402727292263, 28.732172727108605], [-82.63243636262179, 28.7313818182609], [-82.63092727258525, 28.73186363732708], [-82.63118181778049, 28.733954544676337], [-82.63007272713776, 28.73390000026554], [-82.64665454594443, 28.738336364041928], [-82.63284545370064, 28.790145454502795], [-82.65379999993762, 28.830763636819896], [-82.63245454596236, 28.849118181566432], [-82.64230909055881, 28.865572727065075], [-82.63214545533775, 28.879618182144924], [-82.65200909071757, 28.90220000007364], [-82.6957090914282, 28.91083636444877], [-82.67652727208775, 28.921945454126718], [-82.71416363582924, 28.951581818106593], [-82.77634545398769, 28.94248181802904], [-82.72428181853088, 28.959581818015486], [-82.73567272708779, 28.976900000357848], [-82.72696363729695, 28.995027273282624], [-82.7623272726196, 29.00151818236886], [-82.74123636418736, 29.021654545027644], [-82.75902727289788, 29.035227273193236], [-82.75223636249493, 29.063100000112005], [-82.78359090887352, 29.063518182193675], [-82.77406363645528, 29.072427272735982], [-82.77790909127619, 29.08070909145848], [-82.81575454544291, 29.079081818240446], [-82.7864454535444, 29.110936363013654], [-82.80706363697688, 29.127672727289532], [-82.80423636339285, 29.167109090840068], [-82.83381818225293, 29.154481817646886], [-82.85362727322757, 29.17201818236833], [-82.87692727296037, 29.159472726801912], [-82.95877272672396, 29.16905454512012], [-82.963872728074, 29.181936364124436], [-83.0025999996787, 29.178190908733725], [-82.9984363642044, 29.169936364257502], [-83.00315454469467, 29.164209090581053], [-83.06790909010384, 29.187463637048765], [-83.06004545542967, 29.217090908715562], [-83.0783363644236, 29.2210272729874], [-83.05769999965099, 29.238554544739163], [-83.08139999964837, 29.269081817844317], [-83.10752727194112, 29.268409090669724], [-83.11785454542004, 29.317200000310446], [-83.16554545484786, 29.32556363700148], [-83.15560909117742, 29.33786363720797], [-83.18259091051253, 29.348172726905066], [-83.17694545382822, 29.36371818177232], [-83.19132727291426, 29.365518181530106], [-83.18842727273258, 29.38163636377407], [-83.20077272731751, 29.373763636012292], [-83.22004545522788, 29.42586363747655], [-83.29513636254411, 29.43706363709198], [-83.31091818227529, 29.475163635909365], [-83.39641818223991, 29.51831818246705], [-83.38933636286633, 29.53899999994996], [-83.40385454507198, 29.54203636398433], [-83.40903636438415, 29.570236363895102], [-83.40808181787234, 29.597818181559948], [-83.39489999983614, 29.601109090523966], [-83.40674545504051, 29.620490909151684], [-83.4006545455236, 29.67438181783276], [-83.45559090869965, 29.675781818072622], [-83.48388181934013, 29.688900000301942], [-83.49166363567797, 29.71426363703632], [-83.54848181763184, 29.728672727044614], [-83.5663818189144, 29.76335454588491], [-83.58447272679457, 29.759545455200243], [-83.57418181770217, 29.76579999961032], [-83.58843636358738, 29.78167272724994], [-83.57628181781008, 29.791136364214413], [-83.5862181816674, 29.81939999985904], [-83.68184545373616, 29.92334545531274], [-83.79307272785185, 29.986281819209815], [-83.79557272663936, 29.97592727187232], [-83.83090000014792, 29.98343636329189], [-83.92582727276486, 30.034645453849254], [-83.99720909076704, 30.08271818216215], [-83.9998818177304, 30.10562727158555], [-84.13213636334297, 30.09192727308865], [-84.16788181808138, 30.071427273340337], [-84.18444545527849, 30.077190909097997], [-84.17300909078256, 30.09473636362592], [-84.19919090851386, 30.106254545871646], [-84.22752727171613, 30.08440909112727], [-84.25934545417428, 30.10589999963066], [-84.2754181825678, 30.093427271739607], [-84.27716363666929, 30.06026363578457], [-84.33965454583718, 30.074609091302403], [-84.3607636370174, 30.059300000441034], [-84.36221818219481, 30.01623636436402], [-84.37417272710866, 30.01765454483366], [-84.38072727270824, 30.027245454846366], [-84.37193636423173, 30.024409090811975], [-84.36888181800359, 30.02800909066356], [-84.38635454529778, 30.0389090912146], [-84.39121818180766, 29.99319090874811], [-84.37217272701488, 29.98959090940168], [-84.36774545445405, 30.01050909130501], [-84.34175454601275, 29.970199999637494], [-84.44539999991618, 29.98845454488547], [-84.43973636292, 29.960418182173147], [-84.33942727255078, 29.946009090623235], [-84.34510000120733, 29.898345453729323], [-84.37893636444375, 29.893109090847922], [-84.42383636290036, 29.903000000325775], [-84.3571454545906, 29.904800000252997], [-84.44360000044863, 29.929254545329513], [-84.49240909068997, 29.909809090798262], [-84.512000000091, 29.91657272656057], [-84.88803636271894, 29.722409091157324], [-84.91632727313724, 29.733390909393147], [-84.89879090910075, 29.739318182144867], [-84.85819090860593, 29.793654546166426], [-84.8516090912264, 29.816090908994017], [-84.87150909128084, 29.797290908852755], [-84.89931818188492, 29.808781818251074], [-84.88589999971468, 29.78450909094149], [-84.93801818166116, 29.795745454777702], [-84.91770909092939, 29.774118182034822], [-84.94667272759986, 29.7447363642139], [-84.97863636414867, 29.758390909473665], [-84.96392727323669, 29.740609091080753], [-84.9896818183509, 29.747063636359226], [-84.97219090862485, 29.735563635835], [-84.9932727280524, 29.714945453838112], [-85.11682727346674, 29.716818182018905], [-85.26181818200922, 29.685472726873655], [-85.2209545444949, 29.684972728017065], [-85.2317636360776, 29.67759090919887], [-85.32575454452333, 29.680099999830418], [-85.34793636406835, 29.66794545382017], [-85.34505454555708, 29.65472727272483], [-85.37224545543191, 29.68288181772035], [-85.39007272733063, 29.71739999986712], [-85.41015454597668, 29.78240000016231], [-85.41752727332957, 29.836190908895134], [-85.40933636372607, 29.861672728324823], [-85.39045454581033, 29.87376363559399], [-85.41087272684697, 29.828763636820685], [-85.40619090897951, 29.776972728233545], [-85.35979090894253, 29.67829999980564], [-85.31084545399386, 29.689145453851204], [-85.30057272663059, 29.79850909087781], [-85.31748181782028, 29.838927273238113], [-85.40355454573307, 29.93742727295512], [-85.51269999956283, 29.97361818161373], [-85.54117272726832, 29.995790908921116], [-85.5445454549924, 30.001600000390454], [-85.48216363618417, 29.963590908990973], [-85.45670000046003, 29.96378181801759], [-85.4923272718937, 29.97409999997856], [-85.58777410702835, 30.055957960433503], [-85.54687097444858, 30.005354607944685], [-85.68632727341583, 30.122509090899495], [-85.66883636327312, 30.14270909067231], [-85.65776363688627, 30.121936363608626], [-85.62200909078173, 30.125909091141953], [-85.62273636453853, 30.08990909091068], [-85.60975454475151, 30.102890909025344], [-85.6040636358318, 30.0908454547784], [-85.56216363652095, 30.09372727308742], [-85.53525454628806, 30.079236363066226], [-85.53974545348873, 30.055936363982983], [-85.46642727335234, 30.015536363886095], [-85.41148181762124, 30.017709091307495], [-85.43913636326789, 30.02320909082971], [-85.42630909067958, 30.04495454481836], [-85.39145454460001, 30.02541818170717], [-85.40236363587017, 30.04582727233531], [-85.39175454476153, 30.052009091294273], [-85.43582727237336, 30.05782727284625], [-85.42875454636159, 30.07619090879551], [-85.4292818182564, 30.080954546338926], [-85.45648181818902, 30.029445453679138], [-85.48153636348687, 30.03244545533847], [-85.4948090912054, 30.075154545032387], [-85.48632727269288, 30.097700000050896], [-85.52369090870432, 30.093336362957576], [-85.52606363750881, 30.119481817675062], [-85.55501818195336, 30.12611818162249], [-85.60506363602524, 30.103872727417254], [-85.60160909072393, 30.12867272803695], [-85.73291818214176, 30.176290909260405], [-85.73724545403002, 30.18746363569339], [-85.7054181815294, 30.201681817767856], [-85.6790363627053, 30.24993636398829], [-85.61018181755321, 30.25623636421182], [-85.60789999991721, 30.2783090906919], [-85.64602727234256, 30.26190909149062], [-85.65060909130813, 30.2828272716626], [-85.7196818176441, 30.234845454498185], [-85.72011818159898, 30.261409091352267], [-85.73215454505983, 30.258836362621253], [-85.75553636330699, 30.295136362995695], [-85.85124545503005, 30.282163635585945], [-85.84911818123423, 30.23149999961529], [-85.82094545366868, 30.22619090895318], [-85.79879090929077, 30.25346363693279], [-85.7583181813425, 30.23684545465385], [-85.77544545391581, 30.229663636534635], [-85.7743909093283, 30.220363636034286], [-85.74104545413275, 30.217099999731992], [-85.75177272649975, 30.17100000034844], [-85.70957272733463, 30.147154545717633], [-85.71832727272037, 30.1374090906329], [-85.7220909093161, 30.135481818289772], [-85.72418181779157, 30.135163637082837], [-85.74733636443511, 30.149190908715156], [-85.72466363648503, 30.128909090984067], [-85.73438181833095, 30.12075454496198], [-85.88319999949515, 30.21834545408749], [-86.09659090896317, 30.306200000020322], [-86.32151818125115, 30.367381818218856], [-86.50732727281586, 30.38104545433276], [-86.51564545436597, 30.397018182114206], [-86.49571818239126, 30.414045453900627], [-86.48872727279166, 30.40262727297808], [-86.48290000018945, 30.40550909092758], [-86.48732727271219, 30.417590909416443], [-86.34926363646481, 30.385463636978354], [-86.31363636371755, 30.423000000270317], [-86.28849090947406, 30.39805454561597], [-86.22276363648187, 30.39780909088656], [-86.266490909486, 30.408736363732967], [-86.24827272844831, 30.428899999655474], [-86.19385454459278, 30.3946909090105], [-86.1690181818771, 30.398063635961243], [-86.1604818181128, 30.379863636733514], [-86.11277272719693, 30.38782727267902], [-86.12297272850492, 30.41881818204859], [-86.13799091013733, 30.421381817653163], [-86.12118181791327, 30.430136362644383], [-86.1536181805917, 30.430809089953513], [-86.16348181798838, 30.412272728059488], [-86.16093636275443, 30.456299999851904], [-86.19678181840644, 30.464209090643088], [-86.19967272827341, 30.503209091296622], [-86.22231818210547, 30.475409090874155], [-86.25716363693037, 30.486772727031624], [-86.42117272740391, 30.45075454482461], [-86.44609999962941, 30.488463635695208], [-86.44084545471765, 30.50669999981973], [-86.45434545394917, 30.51129090899124], [-86.46854545471002, 30.484399999516175], [-86.48184545541815, 30.512499999878518], [-86.4998454549815, 30.522300000357514], [-86.4846818179654, 30.505299999560734], [-86.50340000016783, 30.501809090758222], [-86.47804545428193, 30.482599999948423], [-86.4916363631247, 30.46226363627815], [-86.54063636375407, 30.452590909354768], [-86.55934545368657, 30.42899999954852], [-86.58704545360044, 30.43339999995921], [-86.58665454473868, 30.47570000005853], [-86.59510909090709, 30.475663637174655], [-86.6136636369082, 30.45302727314028], [-86.59076363673738, 30.441972727136918], [-86.60086363733123, 30.427600000091292], [-86.61655454565384, 30.436400000309337], [-86.63934545499656, 30.43250000018812], [-86.60066363666243, 30.42250000010389], [-86.59134545495817, 30.42779999965485], [-86.58703636418677, 30.4064999999387], [-86.6021545451154, 30.40119999997987], [-86.81905454480311, 30.40799999953014], [-87.03499090941497, 30.38519999995403], [-87.18289999967412, 30.341890909276923], [-87.20457272667412, 30.360754545176007], [-87.14596363583995, 30.368454545599615], [-87.08776363608406, 30.399218181651513], [-87.01852727300734, 30.402454544743303], [-86.93603636354625, 30.45449090876643], [-86.91269090890339, 30.438072728276808], [-86.87439091003174, 30.440045453553427], [-86.91250909073325, 30.44568181798461], [-87.02199090853625, 30.504718181831453], [-87.01001818190575, 30.52414545527201], [-86.99139090951597, 30.522427271959575], [-87.00240000016271, 30.549263636028098], [-86.98798181904579, 30.57915454568969], [-87.03765454567069, 30.53953636425083], [-87.06799090883091, 30.447818182299763], [-87.09251818237132, 30.438554545794084], [-87.09908181777709, 30.518100000367344], [-87.12977272798972, 30.53082727263954], [-87.12102727342064, 30.54799090886414], [-87.14330000004048, 30.552863637026324], [-87.15212727317892, 30.576763636849265], [-87.18959999970558, 30.5828545453137], [-87.18881818229964, 30.5329181817311], [-87.14974545392572, 30.491127271817557], [-87.17645454577234, 30.426136363619424], [-87.27199090876323, 30.373563636159528], [-87.28396363708973, 30.385663635832955], [-87.28211818151352, 30.373281818343166], [-87.31398181795224, 30.37639090910797], [-87.35125454478332, 30.361318181796804], [-87.29803636428595, 30.372472727026995], [-87.302327272647, 30.3613454553327], [-87.26961818248094, 30.361527272897046], [-87.26660000021405, 30.374463636159245], [-87.26675454540242, 30.34421818194833], [-87.30563636421188, 30.345509090661157], [-87.31426363637551, 30.33013636410863], [-87.38671818059363, 30.323318181146742], [-87.40123636272808, 30.308772726571874], [-87.49794545479305, 30.312772727903486], [-87.42320909124395, 30.32309999968584], [-87.44233636287952, 30.323627273034862], [-87.41450909131632, 30.34669090929517], [-87.44141818162088, 30.365736363581085], [-87.42531818255989, 30.37450909063494], [-87.42604545545214, 30.40224545488918], [-87.39779090896751, 30.40055454514818], [-87.34026363565363, 30.430081817938397], [-87.36711818177895, 30.458454544549625], [-87.41467272692336, 30.457300000372193], [-87.43528181778524, 30.47990000036681], [-87.43288181820408, 30.484299999946877], [-87.43388181814055, 30.48770000043575], [-87.4291818175576, 30.48739999950125], [-87.42838181861077, 30.48919999980212], [-87.43098181810545, 30.498299999596693], [-87.43800000032167, 30.500190909692414], [-87.43790000004762, 30.48170909116136], [-87.41630909012088, 30.45292727336456], [-87.38899090914907, 30.446527272901612], [-87.39984545522661, 30.423781818848756], [-87.43109090966735, 30.41704545422928], [-87.46514545372689, 30.360027272882462], [-87.51109090931644, 30.34020909075998], [-87.51509090891442, 30.301445454612487], [-87.58452727266999, 30.27195454608838], [-87.55081818216249, 30.28010000039095], [-87.55870909081456, 30.27110909118639], [-87.81492727171583, 30.22882727310665], [-88.0, 30.225545453831803], [-87.96132727276172, 30.233509091042247], [-87.93699090942378, 30.260754545941918], [-87.89591818092525, 30.23978181788804], [-87.84847272762104, 30.240245453794053], [-87.77697272729371, 30.257836362600102], [-87.75466363692674, 30.282036364158255], [-87.8375727270154, 30.37631818179218], [-87.90651818241655, 30.41036363571496], [-87.91986363590507, 30.471045454355355], [-87.93714545458103, 30.482727272681483], [-87.90170909088667, 30.54993636356658], [-87.91762727190331, 30.637972726564023], [-87.93484545469113, 30.667372726860588], [-87.95613636334143, 30.65877272684993], [-87.95400000012472, 30.670481818038628], [-88.0, 30.679438961787472], [-87.98520909065414, 30.719018180917427], [-87.99957272737694, 30.71164545449071], [-88.0, 30.748653080186497], [-87.98330000014766, 30.764599999899016], [-88.0, 30.774101818560236], [-88.0, 31.097690793826334], [-87.95396646267668, 31.128997428067002], [-87.90978785099125, 31.13334073413583], [-87.87458754605633, 31.114801341681513], [-87.85662520821892, 31.06907183474471], [-87.87322956891792, 31.022501227581277], [-87.86334857185557, 30.889070677033306], [-87.90805336981052, 30.811925321953378], [-87.89173394751498, 30.764655460632575], [-87.90654276164933, 30.65969167921775], [-87.88326243236725, 30.43689587230005], [-87.86006993663608, 30.418610203738854], [-87.8068227040827, 30.453861337562124], [-87.80222190481335, 30.406261523192388], [-87.75034737740273, 30.404494640928778], [-87.78649857350923, 30.371138935889636], [-87.78364377705766, 30.34998582986001], [-87.74130915476765, 30.331697100873576], [-87.7043937317908, 30.350208882271044], [-87.67805058851195, 30.306269818327575], [-87.64714397391677, 30.316229081138072], [-87.62833932635596, 30.37067307072527], [-87.59731934308087, 30.371281253076997], [-87.54898917366062, 30.34151456569842], [-87.52866336901347, 30.38124159305093], [-87.47973305178824, 30.38602183719212], [-87.45230716994358, 30.40871631299415], [-87.45569282527724, 30.453998990822832], [-87.48702886636698, 30.483970115088987], [-87.47224135361932, 30.53964222003114], [-87.45201795249959, 30.557288406968265], [-87.4208100337821, 30.558484917185197], [-87.39635167249513, 30.515462247622803], [-87.35705320340509, 30.498655660104518], [-87.2261793194714, 30.550404168245144], [-87.28642649753027, 30.663973045286376], [-87.25993498679134, 30.69049150592825], [-87.22912631364694, 30.671337647011615], [-87.20013692924236, 30.613058733820328], [-87.16533425513573, 30.59808672532238], [-87.12020143516018, 30.60329131080289], [-87.03368136447757, 30.649078532296564], [-86.95617357488857, 30.601270850820796], [-86.83605466859999, 30.631682601215434], [-86.82808179150328, 30.608828137760625], [-86.86109815587773, 30.584391992347413], [-86.86207228017294, 30.562128590257394], [-86.92230119261735, 30.555439568636768], [-86.95890784329248, 30.51224586424484], [-86.91216106487306, 30.486287485796527], [-86.80168362484126, 30.469688011130174], [-86.74026787706661, 30.484914269713112], [-86.71773446713755, 30.50828322967328], [-86.62088657728687, 30.50231847860816], [-86.50251450008103, 30.57367677842504], [-86.45222458661301, 30.54822608324597], [-86.37677736202339, 30.56279868124857], [-86.3303216257187, 30.543807751918074], [-86.16853172168025, 30.55736046425793], [-86.01494604074813, 30.59401160212257], [-85.91677866292669, 30.557808283349743], [-85.91006834647987, 30.57269021288132], [-85.93962303380191, 30.62538470990277], [-85.92623660375166, 30.62637161220563], [-85.92507629872297, 30.650868829318938], [-85.91294260872064, 30.649042680186216], [-85.89878857540694, 30.67945558467715], [-85.86529033617796, 30.69484032226705], [-85.85905960712616, 30.67748206207699], [-85.88712265934223, 30.61309200528927], [-85.87347216124554, 30.532843223588202], [-85.85448408513432, 30.55533973244182], [-85.84208572984792, 30.52809466416097], [-85.85279508321572, 30.47810046109591], [-85.81068220744555, 30.486859541226703], [-85.7581348911211, 30.4518645611575], [-85.75033366411331, 30.41345049830115], [-85.67701500070794, 30.372660393030458], [-85.55140907140678, 30.391911651392334], [-85.46607272944199, 30.36993681065899], [-85.40060153636479, 30.37766938086085], [-85.34206748007279, 30.42080683636101], [-85.22841371290451, 30.35432198964966], [-85.1481739248602, 30.35601279020974], [-85.12309483188315, 30.33642711721063], [-85.08378090592474, 30.346879057538164], [-85.04486729823877, 30.305616289647812], [-84.98236580994167, 30.326193258751665], [-84.96806106208611, 30.30871540338413], [-84.88023310723031, 30.280482261186453], [-84.77597417438018, 30.319732939431397], [-84.73361854150939, 30.31971806790957], [-84.71412506654232, 30.351245477941927], [-84.61065133950936, 30.432107977011427], [-84.40362215351523, 30.498658793030742], [-84.36052327618559, 30.48376754482035], [-84.32638732180905, 30.419831097702744], [-84.2715570706776, 30.396461274277716], [-84.10171325175331, 30.36695036036095], [-84.08321498662151, 30.413644844224507], [-84.0427708492172, 30.37052107323695], [-83.88032208441348, 30.338767204499234], [-83.83721488454005, 30.345290996834223], [-83.82294100009707, 30.386993138947254], [-83.8553282374271, 30.390978365702523], [-83.86018464331009, 30.4283248087297], [-83.85307019444352, 30.46552584824423], [-83.82410454857649, 30.459775860982948], [-83.83870382325394, 30.513871577892452], [-83.81906996739106, 30.54782807878058], [-83.7853073005662, 30.504666118944126], [-83.73167349799797, 30.52412453729869], [-83.71497434357167, 30.49514535904129], [-83.61428305045385, 30.508362632304497], [-83.5892555967188, 30.483850445986135], [-83.63371411742317, 30.448946649165727], [-83.63207717734983, 30.43221678766723], [-83.55869039833746, 30.412229802987365], [-83.5810497565522, 30.364689766187645], [-83.45101960972487, 30.370811856124046], [-83.42029233668129, 30.40459562569996], [-83.38768472296934, 30.412813875581815], [-83.341606392604, 30.351169509872545], [-83.33019146434181, 30.28396122000754], [-83.34568872622071, 30.246718957216448], [-83.30347586240201, 30.20907941964525], [-83.33144719354732, 30.155774058644912], [-83.31580430738214, 30.109554392619906], [-83.28983467404063, 30.084967045808213], [-83.22952618957943, 30.06801809090381], [-83.2204930834928, 30.040107386147586], [-83.18746644324729, 30.04729170960938], [-83.10263992393993, 30.02762131070517], [-82.96245747298936, 29.932268181795468], [-82.91839997038983, 29.947310349988634], [-82.88950690944529, 29.91181774724533], [-82.77799605456923, 29.959484729518625], [-82.73852087242068, 29.886384403893206], [-82.69547088133834, 29.85059954741981], [-82.58972962717871, 29.854988116783133], [-82.56769747337101, 29.899786718750484], [-82.51449324009494, 29.947131619218684], [-82.5369678020305, 29.983788107701518], [-82.52561326004162, 30.022027882950105], [-82.55528133227514, 30.06676699831819], [-82.54943334759342, 30.134656586213488], [-82.57106515559163, 30.18524857968588], [-82.61501191075205, 30.238285347071894], [-82.68209364997554, 30.24545323476746], [-82.66889192128826, 30.302198733148096], [-82.67862061540986, 30.323744657485598], [-82.76181135975521, 30.351226095300426], [-82.90386772333612, 30.47304384915352], [-82.93011001254463, 30.52572421681031], [-82.96356935989209, 30.536528212121077], [-82.97599448140453, 30.567525134868358], [-83.0608134156128, 30.60038912521038], [-83.11645181510728, 30.765097073378904], [-83.1003951943458, 30.843828082847665], [-83.16936147812592, 30.796505378188527], [-83.2338392876436, 30.82302535969658], [-83.25602888267416, 30.855136910222576], [-83.25663797238525, 30.87365925619579], [-83.20583339347276, 30.911042780924507], [-83.22047369283507, 30.92981634606077], [-83.21481200179727, 30.949851495214823], [-83.17494064450806, 30.95036377236752], [-83.18571110548504, 30.970436740179412], [-83.16983482600149, 31.025729288833098], [-83.14048562516686, 31.044060409990802], [-83.12061834747003, 31.094467813150125], [-83.14390997074665, 31.10892505084696], [-83.18060825934526, 31.07443441910982], [-83.19613843860742, 31.132978122669858], [-83.2590102280144, 31.166701127952823], [-83.23038595741836, 31.202201181216378], [-83.2102627388499, 31.267132255546098], [-83.25907837966396, 31.34466900354143], [-83.17940190152491, 31.36765082487494], [-83.14917150831859, 31.34668255346996], [-83.12140361005646, 31.348093550804897], [-83.08898019528534, 31.401825277784972], [-82.98659758557862, 31.43428755325968], [-82.9291863839502, 31.405830526351366], [-82.94504653690164, 31.37830920062055], [-82.99225547553434, 31.374135248337993], [-82.98721642432668, 31.349077836762834], [-82.9622777849617, 31.334716395199166], [-82.86076510943587, 31.354314244991638], [-82.83079396131909, 31.345206110919168], [-82.8291610773531, 31.41008510640052], [-82.75343657571344, 31.407361330637944], [-82.77128150460405, 31.473605668652674], [-82.73680074839247, 31.548876912977978], [-82.73080799692612, 31.60827006567996], [-82.76750219768778, 31.651703105832787], [-82.77237725613396, 31.62749171858554], [-82.79226710183912, 31.61308622276926], [-82.80386970431768, 31.621458190642716], [-82.81590566090894, 31.601448877745742], [-82.82171106195449, 31.73202508761459], [-82.80596881777947, 31.766650505079426], [-82.69413678169917, 31.83914564381511], [-82.58044433409485, 31.861693685711067], [-82.46568290155946, 31.83011450861712], [-82.37926331699515, 31.884523034087415], [-82.38470201125668, 31.855350224321267], [-82.3588940475825, 31.845089666498808], [-82.37136894887796, 31.829549057704654], [-82.34821886975841, 31.798901115502325], [-82.28959617059486, 31.80574960635051], [-82.26523505787235, 31.78743189238142], [-82.18789690964131, 31.805451674760576], [-82.15059195553559, 31.779662507986114], [-82.07484094766951, 31.801463995584225], [-81.9479750017253, 31.72137576997537], [-81.94327048229756, 31.816171558714625], [-81.87905839764342, 31.907361702792358], [-81.85940577028546, 31.98216704326148], [-81.8764464290891, 32.02672743632954], [-81.91522075167583, 32.03849724989901], [-81.98818742277851, 32.02136741503453], [-81.98436451757287, 31.978865440746077], [-81.95081296019046, 31.938802431603406], [-81.97996797091517, 31.93662905564256], [-82.03193816517157, 31.972067093710727], [-82.03649786626491, 32.03458540577468], [-82.06011159662718, 32.060119827073], [-82.03728469835838, 32.09942491924692], [-82.0539027858002, 32.170949756745145], [-81.95035983740524, 32.15557902786164], [-81.98834611917606, 32.13909136419723], [-81.97851351523619, 32.07830526919981], [-81.87475142546135, 32.099016675930024], [-81.83165549882024, 32.06261748690027], [-81.80249979992816, 32.08594919577357], [-81.78676589397688, 32.124734083277964], [-81.80872116260534, 32.21248195026219], [-81.74269381405904, 32.244593073701544], [-81.71430021398, 32.27564885239837], [-81.65176304608413, 32.410248848271664], [-81.57088351405017, 32.432606733030866], [-81.56621043418993, 32.46090895405827], [-81.59053989161889, 32.51180591667875], [-81.53529748146504, 32.514327457993055], [-81.51538485476529, 32.58277155704912], [-81.52543859154886, 32.60957946764517], [-81.49858748618482, 32.650312422151515], [-81.5520820561367, 32.68018324439363], [-81.47792373692546, 32.70870903200572], [-81.50668565420816, 32.74259889725941], [-81.46448569632322, 32.76951007796882], [-81.46116443938477, 32.861242417799566], [-81.43206418741703, 32.88692195016649], [-81.35709396133123, 32.90803698471292], [-81.3080413790073, 32.95540504264251], [-81.25440007475571, 32.92462050697059], [-81.23037000737148, 32.92998717989479], [-81.21200016876898, 32.989878756712244], [-81.17942019394746, 33.03034049719808], [-81.13542971907489, 33.05403360831321], [-81.12679876313848, 33.10171429663159], [-81.15051982772297, 33.16361091451509], [-81.13365278414913, 33.205421851957915], [-81.10765912912464, 33.25470854632014], [-81.03397083583931, 33.314702176939626], [-81.023185251708, 33.345772408340245], [-80.94361167770512, 33.401343040026816], [-80.80042174835754, 33.451994429132945], [-80.68160526970235, 33.447483561780054], [-80.65158958875223, 33.42377087571981], [-80.53552081363922, 33.40516074138218], [-80.43647945208562, 33.42686525475278], [-80.32484655174737, 33.37928083900165], [-80.15671647512328, 33.397210101873746], [-80.14599172180803, 33.4432733817569], [-80.18224454555575, 33.5263723063474], [-80.12291599394166, 33.662909311847315], [-80.13277700642874, 33.686287703168254], [-80.15515015461995, 33.685819768586825], [-80.18772718522416, 33.717319156780746], [-80.17618844130223, 33.73339154460682], [-80.13614379680939, 33.73974293684558], [-80.11580189833477, 33.79890195103194], [-80.14083491137569, 33.81566909199896], [-80.19244592198523, 33.90425554575711], [-80.15467954908672, 33.94827868010523], [-80.16158777622933, 34.01745310778397], [-80.14242931043071, 34.085331204164476], [-80.06135074625223, 34.05048578176617], [-80.04115446416967, 34.09177695920941], [-79.97819367411302, 34.09094474757952], [-79.9045300152385, 34.142115628619216], [-79.82393148980915, 34.147225901636155], [-79.81741861589272, 34.11542810318289], [-79.77447185170472, 34.12625923425242], [-79.76068099466028, 34.11342282679376], [-79.72347733699243, 34.12965557429668], [-79.73544798534934, 34.08687103269318], [-79.6786938936619, 34.04346840066779], [-79.62306604183073, 34.07196464842092], [-79.51847198662334, 34.01408033090413], [-79.43856913657899, 34.05597186582518], [-79.34035702611023, 34.0219484552977], [-79.27373880237904, 34.122444507955706], [-79.18200920612891, 34.19134470280119], [-79.19398498571192, 34.235789681369674], [-79.15807877150438, 34.21852184169804], [-79.0955623697562, 34.218480867728026], [-79.04994165719027, 34.13446085217863], [-78.9819201263829, 34.12410720478162], [-78.92646841561968, 34.14197655676547], [-78.8680971505202, 34.109841921827595], [-78.78388497951758, 34.177937347875655], [-78.7350683597354, 34.19437766991783], [-78.67740640041572, 34.25606920974386], [-78.64031905893393, 34.32854291358778], [-78.54008758784173, 34.40004836000585], [-78.49738598353719, 34.41327707208635], [-78.43527306553553, 34.50480809604247], [-78.46994431755103, 34.56845361187811], [-78.51538585396216, 34.589291073422814], [-78.52349179055965, 34.612354412047075], [-78.60529399058915, 34.64415712735897], [-78.66218584708278, 34.708530373419705], [-78.7564640505854, 34.76035620715812], [-78.79701786689512, 34.88505694397756], [-78.79329028306489, 34.920302672204876], [-78.76974712891672, 34.92137581298614], [-78.76860767213039, 34.96170827407482], [-78.80103155686011, 34.98803237434123], [-78.7711014795209, 35.01634234303889], [-78.75650774971466, 35.0184075271223], [-78.60524863534954, 34.8891900719293], [-78.53415751475762, 34.852201690286186], [-78.4291330994923, 34.74861831504021], [-78.3535885215826, 34.75288751989926], [-78.26028811899329, 34.72303599684777], [-78.22931672030623, 34.72967954507375], [-77.95588164266586, 34.92335311650101], [-77.86516461064039, 34.957907903229604], [-77.72639161421216, 34.950447559150085], [-77.69901593788508, 34.96190635794498], [-77.66053758982815, 35.005555784758535], [-77.67528926732908, 35.05074636873104], [-77.61203295618583, 35.09218749968931], [-77.64380637790734, 35.15078965814473], [-77.55724416739142, 35.1964073624094], [-77.53219643067457, 35.18929832684206], [-77.4224399018836, 35.35196686614817], [-77.40696811117944, 35.477227078025216], [-77.46336641130128, 35.535900065793015], [-77.49697936532834, 35.632390315138565], [-77.44298982418952, 35.69392597987287], [-77.45701640204348, 35.7258084638301], [-77.44977729055115, 35.76817542519065], [-77.40345183577311, 35.8487060061915], [-77.42580512257132, 35.9097400049722], [-77.40387981230357, 35.98130216942184], [-77.42608242170023, 36.01341409682009], [-77.4032751109039, 36.06736336222749], [-77.30380607528318, 36.10419333152294], [-77.2705132840466, 36.15580060009482], [-77.28675224956856, 36.21208177369013], [-77.31324719805555, 36.241111492254866], [-77.43704189784704, 36.328046543686845], [-77.46059694098045, 36.33023807863834], [-77.47466470424344, 36.35670537778326], [-77.53117760857322, 36.38067321618328], [-77.5640146987068, 36.4266300533457], [-77.48562203722824, 36.43405972241576], [-77.4382048959725, 36.37897679976955], [-77.4137190752752, 36.39334350203002], [-77.32223900060606, 36.39854022622989], [-77.21376720584017, 36.37299455589106], [-77.11649159438778, 36.38383520629371], [-77.07141340060296, 36.37185799029485], [-77.02180135747902, 36.39591251316587], [-77.01626445856965, 36.424281876969495], [-77.08849035460423, 36.44575925478444], [-77.10075283293997, 36.46700330115429], [-77.0782317029523, 36.48989625783705], [-77.11814988071912, 36.51906488629363], [-77.0739186740284, 36.53322141604945], [-77.07795110519044, 36.545659335140414], [-77.117688511748, 36.59331960248944], [-77.173986444465, 36.59178964113366], [-77.17948294357561, 36.62525248569555], [-77.1232152784548, 36.70178934131913], [-77.11335426598701, 36.84201525424551], [-77.07719493358924, 36.804439481246916], [-77.0551786393647, 36.80760457332171], [-77.03352902488143, 36.85941353829002], [-76.92870859708881, 36.99709334387568], [-76.96139019208493, 37.026819728095184], [-76.91580454551843, 37.03214277065836], [-76.83901852801208, 37.13310840033429], [-76.79521126613808, 37.14273001112522], [-76.76504913096096, 37.169921387206735], [-76.71860000048204, 37.14690909076992], [-76.69121818082247, 37.19482727290052], [-76.67021818153894, 37.18360909066254], [-76.65685454497623, 37.11055454595471], [-76.6667181823858, 37.05129090906222], [-76.57591818172715, 37.016527272503964], [-76.5807818177136, 36.997518181735025], [-76.61603636442096, 37.00552727308472], [-76.62477272749551, 36.993845454891364], [-76.62119090951371, 36.98214545415812], [-76.62290000048824, 36.99279999997758], [-76.58096363594028, 36.99531818167897], [-76.56354545451676, 37.003781818228624], [-76.4861727264865, 36.95644545431055], [-76.48550909257673, 36.93834545386703], [-76.49842727245706, 36.950172727027564], [-76.51111818198011, 36.950118181891206], [-76.49675454639508, 36.924018180762666], [-76.51724545520383, 36.916472727638734], [-76.52580909100904, 36.89999090897471], [-76.54130909128179, 36.89082727283839], [-76.54263636393912, 36.88701818172481], [-76.49217272785059, 36.92154545515057], [-76.48322727338517, 36.896536364479104], [-76.51063636428435, 36.88940000052234], [-76.54948181754295, 36.83255454567363], [-76.51194545441713, 36.847245454012466], [-76.52124545399688, 36.85545454577726], [-76.49559090954622, 36.8806090906895], [-76.45579090863882, 36.883281819021356], [-76.44186363697393, 36.90607272740323], [-76.38214545484318, 36.894918181164066], [-76.3745090911728, 36.879436364237705], [-76.35192727277678, 36.88470000012298], [-76.3415181815498, 36.86267272716923], [-76.37185454543797, 36.86001818218922], [-76.35809090883974, 36.8534909087448], [-76.36867272829473, 36.83995454500565], [-76.38996363647381, 36.85472727226847], [-76.38964545362214, 36.833254545114244], [-76.40904545452567, 36.83576363621706], [-76.40264545468342, 36.80512727186407], [-76.38738181767364, 36.833390908568106], [-76.35499999974974, 36.82008181892698], [-76.36477272678414, 36.83473636428804], [-76.32614545367421, 36.857572726806], [-76.31013636350399, 36.853654545710576], [-76.32776363606872, 36.84639090910681], [-76.32104545503283, 36.83776363594435], [-76.31339090937844, 36.848963636343186], [-76.29551818229464, 36.839918182043036], [-76.29340909163467, 36.79714545381407], [-76.28224545443052, 36.820690909014566], [-76.29163636266804, 36.839300000360424], [-76.22266363566065, 36.83632727219114], [-76.2148090904155, 36.81829090904529], [-76.21229090871194, 36.830827273146376], [-76.2018363629701, 36.822499999676495], [-76.19586363663802, 36.82752727277282], [-76.22429090935422, 36.83883636341403], [-76.21839090892573, 36.84262727339513], [-76.22813636333204, 36.85647272698751], [-76.22940909222672, 36.83981818245289], [-76.2751181816906, 36.840236363768895], [-76.32812727338153, 36.872718181887585], [-76.31153636298914, 36.9040454543979], [-76.2935545456459, 36.89973636287566], [-76.29405454584816, 36.88324545489556], [-76.2794545458934, 36.889118181757155], [-76.30107272742546, 36.91260909071868], [-76.32582727311362, 36.90371818156529], [-76.33075454501704, 36.96403636343585], [-76.28700000044965, 36.9431999997909], [-76.27201818182606, 36.962509090681], [-76.29661818154344, 36.962845455229576], [-76.2991818178061, 36.96550909075966], [-76.27773636349721, 36.9682090911212], [-76.09498181945317, 36.90856363615844], [-76.0379909090191, 36.93196363642415], [-76.00122727332297, 36.92506363640298], [-75.8777454551532, 36.59770909072887], [-75.79058181833322, 36.273027272724825], [-75.71850000057957, 36.11413636297354], [-75.53434545394379, 35.79264545460296], [-75.53978181834479, 35.77560909094827], [-75.59553636389562, 35.854390909769066], [-75.59824545402078, 35.89559090917748], [-75.61519090918304, 35.89931818180806], [-75.60079090866617, 35.90769090847536], [-75.6330000000968, 35.9522454546915], [-75.667827273231, 35.97195454612992], [-75.68602727160695, 36.01526363571924], [-75.6876272729975, 35.99600909093385], [-75.72942727261827, 36.00705454499068], [-75.72266363663259, 36.024154544598616], [-75.70190000007855, 36.0089818190905], [-75.69149999956196, 36.024981817920754], [-75.6797454542425, 36.01531818220691], [-75.69805454459555, 36.05989090858564], [-75.73678181953339, 36.04797272685913], [-75.72629090868165, 36.04557272729156], [-75.73229090972504, 36.04091818209583], [-75.73827272679726, 36.04178181749529], [-75.75738181760417, 36.18100909103551], [-75.77590000045085, 36.23127272837656], [-75.81106363592852, 36.24863636431409], [-75.8060818187173, 36.26273636375195], [-75.781718181707, 36.24363636366519], [-75.82099090972689, 36.29248181787018], [-75.82890000048101, 36.36806363584372], [-75.84840909051839, 36.37790909127192], [-75.83655454643912, 36.38944545498203], [-75.85003636319021, 36.400254545801666], [-75.84374545480775, 36.41802727313848], [-75.8661363627876, 36.450854546380455], [-75.87508181841196, 36.442281817996296], [-75.86214545359721, 36.45907272649325], [-75.88300909082996, 36.46092727227998], [-75.86379999939074, 36.47278181826386], [-75.89325454477357, 36.47356363587751], [-75.88502727281883, 36.49041818152632], [-75.87711818182694, 36.48178181751461], [-75.8744272731503, 36.52411818215676], [-75.87902727333052, 36.545427272863066], [-75.89619090933391, 36.54455454597346], [-75.87828181741659, 36.55530000014454], [-75.8899999997791, 36.600390909306874], [-75.91232727190881, 36.6213272729127], [-75.9174454542619, 36.6773454536955], [-75.93660909124782, 36.71920909073534], [-75.95218181808627, 36.72236363610827], [-75.97252727210125, 36.711927272953695], [-75.96836363690461, 36.66909090884046], [-75.99445454583552, 36.63638181838658], [-75.98250000011151, 36.58579090863315], [-75.99367272669784, 36.565618181085135], [-75.98384545538688, 36.55055454512039], [-75.95710909046981, 36.55045454526096], [-75.92248181795689, 36.56724545380862], [-75.90116363681335, 36.48799090927356], [-75.98856363629932, 36.4935090912804], [-75.9702727278009, 36.52459999968205], [-75.9969272729828, 36.52924545457683], [-76.01396363750462, 36.56516363721042], [-76.04593636437873, 36.59437272692308], [-76.05898181937435, 36.59626363619747], [-76.04822727166493, 36.61609999964125], [-76.061127272738, 36.59428181759654], [-76.02592727287328, 36.51740000131796], [-76.07006363715864, 36.51949999968676], [-76.08340909077798, 36.50015454484766], [-76.04232727278718, 36.50337272725362], [-76.01201818087317, 36.4469818177154], [-75.97197272657209, 36.43808181809853], [-75.96227272718714, 36.41701818178497], [-75.99630908973595, 36.43023636375683], [-75.9957272732499, 36.40912727320491], [-75.94524545510508, 36.36146363587809], [-75.95291818189992, 36.39693636363498], [-75.92822727297596, 36.38965454630612], [-75.94442727288012, 36.41278181860078], [-75.92405454458515, 36.42512727279184], [-75.9155909094564, 36.38621818220614], [-75.93137272820542, 36.36449090897094], [-75.87000000036419, 36.28365454596499], [-75.87749999957119, 36.27978181894594], [-75.87623636425275, 36.262490909332186], [-75.86490909012663, 36.27877272778898], [-75.86156363553482, 36.274518181674296], [-75.87181818165092, 36.24649091028516], [-75.82999090940163, 36.19633636442753], [-75.84847272832518, 36.21262727205059], [-75.8372909091897, 36.16649090943676], [-75.82209999897782, 36.16400000006313], [-75.82503636355094, 36.14678181792468], [-75.79860909049266, 36.11750000013599], [-75.79427272650068, 36.07168181826616], [-75.86635454490927, 36.126318181714], [-75.86276363609315, 36.15929090890989], [-75.91015454488483, 36.211445455175756], [-75.92035454470795, 36.2431999995154], [-75.91006363554683, 36.24760000006628], [-75.94632727152585, 36.25524545516419], [-75.93722727199207, 36.274045453648924], [-75.95956363639644, 36.259181818872584], [-75.93055454615583, 36.288518182206246], [-75.96341818213764, 36.29090000032421], [-75.96719999968971, 36.33352727336894], [-75.97640909047837, 36.31376363631315], [-75.99537272743449, 36.31251818236623], [-76.01638181934305, 36.34488181943594], [-76.04556363617583, 36.36050909074862], [-76.0321181815744, 36.33819999983725], [-76.01731818226436, 36.34390000018501], [-76.00497272696488, 36.30639090867245], [-75.97228181765222, 36.3037818179775], [-75.9926181815295, 36.29775454470728], [-75.99701818243584, 36.29029090940609], [-75.97391818247036, 36.29987272824417], [-75.96966363568038, 36.28493636259934], [-75.94901818247078, 36.284945454821305], [-75.97045454606473, 36.26628181770587], [-75.96874545501382, 36.24484545470834], [-75.94989090943203, 36.23624545431641], [-75.95135454532674, 36.20817272735084], [-75.9810545456363, 36.21878181777909], [-75.99198181747853, 36.20034545489265], [-75.96686363711335, 36.210527273225395], [-75.91093636406166, 36.16448181800453], [-76.01774545486717, 36.187345453793405], [-76.13213636440642, 36.29588181780507], [-76.21810909125546, 36.30128181863009], [-76.1353636365957, 36.24964545510182], [-76.12084545345199, 36.22136363713924], [-76.14030000053592, 36.22519090931931], [-76.15248181823712, 36.21897272691438], [-76.15000000000191, 36.21469090945321], [-76.15974545537941, 36.21228181779061], [-76.15821818156354, 36.20940000034603], [-76.13312727275112, 36.21864545468917], [-76.08073636335614, 36.198645454283245], [-76.09403636444358, 36.1819727266838], [-76.07449091046375, 36.18290909080857], [-76.06129999997468, 36.145681817943874], [-76.18790909138616, 36.12552727346397], [-76.28991818131401, 36.22146363632283], [-76.27708181925902, 36.18029090875025], [-76.1924909098818, 36.106890909260734], [-76.22225454642121, 36.097063636075795], [-76.33922727350208, 36.14089090901608], [-76.373327273438, 36.13824545515997], [-76.45699090882393, 36.203518182391164], [-76.4668090914095, 36.195818181859664], [-76.46873636347026, 36.181254545972585], [-76.44139999986236, 36.17520000007357], [-76.37590000042913, 36.11894545389258], [-76.34644545481058, 36.121263636407875], [-76.30450909126928, 36.094118181875686], [-76.41050909097916, 36.08078181885072], [-76.40861818216568, 36.06709090857727], [-76.4603272728285, 36.0251000002645], [-76.51389090876052, 36.00599999961175], [-76.57802727259222, 36.010172727197116], [-76.60599999970924, 36.056054544595135], [-76.64832727261829, 36.03590909106178], [-76.68820909050933, 36.06050000028274], [-76.68570000015242, 36.11018181830228], [-76.70530909075879, 36.112763636276334], [-76.7222909086157, 36.16395454461809], [-76.71513636239331, 36.212627273317985], [-76.67274545383556, 36.28289090933624], [-76.75719090888815, 36.35340909078676], [-76.77295454504275, 36.361999999628026], [-76.78557272814311, 36.36253636441246], [-76.7944727271607, 36.35699999976894], [-76.76189090907269, 36.34979090946888], [-76.70069090911981, 36.29387272664333], [-76.69830909132287, 36.2718545459012], [-76.72447272836305, 36.231072726714316], [-76.72940000012859, 36.2440090912882], [-76.73371818152619, 36.24185454575431], [-76.75374545498227, 36.18873636260108], [-76.72700909143202, 36.0606272729162], [-76.70616363598141, 36.042436364454375], [-76.70560909113745, 36.007690909080104], [-76.68215454547673, 35.99321818196236], [-76.72312727261928, 35.959418181816915], [-76.7210909085058, 35.936599999982654], [-76.53662727200337, 35.942854545862545], [-76.4000636368068, 35.98289090872381], [-76.37334545376206, 35.95483636286952], [-76.385863637165, 35.934963636120145], [-76.36741818099694, 35.93068181942352], [-76.21180909076142, 35.9864272731858], [-76.0611818176115, 35.990409089483876], [-76.02332727152032, 35.96922727331608], [-76.01686363683137, 35.94611818206689], [-76.06115454508841, 35.95830909060659], [-76.067236363684, 35.93815454594246], [-76.05290909101171, 35.92954545376041], [-76.06898181804807, 35.922518182247344], [-76.1075636370002, 35.95076363684791], [-76.12263636255959, 35.95103636259734], [-76.12722727248003, 35.946618180996836], [-76.11089090939278, 35.9484545457751], [-76.06616363626839, 35.90678181798216], [-76.04113636340739, 35.93090000005468], [-76.01245454586312, 35.924590909133144], [-76.06534545391423, 35.8373909089237], [-76.04677272639461, 35.73723636313914], [-76.05907272666471, 35.702700000304], [-76.03718181774269, 35.68738181796538], [-76.04226363713923, 35.67199090862969], [-76.09505454619872, 35.67400909090073], [-76.11951818061306, 35.697172727238176], [-76.12579090929752, 35.68031818201612], [-76.09552727264719, 35.66241818196591], [-76.05924545346832, 35.671854546050255], [-76.03419090868934, 35.646390908948185], [-76.00488181806872, 35.67704545504571], [-75.98306363574585, 35.7721545452476], [-75.98600909108569, 35.889436362980874], [-75.89929090846579, 35.93609090898004], [-75.81105454526617, 35.921790909022285], [-75.87400000009941, 35.94419090881818], [-75.84953636440147, 35.96290909139512], [-75.86193636268165, 35.97669090911801], [-75.83409999845689, 35.96934545489991], [-75.76797272800165, 35.91221818194459], [-75.72543636262436, 35.80716363729791], [-75.7409909091101, 35.77320909115617], [-75.71589090953506, 35.69238181766768], [-75.73904545466004, 35.681609091263255], [-75.74169090914172, 35.69873636369034], [-75.76681818175305, 35.706118182349925], [-75.77986363540944, 35.686700000034136], [-75.72994545347065, 35.626145454189874], [-75.78430909119326, 35.595390908868175], [-75.76754545446587, 35.58075454516037], [-75.83729090885218, 35.57038181758763], [-75.812372726422, 35.58421818200722], [-75.8186000002193, 35.603081818303245], [-75.81971818068995, 35.59050909122793], [-75.85518181919389, 35.58450909147315], [-75.87269999996288, 35.611609090556286], [-75.85793636249505, 35.63212727291922], [-75.8685545460516, 35.628172727196855], [-75.89175454499758, 35.64566363711675], [-75.89826363647151, 35.64330909125949], [-75.88302727305432, 35.62375454607898], [-75.90462727321406, 35.600218181658235], [-75.88151818246473, 35.574954545892915], [-75.91730909048323, 35.56513636415866], [-75.9248818177825, 35.54633636401843], [-75.91255454502077, 35.54496363665819], [-75.94522727271507, 35.5380727270475], [-75.96272727147053, 35.515463635900026], [-75.97429999976009, 35.52019999955593], [-75.97508181854843, 35.52340909081074], [-75.98186363570332, 35.52571818223161], [-75.97432727219527, 35.514363636479864], [-75.99610909153024, 35.50837272790034], [-75.96252727285986, 35.49418181869391], [-76.01089999996924, 35.4770909091019], [-75.99613636413376, 35.46398181925945], [-76.02116363565757, 35.44173636427553], [-76.0208454550906, 35.41130000011367], [-76.03306363606234, 35.413109091224875], [-76.02718181765712, 35.430172726925164], [-76.06092727245115, 35.43645454630287], [-76.05130000019066, 35.420927272901984], [-76.08537272720113, 35.39190909104991], [-76.06087272685333, 35.38318181819759], [-76.06968181843929, 35.370054546331545], [-76.13944545496413, 35.357881817726025], [-76.15555454540579, 35.325527272735435], [-76.15650909154256, 35.34100909077527], [-76.17684545454411, 35.34760909020141], [-76.22168181838535, 35.33974545390942], [-76.22534545403889, 35.360054545910636], [-76.25404545488148, 35.37129090881749], [-76.23168181924866, 35.39200909071462], [-76.24213636405277, 35.387063637437606], [-76.2510090912836, 35.39170909122733], [-76.2557909095361, 35.390790908742865], [-76.25825454539047, 35.343745454485735], [-76.30258181836142, 35.35110909075957], [-76.28063636416377, 35.367272726736545], [-76.32103636362129, 35.36969999974183], [-76.31205454654068, 35.39140000007735], [-76.33258181767043, 35.3884272731152], [-76.350127273082, 35.41530000009329], [-76.36340909036798, 35.408336363888615], [-76.34499999970109, 35.394009091279194], [-76.35959090890695, 35.37962727322338], [-76.34358181819667, 35.348790908828505], [-76.38570909113224, 35.36309999987541], [-76.40212727246836, 35.34849090893488], [-76.39876363642884, 35.36150000021143], [-76.4228636362607, 35.36182727188426], [-76.42057272717818, 35.37429999989154], [-76.36126363736733, 35.36522727267638], [-76.39669999948995, 35.401609090875134], [-76.38028181843958, 35.4036636366887], [-76.39643636260163, 35.43218181780448], [-76.43555454476429, 35.425454545558594], [-76.41907272699709, 35.41904545389017], [-76.44450000008064, 35.40278181839332], [-76.43485454564278, 35.39346363616366], [-76.43784545433088, 35.38838181783759], [-76.45716363621746, 35.397036363059826], [-76.444981818385, 35.422290908899065], [-76.47132727261807, 35.42078181811867], [-76.45437272805803, 35.414000000059715], [-76.48751818224984, 35.40245454629571], [-76.47005454536293, 35.37148181841027], [-76.50256363593742, 35.38740909076134], [-76.49036363633004, 35.39810000016897], [-76.49926363706629, 35.40728181787214], [-76.51690909125097, 35.393736363929094], [-76.53287272711015, 35.40129090939673], [-76.53224545554853, 35.43204545373606], [-76.5657909092703, 35.44793636385236], [-76.5522727270504, 35.46367272759958], [-76.58673636419745, 35.50928181840764], [-76.48780000002269, 35.5048727271899], [-76.45149090927374, 35.55499090875721], [-76.53620000028795, 35.52848181774793], [-76.60360909060722, 35.54292727222799], [-76.62926363716626, 35.518936364231], [-76.59772727252947, 35.482109090968486], [-76.60746363638557, 35.450918181870655], [-76.57508181895587, 35.388227272977765], [-76.71024545482305, 35.429245453503384], [-76.75967272660475, 35.41877272662948], [-76.81860000128003, 35.45377272729872], [-76.866699999621, 35.456918181744356], [-76.85502727340464, 35.46209090872826], [-76.90590909132735, 35.45912727216416], [-76.97938181866147, 35.4844545462779], [-77.06117272799183, 35.54425454611716], [-77.02157272820494, 35.497909091053366], [-77.07621818233997, 35.520554544881406], [-76.98460909115363, 35.47101818240303], [-76.96813636431357, 35.43318181769764], [-76.9254454545867, 35.448690909177465], [-76.84481818156323, 35.42406363629714], [-76.80261818177496, 35.39086363604904], [-76.7187818187373, 35.37485454605726], [-76.66862727291944, 35.34161818165892], [-76.62720909068823, 35.342418181334295], [-76.61749999956955, 35.32889090869178], [-76.5709545446745, 35.33001818170241], [-76.51267272766562, 35.31571818163948], [-76.51429090872881, 35.318218181890245], [-76.48986363638326, 35.31541818191346], [-76.48248181805985, 35.312218182246895], [-76.50183636303828, 35.31468181775058], [-76.49306363586035, 35.291509091077586], [-76.50621818195522, 35.274681818265584], [-76.4688090910344, 35.28100909101746], [-76.46709999974287, 35.26131818200048], [-76.50019999950415, 35.26302727322493], [-76.47879090950536, 35.246636363761255], [-76.53054545537505, 35.25371818181964], [-76.49493636435088, 35.216909091047455], [-76.55029090920402, 35.244309090590825], [-76.5938545444633, 35.23988181800985], [-76.56100909136867, 35.22368181814268], [-76.57319999991111, 35.21609999978177], [-76.5720000000156, 35.21344545515806], [-76.54984545516335, 35.222009091262045], [-76.5204727266027, 35.20562727283769], [-76.5266727273654, 35.18435454511413], [-76.61125454553769, 35.22112727304304], [-76.58602727314424, 35.20206363644732], [-76.62748181804623, 35.205809091410686], [-76.59877272836368, 35.188981818344544], [-76.61212727326472, 35.179772727172455], [-76.64487272759638, 35.17789999990942], [-76.64982727212599, 35.20084545369524], [-76.66804545448228, 35.20408181927887], [-76.67867272675358, 35.19933636330511], [-76.6494999997697, 35.191981818048305], [-76.66885454507877, 35.174563636422285], [-76.6781454539331, 35.180909091288676], [-76.6832999999511, 35.18223636281267], [-76.68637272720227, 35.17909999978326], [-76.67094545525433, 35.17307272739392], [-76.6808181815023, 35.15871818208027], [-76.7061090901798, 35.145936364011696], [-76.71327272792807, 35.14990000023775], [-76.7101272725315, 35.16171818215144], [-76.71517272779623, 35.16210000023941], [-76.71393636245811, 35.14302727327368], [-76.7295545444313, 35.15000909104154], [-76.72830000031138, 35.15257272698577], [-76.73195454611488, 35.15518181905644], [-76.73401818227191, 35.1552090907793], [-76.739690909107, 35.14176363644173], [-76.75980000021043, 35.145409090944725], [-76.77400000029117, 35.135636363873665], [-76.7626727281172, 35.14325454481669], [-76.7470181806665, 35.13887272713293], [-76.72600909069796, 35.14625454509902], [-76.73943636254894, 35.12625454476536], [-76.71694545378561, 35.11211818102842], [-76.72714545518431, 35.136472727448144], [-76.68483636358167, 35.13209090894471], [-76.69074545386592, 35.145481819118075], [-76.66420909069865, 35.1422999995568], [-76.65400000077294, 35.16755454517847], [-76.63429090897348, 35.160281819310406], [-76.64413636441405, 35.14515454579051], [-76.61769091010812, 35.16195454631305], [-76.60260909054072, 35.159027272749036], [-76.61542727343407, 35.15691818180251], [-76.61687272693503, 35.149454545423836], [-76.59510000027117, 35.153809090663195], [-76.61490909059957, 35.127518181572235], [-76.61432727159695, 35.118599999554], [-76.58391818224146, 35.14941818228524], [-76.57589090908718, 35.13469090937026], [-76.55821818140755, 35.13547272698923], [-76.57440909044847, 35.136727273243], [-76.56674545394874, 35.158572727287286], [-76.58595454568554, 35.15442727299573], [-76.58108181820224, 35.17370909104642], [-76.53655454612573, 35.150399999681675], [-76.55947272838739, 35.11315454529575], [-76.5834454545951, 35.12074545430636], [-76.56917272847333, 35.098309090676146], [-76.58940000037721, 35.09517272720879], [-76.58528181862039, 35.10869999975399], [-76.59299999940968, 35.11145454618356], [-76.59895454508437, 35.097181817671476], [-76.60138181758838, 35.10709999977452], [-76.60474545366087, 35.09480000014605], [-76.60999090904537, 35.10288181934477], [-76.6176272726088, 35.1006090909483], [-76.61023636298188, 35.09019090863166], [-76.62750909078066, 35.09220909133424], [-76.63601818237672, 35.11286363710978], [-76.63068181940064, 35.09181818234535], [-76.6614454555415, 35.082600000095184], [-76.62714545458927, 35.08851818165257], [-76.62228181816776, 35.07565454579405], [-76.62508181758625, 35.08790000020737], [-76.60994545524456, 35.080118181170064], [-76.59541818190112, 35.092509091205365], [-76.60623636401432, 35.06780000020981], [-76.64880909113383, 35.063472726693156], [-76.6412090914168, 35.05193636270858], [-76.66245454458209, 35.04026363563156], [-76.67150000023615, 35.05207272846828], [-76.66393636244365, 35.036918182222934], [-76.69641818225163, 35.022627272072], [-76.69680909144499, 35.045645453911874], [-76.71143636427595, 35.04783636403313], [-76.70332727319462, 35.02494545481197], [-76.72958181825634, 35.04110000047703], [-76.71710000010648, 35.02635454565974], [-76.73864545447135, 35.028799999912295], [-76.74070909060198, 35.0239636361902], [-76.70265454526809, 35.022218181866265], [-76.71191818254104, 35.00458181768003], [-76.73028181821849, 35.00173636347568], [-76.7412454551717, 34.99589090888112], [-76.75712727308486, 34.99278181788292], [-76.75150000039898, 34.99620909103016], [-76.76005454502058, 35.015109091129524], [-76.76701818221427, 35.00340909139068], [-76.777618181582, 35.00829090854235], [-76.78407272758295, 35.02491818091117], [-76.78701818196795, 35.026136362765904], [-76.77942727322012, 35.005590909129495], [-76.75653636344138, 34.994981818189544], [-76.80329090868321, 34.9646727272097], [-76.9881272727115, 35.06582727317589], [-77.03137272777639, 35.13558181782464], [-77.07569999991337, 35.16445454539424], [-77.08845454544505, 35.16567272700026], [-77.03425454644544, 35.11066363602052], [-77.0357454551222, 35.091245454299276], [-76.98929090938019, 35.042536363703995], [-76.97484545480393, 35.00119090940145], [-76.89106363612679, 34.948572728001736], [-76.81220000027488, 34.939909091247145], [-76.76144545508994, 34.916154545338095], [-76.78223636256581, 34.89271818203946], [-76.76311818208916, 34.905227271868746], [-76.76812727170723, 34.889590909043626], [-76.76167272698879, 34.85990909082776], [-76.75230000028313, 34.92218181787002], [-76.73397272817965, 34.92784545393981], [-76.73232727300835, 34.915590908656156], [-76.72608181798489, 34.918281817716995], [-76.73059999996106, 34.935945454333165], [-76.7053909091035, 34.941500000136394], [-76.7065454539038, 34.95513636382489], [-76.65812727315449, 34.93483636375749], [-76.68534545408325, 34.8991999996017], [-76.66344545554311, 34.89741818108074], [-76.66269090958752, 34.909054545348155], [-76.63380000063202, 34.89695454473504], [-76.62649999969099, 34.896463636196984], [-76.65960909075167, 34.91140908999508], [-76.63535454482583, 34.941654546396386], [-76.65091818247967, 34.93735454491647], [-76.67744545509288, 34.965845453824265], [-76.63511818194115, 34.98895454630076], [-76.5908818175214, 34.97829090904485], [-76.58232727162195, 34.9560090904698], [-76.59504545552797, 34.9487999998805], [-76.55783636437349, 34.93914545382713], [-76.55761818197912, 34.911318182005274], [-76.5466090908079, 34.91683636434389], [-76.54185454580005, 34.90410909109755], [-76.52210000012875, 34.891072726580035], [-76.53579999979272, 34.88189999950714], [-76.5174909095112, 34.88754545406305], [-76.54410000029254, 34.92425454513395], [-76.51754545494092, 34.93254545420479], [-76.56607272741978, 34.95212727321414], [-76.58051818183651, 34.989381817541954], [-76.56118181872287, 34.998681817823055], [-76.55360909129064, 34.98331818098565], [-76.55683636357678, 35.00016363660575], [-76.51775454464261, 35.00411818116913], [-76.50996363661771, 35.00339999948503], [-76.52038181770183, 34.99634545448741], [-76.50350000044864, 34.98962727273841], [-76.52219999999672, 34.977727271877626], [-76.49139999989849, 34.98474545358842], [-76.4988363629702, 34.9540999997437], [-76.47459999977477, 34.98461818201599], [-76.49753636320432, 35.00813636340154], [-76.4767818182787, 35.00947272708788], [-76.49314545450514, 35.020000000148904], [-76.48595454579846, 35.039445455393256], [-76.45994545395776, 35.02232727227415], [-76.4548454550687, 35.0336636363628], [-76.4711727269109, 35.04224545467404], [-76.45504545487945, 35.049872726628664], [-76.47777272744347, 35.057745454761374], [-76.470881818443, 35.074990909159254], [-76.43555454493249, 35.05844545505837], [-76.42147272724463, 35.02633636280519], [-76.4407090907445, 34.9998818192738], [-76.42464545394654, 35.001145455397705], [-76.42179090971383, 34.979172728296106], [-76.43519999953345, 34.9797454546808], [-76.43397272709065, 34.963309090975116], [-76.46707272657925, 34.96302727274859], [-76.43783636419673, 34.903581818263774], [-76.4474545458311, 34.93893636363019], [-76.4030363638525, 34.963827273398714], [-76.40680000077356, 34.935890909304554], [-76.31329090973672, 34.90615454509417], [-76.34656363635953, 34.873436363134104], [-76.37746363538544, 34.87383636325642], [-76.38265454448974, 34.85620909095735], [-76.40447272739658, 34.8871272726948], [-76.41400908976948, 34.828727273175254], [-76.43013636437605, 34.83635454610071], [-76.45010909116071, 34.82030000003116], [-76.47804545499777, 34.76336363592318], [-76.49240000005257, 34.77840909146222], [-76.47061818155912, 34.79183636373484], [-76.4815909096659, 34.80586363571881], [-76.50820909068807, 34.78623636356856], [-76.4992909086994, 34.771963636580054], [-76.51659999955568, 34.77360000015952], [-76.49936363569671, 34.759718181675716], [-76.52476363728368, 34.761627273368944], [-76.50455454500948, 34.72956363557137], [-76.51312727255448, 34.719863635730555], [-76.54550909128159, 34.72032727209093], [-76.55679091023347, 34.73507272722206], [-76.57601818175945, 34.7198363639105], [-76.58930909137644, 34.75256363663516], [-76.56067272734168, 34.76291818109558], [-76.5665818175882, 34.77799999974395], [-76.59262727271845, 34.767754546120074], [-76.60509999959591, 34.7898090913119], [-76.62921818209195, 34.74694545489562], [-76.62184545459623, 34.72779999953392], [-76.63751818120544, 34.72346363646283], [-76.61617272689139, 34.70797272811098], [-76.66013636272226, 34.713336363859064], [-76.67150909070044, 34.733936364194484], [-76.65150000018902, 34.748827272627665], [-76.66831818260593, 34.7743363637056], [-76.6874727266423, 34.78456363569889], [-76.68764545422542, 34.77318181822852], [-76.71261818191246, 34.7739545454055], [-76.72135454620953, 34.79854545519405], [-76.72517272722108, 34.77534545486078], [-76.77957272655884, 34.753899999997124], [-76.7535727272116, 34.745372726782335], [-76.72421818249313, 34.76234545497227], [-76.70279090864878, 34.74723636352069], [-76.70785454607956, 34.73490000037268], [-76.73202727311582, 34.74057272775451], [-76.69439090942628, 34.715518182144066], [-76.90820909136215, 34.73397272763163], [-76.91006363675172, 34.721836363671386], [-76.95249999889691, 34.72822727273214], [-76.94188181787865, 34.7133181820749], [-77.09181818161295, 34.6727454546367], [-77.10487272771253, 34.67494545470749], [-77.11194545518669, 34.68131818195882], [-77.09579090876433, 34.6809454549811], [-77.09044545380782, 34.709118181133015], [-77.08055454481486, 34.70539090899584], [-77.07466363732222, 34.711854545740586], [-77.10111818095606, 34.71826363700425], [-77.10939999978035, 34.751290909091495], [-77.15083636282081, 34.77287272663], [-77.15804545548775, 34.76555454497565], [-77.12909090935389, 34.75485454517509], [-77.13598181798699, 34.728790908620574], [-77.11525454492852, 34.715618181531134], [-77.11689090996283, 34.68748181779423], [-77.14610909067451, 34.669590908588276], [-77.16757272855214, 34.687554544788256], [-77.17318181760365, 34.67515454587522], [-77.15162727247008, 34.66380908973098], [-77.20191818238656, 34.63368181934851], [-77.19918181832605, 34.64719090879064], [-77.21834545542337, 34.65190000042058], [-77.20816363566726, 34.627736363297814], [-77.31735454526806, 34.54638181792682], [-77.34029090904748, 34.55294545468609], [-77.3358454541247, 34.57403636437111], [-77.35980909004151, 34.56974545376305], [-77.36703636346496, 34.59014545405717], [-77.40360909074533, 34.58431818104306], [-77.33671818203166, 34.625163636136094], [-77.33918181835391, 34.63744545525826], [-77.31425454621449, 34.63273636425624], [-77.37763636379134, 34.67436363595486], [-77.35778181798764, 34.68084545393888], [-77.39826363575739, 34.71622727326131], [-77.35503636253812, 34.72594545408222], [-77.35309090859492, 34.73429999957763], [-77.41521818203849, 34.716618182349556], [-77.43490909083091, 34.75138181793491], [-77.44075454645984, 34.73573636383693], [-77.43053636372822, 34.73309999999232], [-77.43377272669385, 34.68908181750824], [-77.4265181824506, 34.68374545538668], [-77.43739999989609, 34.68139090869684], [-77.42618181809524, 34.68287272709312], [-77.41251818229027, 34.69990909066559], [-77.37026363676988, 34.639109091074396], [-77.39770909123408, 34.61079999994485], [-77.44643636429458, 34.61319999977304], [-77.41303636365912, 34.56931818162862], [-77.42586363666084, 34.56478181782243], [-77.42946363725497, 34.56817272733814], [-77.43110000053574, 34.56696363587884], [-77.42669999966242, 34.563827272833905], [-77.41690909111773, 34.56403636320304], [-77.39672727318572, 34.57820909066022], [-77.36013636426041, 34.54444545513187], [-77.38739090948891, 34.542800000236205], [-77.392463636293, 34.531499999708316], [-77.37137272708938, 34.536963636233445], [-77.37782727326211, 34.52565454633748], [-77.36641818146254, 34.525181818168484], [-77.35911818209341, 34.545090908914474], [-77.36141818196157, 34.52622727173899], [-77.35203636324647, 34.525745455189714], [-77.3488909099278, 34.5440818185757], [-77.34228181830701, 34.5262363636733], [-77.49995454572772, 34.451854545542], [-77.64648181799987, 34.348827273253924], [-77.6546272729564, 34.34871818100692], [-77.55603636283853, 34.423854544601554], [-77.58887272854504, 34.41444545492039], [-77.55359999967764, 34.427818181570835], [-77.55017272830223, 34.424590909078724], [-77.51005454459202, 34.46536363654421], [-77.51190909100596, 34.447418181743636], [-77.50152727325862, 34.46587272742259], [-77.4810545465523, 34.47239999979489], [-77.49969090854079, 34.46550000032088], [-77.49919090949115, 34.455681817868694], [-77.45609090895233, 34.478090909262356], [-77.47660909144075, 34.47384545501237], [-77.47812727204922, 34.480300000471246], [-77.38623636424074, 34.51335454528522], [-77.46557272730335, 34.49918181820821], [-77.53787272674812, 34.460209090699024], [-77.54979090895155, 34.4317545456853], [-77.57611818190115, 34.437563636264436], [-77.5734636357195, 34.42504545499166], [-77.67784545464217, 34.36380000020645], [-77.7336545454366, 34.31199090918274], [-77.86247272825794, 34.150745455164916], [-77.88373636409973, 34.098699999713354], [-77.89282727199208, 34.03667272688343], [-77.87537272802867, 34.07880909140529], [-77.88062727205617, 34.05691818175247], [-77.93720909142975, 33.92855454622619], [-77.92488181929218, 33.95922727337893], [-77.93430000073043, 33.95503636311656], [-77.94460000022482, 33.95950000006395], [-77.92210909075733, 33.97223636256699], [-77.91657272748297, 34.010454546174955], [-77.92690909107182, 34.02438181827046], [-77.95281818185285, 34.01700000018071], [-77.9540545462674, 33.97423636419977], [-78.0180818176328, 33.91669090931366], [-78.2103181806065, 33.921599999616014], [-78.22222727297805, 33.95250909091112], [-78.21769090914476, 33.932218181663806], [-78.23189999850887, 33.922272727180776], [-78.36814545488747, 33.919754545115566], [-78.54844545409918, 33.87431818223489], [-78.55954545375377, 33.86705454607035], [-78.54195454628547, 33.87427272701051], [-78.542436362725, 33.861527271752045], [-78.56150909113661, 33.854072726943684], [-78.54925454456361, 33.847063635979254], [-78.67598181841733, 33.81576363605805], [-78.7959727271793, 33.755209091219015], [-78.938218182316, 33.64026363588752], [-79.09924545526611, 33.4633363640462], [-79.17023636392044, 33.325645454277144], [-79.17280909064421, 33.20676363733377], [-79.19623636285307, 33.250809090624195], [-79.19583636425351, 33.296918181687424], [-79.27037272654499, 33.30301818182146], [-79.26197272723843, 33.36112727233763], [-79.28913636253202, 33.34059999969432], [-79.29169090875878, 33.29470909071778], [-79.26939999979898, 33.266309090947146], [-79.20991818172371, 33.24335454589526], [-79.20280000016746, 33.19528181831414], [-79.18616363634679, 33.190745454665404], [-79.19399999993783, 33.208781818051904], [-79.18281818235502, 33.19600000007573], [-79.19050909139081, 33.16993636286348], [-79.24607272664657, 33.124781817670495], [-79.36432727320339, 33.077127272697695], [-79.37334545530126, 33.047227273519034], [-79.42877272660586, 33.07592727196028], [-79.45334545545442, 33.0589454550656], [-79.42403636251036, 33.06390000000871], [-79.43472727329168, 33.05618181834965], [-79.4062636360227, 33.034154545639446], [-79.44223636270218, 33.035036363327876], [-79.40670909050701, 33.031345455126306], [-79.4103090913623, 33.01394545409568], [-79.49287272743494, 33.00017272836648], [-79.47594545463636, 33.0096181821299], [-79.46892727262721, 33.039490909270924], [-79.47952727283757, 33.04605454614736], [-79.46960000018149, 33.05190909059359], [-79.45385454522692, 33.073199999750976], [-79.48350000055909, 33.04704545496689], [-79.48993636398518, 33.030009091166846], [-79.52856363678222, 33.03734545490491], [-79.56452727347653, 33.01767272684948], [-79.61841818088516, 32.94390000011134], [-79.60614545417687, 32.92590909101391], [-79.57392727234893, 32.93472727329428], [-79.57751818160729, 32.90841818176982], [-79.69632727192888, 32.850200000332286], [-79.71163636408735, 32.870654546344554], [-79.74151818162971, 32.87083636311627], [-79.79950909108418, 32.817700000328905], [-79.78164545385023, 32.80285454589596], [-79.75748181812953, 32.8087090908159], [-79.84454545497609, 32.77259999963664], [-79.85169090860795, 32.78573636418887], [-79.85950909099341, 32.766581817936434], [-79.88024545429515, 32.7865909088797], [-79.90759999948587, 32.78547272804299], [-79.9061181824022, 32.802909090859345], [-79.93176363617617, 32.8020454554674], [-79.9341545457226, 32.756290909066244], [-79.8682909092585, 32.7325818178958], [-79.90482727246568, 32.67661818229112], [-80.00056363555944, 32.635699999739394], [-79.9931727274269, 32.60755454590244], [-80.10668181847582, 32.595672727137995], [-80.16266363617667, 32.56078181808069], [-80.19477272712788, 32.56414545543127], [-80.33257272779336, 32.47802727210203], [-80.36395454608487, 32.496100000383095], [-80.41349090934109, 32.47067272800238], [-80.42318181756717, 32.49894545501016], [-80.47938181917448, 32.49702727334378], [-80.50680909087723, 32.51496363572496], [-80.58674545486042, 32.499854544916815], [-80.6170636360985, 32.519427272594214], [-80.65460909092037, 32.511554544600834], [-80.75303636367299, 32.54938181805942], [-80.78368181803478, 32.52974545429853], [-80.7891545448012, 32.49693636396989], [-80.81205454599933, 32.49300000003619], [-80.84218181767606, 32.532254545970495], [-80.85552727263467, 32.53134545490834], [-80.82735454638056, 32.48560909065697], [-80.82073636414218, 32.40857272746308], [-80.78600000023329, 32.35911818181032], [-80.79759090839576, 32.33196363633864], [-80.75879999970849, 32.27786363626207], [-80.79711818199321, 32.23068181758335], [-80.78999090916456, 32.1880181821598], [-80.89381818210232, 32.12877272722441], [-80.91474545355032, 32.08399090878269], [-80.88233636459402, 32.080299999725554], [-80.90958181838005, 32.04683636365197], [-80.87868181755564, 32.039527271605714], [-80.9042181822198, 32.038281817958826], [-80.88136363693822, 32.02285454568025], [-80.90017272758818, 32.020954544758276], [-80.87586363728758, 32.01654545417402], [-80.85154545435664, 32.02949090899711], [-80.84110909110413, 32.00028181789562], [-80.85126363568985, 31.98603636250204], [-80.85949999959827, 32.00864545361405], [-80.87654545548196, 31.99313636403284], [-80.88337272726413, 31.99930909094121], [-80.9089363638054, 31.996027271956542], [-80.90651818164795, 31.989481817700593], [-80.91310909061679, 31.982663635809416], [-80.91346363649379, 31.980718181868248], [-80.89996363674116, 31.995854545893117], [-80.89320000008883, 31.99283636298733], [-80.89461818153555, 31.99261818228362], [-80.89589999952024, 31.991181819226966], [-80.89797272720945, 31.992409090985635], [-80.90096363601059, 31.990845454740253], [-80.90332727286786, 31.987354544521867], [-80.90344545512505, 31.98613636358779], [-80.90275454538482, 31.98574545482474], [-80.85721818196481, 31.99049999955316], [-80.86398181825632, 31.96990909075027], [-80.90693636389905, 31.94455454595458], [-80.92788181757724, 31.942927272930675], [-80.9475545459902, 31.9645272721516], [-80.98329999962831, 31.932109091337534], [-80.99980909040386, 31.9306363642865], [-81.01774545438062, 31.934572727785284], [-81.02165454548232, 31.933818181888658], [-81.02374545535498, 31.934763636088146], [-81.02614545377324, 31.93448181931938], [-80.92884545481343, 31.908154545961114], [-80.99279999995723, 31.857263635803225], [-81.07030909152624, 31.87585454581308], [-81.08892727308319, 31.895563635840343], [-81.08959999956441, 31.85950000030549], [-81.14182727229715, 31.857818181764536], [-81.18316363650126, 31.798254545732725], [-81.1620545457015, 31.78371818209792], [-81.17635454494688, 31.759363637349637], [-81.16067272682804, 31.72814545384355], [-81.25506363594909, 31.757127271880172], [-81.25848181834769, 31.780563636242988], [-81.26363636397149, 31.771863636018914], [-81.26717272775748, 31.790727271682194], [-81.27456363545042, 31.789972727146907], [-81.27362727322677, 31.75701818216375], [-81.17274545521059, 31.69516363630471], [-81.131136364441, 31.695772727071294], [-81.13041818248843, 31.626127272844673], [-81.17308181902297, 31.555909090871356], [-81.19271818161161, 31.577918182120577], [-81.29522727335795, 31.53564545483636], [-81.29484545353448, 31.523154546239997], [-81.25884545406876, 31.528809090922188], [-81.30811818090193, 31.48497272730041], [-81.29740000000848, 31.4869636364313], [-81.33166363555578, 31.47764545531853], [-81.3260090897079, 31.45667272708812], [-81.3437818181153, 31.440990909958686], [-81.29201818224017, 31.371799999724665], [-81.33617272738763, 31.370836363814902], [-81.32940909125372, 31.333663636650055], [-81.43619090873858, 31.34155454563021], [-81.37158181789717, 31.323272726839384], [-81.40211818194201, 31.304945453584715], [-81.38675454580786, 31.27677272793304], [-81.40408181794226, 31.265963635711515], [-81.40818181913544, 31.280263637042676], [-81.4108727265119, 31.279927272941606], [-81.41423636380812, 31.283409090756678], [-81.42891818182672, 31.288427272405915], [-81.42496363738056, 31.28874545489557], [-81.42427272702638, 31.301836364386514], [-81.43313636261257, 31.303118181679785], [-81.42923636403741, 31.287899999982276], [-81.39597272819006, 31.253972727444715], [-81.4219363642079, 31.247954546304634], [-81.44559090879945, 31.207181818053876], [-81.42490909065529, 31.17919090923328], [-81.4332181822077, 31.130172728234598], [-81.4497090909691, 31.111309091232727], [-81.48397272804495, 31.11088181812687], [-81.46402727255422, 31.08822727270823], [-81.44169090889588, 31.09224545384813], [-81.42553636312485, 31.047181818390943], [-81.4556454553631, 31.037227271940548], [-81.46237272731798, 30.998109091097973], [-81.51945454545694, 30.97223636387534], [-81.50314545483945, 30.924418180644263], [-81.46903636373455, 30.922072727602185], [-81.51629090921199, 30.886681819167546], [-81.48472727155696, 30.843981817611695], [-81.5213363629062, 30.8465636374292], [-81.5340636369709, 30.827045455348937], [-81.48979090903731, 30.76685454603108], [-81.50000000026748, 30.721118181765632], [-81.46312727325694, 30.68854545423498], [-81.45411818151213, 30.70559090887628], [-81.42643636280265, 30.70035454574087], [-81.4448272725077, 30.583527273065137], [-81.4354181818261, 30.523027273237776], [-81.45540909135416, 30.511009091505162], [-81.41080909091292, 30.482036363993195], [-81.3856181817436, 30.273790909120518], [-81.28742727219645, 29.914836363583596], [-81.29743636262216, 29.912981818333815], [-81.32971818211354, 29.995799999882617], [-81.36284545484631, 30.0339999997051], [-81.35474545468142, 30.06224545383283], [-81.37024545364035, 30.06712727172501], [-81.3684818176639, 30.028109090837823], [-81.33465454484626, 29.99607272772383], [-81.33766363727996, 29.96028181843391], [-81.31680000026957, 29.954718181605493], [-81.3052999996089, 29.91676363595903], [-81.3067636372918, 29.829181817718396], [-81.26064545515715, 29.74497272688765], [-81.24636363572131, 29.743472727184024], [-81.24733636438268, 29.714981817753173], [-81.22351818147597, 29.699954545313147], [-81.03925454636205, 29.292454546451133], [-80.9197636375061, 29.078745454859327], [-80.94764545411405, 29.09475454605255], [-81.02164545403082, 29.23183636400261], [-81.01943636357562, 29.233881817716885], [-81.05655454626375, 29.303499999642938], [-81.09034545491815, 29.39019090916689], [-81.09826363731548, 29.405836363606916], [-81.10134545442659, 29.408490909344614], [-81.08689090894633, 29.375181817911127], [-81.09976363648155, 29.35270909087945], [-81.08594545403074, 29.342154545105533], [-81.08565454481234, 29.354545455255888], [-81.05928181808754, 29.30832727341429], [-80.96774545394753, 29.08426363565339], [-80.91104545370416, 29.051772726512677], [-80.91511818088242, 29.013181818226244]]]}}, {"type": "Feature", "properties": {"code": "8.5", "name": "MISSISSIPPI ALLUVIAL AND SOUTHEAST USA COASTAL PLAINS"}, "geometry": {"type": "Polygon", "coordinates": [[[-80.91590909061948, 29.026409091266494], [-80.90056363736531, 29.02259090902489], [-80.90828181915761, 29.009954545002717], [-80.91590909061948, 29.026409091266494]]]}}, {"type": "Feature", "properties": {"code": "8.5", "name": "MISSISSIPPI ALLUVIAL AND SOUTHEAST USA COASTAL PLAINS"}, "geometry": {"type": "Polygon", "coordinates": [[[-80.97698181787977, 29.148181817758598], [-80.97950909128241, 29.143254545288855], [-80.98309090876249, 29.144972727096242], [-80.97698181787977, 29.148181817758598]]]}}, {"type": "Feature", "properties": {"code": "8.5", "name": "MISSISSIPPI ALLUVIAL AND SOUTHEAST USA COASTAL PLAINS"}, "geometry": {"type": "Polygon", "coordinates": [[[-81.10888181894238, 31.852899999815413], [-81.13097272687476, 31.849918182220254], [-81.09526363743795, 31.847054545157945], [-81.03687272724555, 31.812718182143684], [-81.06811818167998, 31.768736363318485], [-81.13844545528157, 31.72093636369643], [-81.17077272701407, 31.757363635662536], [-81.15816363733255, 31.782436363818235], [-81.18037272697349, 31.793227272409116], [-81.17624545551004, 31.816036363833668], [-81.13510909094379, 31.8519545451466], [-81.10888181894238, 31.852899999815413]]]}}, {"type": "Feature", "properties": {"code": "8.5", "name": "MISSISSIPPI ALLUVIAL AND SOUTHEAST USA COASTAL PLAINS"}, "geometry": {"type": "Polygon", "coordinates": [[[-81.18822727217463, 31.532545454367067], [-81.1772545445752, 31.517072726495396], [-81.22676363601184, 31.436845455135177], [-81.28061818196353, 31.38382727315], [-81.30857272673546, 31.426600000200523], [-81.29416363607837, 31.488363636165925], [-81.2600272714771, 31.497909090934286], [-81.2360181824334, 31.530272726735873], [-81.18822727217463, 31.532545454367067]]]}}, {"type": "Feature", "properties": {"code": "8.5", "name": "MISSISSIPPI ALLUVIAL AND SOUTHEAST USA COASTAL PLAINS"}, "geometry": {"type": "Polygon", "coordinates": [[[-81.2744727271677, 29.90390909104396], [-81.26240909121407, 29.81576363607425], [-81.22619091025555, 29.71226363580588], [-81.22930909090223, 29.70681818088514], [-81.30793636363381, 29.85713636381121], [-81.29095454546231, 29.878227271875765], [-81.30140909049985, 29.900390908911373], [-81.28623636360466, 29.886854545892387], [-81.27404545384148, 29.86919090856345], [-81.27305454587784, 29.86795454551962], [-81.2715727279963, 29.867318182197042], [-81.29403636384191, 29.905409090658722], [-81.2744727271677, 29.90390909104396]]]}}, {"type": "Feature", "properties": {"code": "8.5", "name": "MISSISSIPPI ALLUVIAL AND SOUTHEAST USA COASTAL PLAINS"}, "geometry": {"type": "Polygon", "coordinates": [[[-81.29592727300862, 31.48497272744417], [-81.30550000024536, 31.44820909068143], [-81.32832727260612, 31.476554545003363], [-81.29592727300862, 31.48497272744417]]]}}, {"type": "Feature", "properties": {"code": "8.5", "name": "MISSISSIPPI ALLUVIAL AND SOUTHEAST USA COASTAL PLAINS"}, "geometry": {"type": "Polygon", "coordinates": [[[-81.3164909088288, 31.43019999983374], [-81.33769090893432, 31.446127272303954], [-81.32571818214812, 31.4607454547728], [-81.30582727260041, 31.444527273041697], [-81.3164909088288, 31.43019999983374]]]}}, {"type": "Feature", "properties": {"code": "8.5", "name": "MISSISSIPPI ALLUVIAL AND SOUTHEAST USA COASTAL PLAINS"}, "geometry": {"type": "Polygon", "coordinates": [[[-81.33472727236003, 31.36348181848447], [-81.27449999961219, 31.354245454147033], [-81.28239090915919, 31.33132727260884], [-81.28083636351695, 31.32920909117069], [-81.27672727263689, 31.328663636979257], [-81.25499999974434, 31.317336363992656], [-81.25396363684888, 31.315509091261482], [-81.32443636442432, 31.331672726840115], [-81.33472727236003, 31.36348181848447]]]}}, {"type": "Feature", "properties": {"code": "8.5", "name": "MISSISSIPPI ALLUVIAL AND SOUTHEAST USA COASTAL PLAINS"}, "geometry": {"type": "Polygon", "coordinates": [[[-81.39092727203999, 31.307581817647705], [-81.27178181828438, 31.291927273276183], [-81.2584000000635, 31.259472727817144], [-81.27963636287741, 31.251345453800266], [-81.29114545431835, 31.21857272737941], [-81.27986363560187, 31.222736364335564], [-81.33714545427469, 31.188690909028182], [-81.36824545546536, 31.136536363069563], [-81.41084545390835, 31.136272728045018], [-81.41826363667322, 31.188981817959714], [-81.39524545517689, 31.204972726626103], [-81.39888181788636, 31.238436364118414], [-81.38429090895214, 31.245881819083312], [-81.39092727203999, 31.307581817647705]]]}}, {"type": "Feature", "properties": {"code": "8.5", "name": "MISSISSIPPI ALLUVIAL AND SOUTHEAST USA COASTAL PLAINS"}, "geometry": {"type": "Polygon", "coordinates": [[[-81.39402727321776, 31.258809090874962], [-81.39690000048601, 31.205272727156782], [-81.42270909071377, 31.190245453921406], [-81.4320909086516, 31.226800000362992], [-81.42065454458957, 31.24538181816893], [-81.39402727321776, 31.258809090874962]]]}}, {"type": "Feature", "properties": {"code": "8.5", "name": "MISSISSIPPI ALLUVIAL AND SOUTHEAST USA COASTAL PLAINS"}, "geometry": {"type": "Polygon", "coordinates": [[[-81.40441818245658, 30.957827273091908], [-81.40515454627035, 30.90820000038646], [-81.45804545471344, 30.780890909386002], [-81.45508181804476, 30.71400909112154], [-81.48233636422273, 30.734836363751118], [-81.47346363683982, 30.840727272220153], [-81.51164545469705, 30.882409091390336], [-81.43593636426428, 30.932181818261405], [-81.41875454570807, 30.975472726686437], [-81.40441818245658, 30.957827273091908]]]}}, {"type": "Feature", "properties": {"code": "8.5", "name": "MISSISSIPPI ALLUVIAL AND SOUTHEAST USA COASTAL PLAINS"}, "geometry": {"type": "Polygon", "coordinates": [[[-81.4049454554775, 31.058963636058277], [-81.42049090916116, 31.01671818179997], [-81.43361818156444, 31.013381818325108], [-81.41967272657352, 31.035981818241712], [-81.44027272720491, 31.091972726637085], [-81.41119090945088, 31.121254545285076], [-81.4049454554775, 31.058963636058277]]]}}, {"type": "Feature", "properties": {"code": "8.5", "name": "MISSISSIPPI ALLUVIAL AND SOUTHEAST USA COASTAL PLAINS"}, "geometry": {"type": "Polygon", "coordinates": [[[-81.42092727328857, 31.182063636325125], [-81.42500909059687, 31.15602727237891], [-81.4275909088747, 31.15501818168413], [-81.42092727328857, 31.182063636325125]]]}}, {"type": "Feature", "properties": {"code": "8.5", "name": "MISSISSIPPI ALLUVIAL AND SOUTHEAST USA COASTAL PLAINS"}, "geometry": {"type": "Polygon", "coordinates": [[[-81.46397272692995, 30.968000000093713], [-81.44452727347709, 30.94699090912761], [-81.4667181817765, 30.924981818214846], [-81.5002727265723, 30.924581818203738], [-81.5052636368934, 30.935972726975], [-81.50162727176567, 30.93787272708628], [-81.49050000008951, 30.94890000034462], [-81.48728181795079, 30.94578181775484], [-81.48632727274988, 30.946127273205327], [-81.4871272733549, 30.94850909086373], [-81.48247272684455, 30.946199999588373], [-81.48169999953099, 30.946200000027464], [-81.48143636435094, 30.946981818466455], [-81.49026363603113, 30.949563635656368], [-81.49768181761121, 30.94429090852951], [-81.50780000030817, 30.962463637227263], [-81.46397272692995, 30.968000000093713]]]}}, {"type": "Feature", "properties": {"code": "8.5", "name": "MISSISSIPPI ALLUVIAL AND SOUTHEAST USA COASTAL PLAINS"}, "geometry": {"type": "Polygon", "coordinates": [[[-81.4998363641074, 30.82038181780683], [-81.49527272760332, 30.801072727611782], [-81.49981818228162, 30.794263636918902], [-81.51900909114188, 30.813772727204945], [-81.4998363641074, 30.82038181780683]]]}}, {"type": "Feature", "properties": {"code": "8.5", "name": "MISSISSIPPI ALLUVIAL AND SOUTHEAST USA COASTAL PLAINS"}, "geometry": {"type": "Polygon", "coordinates": [[[-81.50816363573543, 30.828281817559283], [-81.52394545376728, 30.82014545476516], [-81.53217272666177, 30.826981818195886], [-81.51934545508576, 30.83733636355995], [-81.50816363573543, 30.828281817559283]]]}}, {"type": "Feature", "properties": {"code": "8.5", "name": "MISSISSIPPI ALLUVIAL AND SOUTHEAST USA COASTAL PLAINS"}, "geometry": {"type": "Polygon", "coordinates": [[[-81.86490909063288, 26.376390909005718], [-81.85510909112674, 26.373436363602604], [-81.84883636360615, 26.362118180605783], [-81.85786363604606, 26.36072727281463], [-81.86490909063288, 26.376390909005718]]]}}, {"type": "Feature", "properties": {"code": "8.5", "name": "MISSISSIPPI ALLUVIAL AND SOUTHEAST USA COASTAL PLAINS"}, "geometry": {"type": "Polygon", "coordinates": [[[-81.86515454492461, 26.392700000283845], [-81.86317272692074, 26.390918181616872], [-81.86399090851769, 26.389290910027388], [-81.86515454492461, 26.392700000283845]]]}}, {"type": "Feature", "properties": {"code": "8.5", "name": "MISSISSIPPI ALLUVIAL AND SOUTHEAST USA COASTAL PLAINS"}, "geometry": {"type": "Polygon", "coordinates": [[[-81.87469091041048, 26.389654544792315], [-81.86884545379282, 26.401163636296562], [-81.86119090849353, 26.37915454624815], [-81.8699090914115, 26.378809091434785], [-81.88658181765514, 26.397927272663864], [-81.87469091041048, 26.389654544792315]]]}}, {"type": "Feature", "properties": {"code": "8.5", "name": "MISSISSIPPI ALLUVIAL AND SOUTHEAST USA COASTAL PLAINS"}, "geometry": {"type": "Polygon", "coordinates": [[[-81.95445454574023, 26.458772726583682], [-81.94063636363228, 26.462954545324507], [-81.93735454555804, 26.45660909112369], [-81.95445454574023, 26.458772726583682]]]}}, {"type": "Feature", "properties": {"code": "8.5", "name": "MISSISSIPPI ALLUVIAL AND SOUTHEAST USA COASTAL PLAINS"}, "geometry": {"type": "Polygon", "coordinates": [[[-81.96598181820009, 26.465163637203823], [-81.90479090895064, 26.432299999626327], [-81.88489090933587, 26.40357272770462], [-81.89730909098829, 26.403554545356], [-81.96598181820009, 26.465163637203823]]]}}, {"type": "Feature", "properties": {"code": "8.5", "name": "MISSISSIPPI ALLUVIAL AND SOUTHEAST USA COASTAL PLAINS"}, "geometry": {"type": "Polygon", "coordinates": [[[-81.99823636308503, 26.491981818475292], [-81.99249999962247, 26.493554546033483], [-81.99107272795831, 26.490827273413615], [-81.99823636308503, 26.491981818475292]]]}}, {"type": "Feature", "properties": {"code": "8.5", "name": "MISSISSIPPI ALLUVIAL AND SOUTHEAST USA COASTAL PLAINS"}, "geometry": {"type": "Polygon", "coordinates": [[[-82.0652727277557, 26.501699999956088], [-82.05613636408087, 26.49672727217297], [-82.05786363553561, 26.493418181940388], [-82.0652727277557, 26.501699999956088]]]}}, {"type": "Feature", "properties": {"code": "8.5", "name": "MISSISSIPPI ALLUVIAL AND SOUTHEAST USA COASTAL PLAINS"}, "geometry": {"type": "Polygon", "coordinates": [[[-82.06902727269791, 26.628618182318128], [-82.07123636396955, 26.628136363189938], [-82.06979090923696, 26.629672726993526], [-82.06902727269791, 26.628618182318128]]]}}, {"type": "Feature", "properties": {"code": "8.5", "name": "MISSISSIPPI ALLUVIAL AND SOUTHEAST USA COASTAL PLAINS"}, "geometry": {"type": "Polygon", "coordinates": [[[-82.07058181886093, 26.63115454638082], [-82.06910000041795, 26.62999999977218], [-82.06881818239803, 26.62865454515487], [-82.07058181886093, 26.63115454638082]]]}}, {"type": "Feature", "properties": {"code": "8.5", "name": "MISSISSIPPI ALLUVIAL AND SOUTHEAST USA COASTAL PLAINS"}, "geometry": {"type": "Polygon", "coordinates": [[[-82.07679999996007, 26.637572727393604], [-82.07020908973978, 26.632445454704563], [-82.07165454596297, 26.632636363741003], [-82.07259999975172, 26.63161818203184], [-82.06979090851621, 26.629872727191263], [-82.07138181821622, 26.628109090898423], [-82.06938181791541, 26.62645454484117], [-82.07042727350009, 26.624036363890482], [-82.07679999996007, 26.637572727393604]]]}}, {"type": "Feature", "properties": {"code": "8.5", "name": "MISSISSIPPI ALLUVIAL AND SOUTHEAST USA COASTAL PLAINS"}, "geometry": {"type": "Polygon", "coordinates": [[[-82.12410909117294, 26.697509091058638], [-82.10760000016529, 26.63941818182982], [-82.06561818159375, 26.612454546072314], [-82.0729636368209, 26.581327272799935], [-82.09106363661293, 26.58157272818005], [-82.06178181926232, 26.493409090625494], [-82.09254545534748, 26.492454546287878], [-82.10954545428001, 26.514836364235578], [-82.11913636263789, 26.56585454456454], [-82.11080909057706, 26.566836364172733], [-82.10394545526442, 26.57126363712669], [-82.12153636391331, 26.566818181553685], [-82.13640909134185, 26.64192727264821], [-82.18156363603764, 26.68169090879373], [-82.1568545464479, 26.70192727330613], [-82.12410909117294, 26.697509091058638]]]}}, {"type": "Feature", "properties": {"code": "8.5", "name": "MISSISSIPPI ALLUVIAL AND SOUTHEAST USA COASTAL PLAINS"}, "geometry": {"type": "Polygon", "coordinates": [[[-82.15465454559941, 26.70469090908523], [-82.16879090896445, 26.69465454527857], [-82.17917272660773, 26.699945453707166], [-82.1714999996137, 26.70546363567816], [-82.15465454559941, 26.70469090908523]]]}}, {"type": "Feature", "properties": {"code": "8.5", "name": "MISSISSIPPI ALLUVIAL AND SOUTHEAST USA COASTAL PLAINS"}, "geometry": {"type": "Polygon", "coordinates": [[[-82.20089999969544, 26.552599999543443], [-82.18099999988047, 26.47926363602697], [-82.1687727276974, 26.49331818195559], [-82.0852727272474, 26.456445454170176], [-82.08830909108286, 26.442990908832815], [-82.06033636441347, 26.469336362657565], [-82.01364545480243, 26.452536363807308], [-82.07546363695667, 26.421918181753053], [-82.12624545421234, 26.435990909157404], [-82.18070909103268, 26.476263636246333], [-82.20089999969544, 26.552599999543443]]]}}, {"type": "Feature", "properties": {"code": "8.5", "name": "MISSISSIPPI ALLUVIAL AND SOUTHEAST USA COASTAL PLAINS"}, "geometry": {"type": "Polygon", "coordinates": [[[-82.21974545473063, 26.607054544535984], [-82.21935454625724, 26.60317272738917], [-82.21891818161527, 26.594481818479252], [-82.20610909101016, 26.585172727139923], [-82.19940909103268, 26.555045454867503], [-82.22340000036799, 26.58739999962404], [-82.22360909081638, 26.603690909162115], [-82.21974545473063, 26.607054544535984]]]}}, {"type": "Feature", "properties": {"code": "8.5", "name": "MISSISSIPPI ALLUVIAL AND SOUTHEAST USA COASTAL PLAINS"}, "geometry": {"type": "Polygon", "coordinates": [[[-82.24745454639903, 26.707154545509766], [-82.23415454554967, 26.67686363730123], [-82.24376363647154, 26.653172727845586], [-82.23414545527974, 26.654681818365905], [-82.22191818070613, 26.612718182334397], [-82.26252727257288, 26.677618182304055], [-82.2612363640241, 26.68162727320123], [-82.25973636425879, 26.68149090936909], [-82.26097272699027, 26.675936363734717], [-82.25785454562448, 26.672200000009916], [-82.25322727185122, 26.67010909100487], [-82.25914545483154, 26.683399999857468], [-82.26296363697666, 26.683200000115434], [-82.24745454639903, 26.707154545509766]]]}}, {"type": "Feature", "properties": {"code": "8.5", "name": "MISSISSIPPI ALLUVIAL AND SOUTHEAST USA COASTAL PLAINS"}, "geometry": {"type": "Polygon", "coordinates": [[[-82.25290909128843, 26.768845454969814], [-82.24986363593766, 26.762363636238597], [-82.26229090940967, 26.758945454003516], [-82.25290909128843, 26.768845454969814]]]}}, {"type": "Feature", "properties": {"code": "8.5", "name": "MISSISSIPPI ALLUVIAL AND SOUTHEAST USA COASTAL PLAINS"}, "geometry": {"type": "Polygon", "coordinates": [[[-82.26185454598176, 26.758054545378478], [-82.25325454606521, 26.75118181757688], [-82.25477272693986, 26.74925454637301], [-82.26185454598176, 26.758054545378478]]]}}, {"type": "Feature", "properties": {"code": "8.5", "name": "MISSISSIPPI ALLUVIAL AND SOUTHEAST USA COASTAL PLAINS"}, "geometry": {"type": "Polygon", "coordinates": [[[-82.28442727217967, 26.80906363638207], [-82.25390000022827, 26.74729090902966], [-82.26061818174158, 26.716727273112244], [-82.28442727217967, 26.80906363638207]]]}}, {"type": "Feature", "properties": {"code": "8.5", "name": "MISSISSIPPI ALLUVIAL AND SOUTHEAST USA COASTAL PLAINS"}, "geometry": {"type": "Polygon", "coordinates": [[[-82.3540727270819, 26.933427272417244], [-82.35630000017528, 26.92515454527877], [-82.35943636440486, 26.927736363037145], [-82.3540727270819, 26.933427272417244]]]}}, {"type": "Feature", "properties": {"code": "8.5", "name": "MISSISSIPPI ALLUVIAL AND SOUTHEAST USA COASTAL PLAINS"}, "geometry": {"type": "Polygon", "coordinates": [[[-82.51105454649554, 27.20719999964567], [-82.47133636447292, 27.1396363639137], [-82.46552727353392, 27.113436363734085], [-82.51105454649554, 27.20719999964567]]]}}, {"type": "Feature", "properties": {"code": "8.5", "name": "MISSISSIPPI ALLUVIAL AND SOUTHEAST USA COASTAL PLAINS"}, "geometry": {"type": "Polygon", "coordinates": [[[-82.54744545411177, 27.30327272662048], [-82.55514545360585, 27.288427272929503], [-82.51170909141794, 27.2097545453331], [-82.56946363620668, 27.27609090933847], [-82.54744545411177, 27.30327272662048]]]}}, {"type": "Feature", "properties": {"code": "8.5", "name": "MISSISSIPPI ALLUVIAL AND SOUTHEAST USA COASTAL PLAINS"}, "geometry": {"type": "Polygon", "coordinates": [[[-82.55507272778586, 27.318927273025018], [-82.55827272849788, 27.322090909051813], [-82.55753636444584, 27.322809090848867], [-82.55507272778586, 27.318927273025018]]]}}, {"type": "Feature", "properties": {"code": "8.5", "name": "MISSISSIPPI ALLUVIAL AND SOUTHEAST USA COASTAL PLAINS"}, "geometry": {"type": "Polygon", "coordinates": [[[-82.55720000023844, 27.31201818190719], [-82.55710909062181, 27.315554546342664], [-82.55612727204303, 27.315227273307404], [-82.55720000023844, 27.31201818190719]]]}}, {"type": "Feature", "properties": {"code": "8.5", "name": "MISSISSIPPI ALLUVIAL AND SOUTHEAST USA COASTAL PLAINS"}, "geometry": {"type": "Polygon", "coordinates": [[[-82.55745454457079, 27.315636362654118], [-82.56337272723067, 27.315281817886323], [-82.56234545485776, 27.31680909070292], [-82.55745454457079, 27.315636362654118]]]}}, {"type": "Feature", "properties": {"code": "8.5", "name": "MISSISSIPPI ALLUVIAL AND SOUTHEAST USA COASTAL PLAINS"}, "geometry": {"type": "Polygon", "coordinates": [[[-82.55868181817867, 27.329363637181636], [-82.56005454481009, 27.32148181780201], [-82.56402727278004, 27.320936364023797], [-82.55868181817867, 27.329363637181636]]]}}, {"type": "Feature", "properties": {"code": "8.5", "name": "MISSISSIPPI ALLUVIAL AND SOUTHEAST USA COASTAL PLAINS"}, "geometry": {"type": "Polygon", "coordinates": [[[-82.56207272745331, 27.32096363606824], [-82.55744545505806, 27.315890909334424], [-82.56387272722166, 27.316027272990965], [-82.56207272745331, 27.32096363606824]]]}}, {"type": "Feature", "properties": {"code": "8.5", "name": "MISSISSIPPI ALLUVIAL AND SOUTHEAST USA COASTAL PLAINS"}, "geometry": {"type": "Polygon", "coordinates": [[[-82.57332727277043, 27.337290909416936], [-82.58587272744556, 27.324272726769145], [-82.56712727250573, 27.323736364326347], [-82.57944545385209, 27.316909091001275], [-82.56610909050097, 27.298090909276812], [-82.58879090878412, 27.32394545451356], [-82.57332727277043, 27.337290909416936]]]}}, {"type": "Feature", "properties": {"code": "8.5", "name": "MISSISSIPPI ALLUVIAL AND SOUTHEAST USA COASTAL PLAINS"}, "geometry": {"type": "Polygon", "coordinates": [[[-82.59393636393553, 27.822245454648375], [-82.5966636371563, 27.823445455286784], [-82.59348181808734, 27.82276363611046], [-82.59393636393553, 27.822245454648375]]]}}, {"type": "Feature", "properties": {"code": "8.5", "name": "MISSISSIPPI ALLUVIAL AND SOUTHEAST USA COASTAL PLAINS"}, "geometry": {"type": "Polygon", "coordinates": [[[-82.60735454578555, 27.534763637299108], [-82.61086363747924, 27.52446363700098], [-82.621272727422, 27.522918181789592], [-82.64683636271077, 27.531999999900012], [-82.60735454578555, 27.534763637299108]]]}}, {"type": "Feature", "properties": {"code": "8.5", "name": "MISSISSIPPI ALLUVIAL AND SOUTHEAST USA COASTAL PLAINS"}, "geometry": {"type": "Polygon", "coordinates": [[[-82.61465454601696, 27.79185454468353], [-82.61691818218333, 27.790427273054018], [-82.61673636446139, 27.79211818085987], [-82.61465454601696, 27.79185454468353]]]}}, {"type": "Feature", "properties": {"code": "8.5", "name": "MISSISSIPPI ALLUVIAL AND SOUTHEAST USA COASTAL PLAINS"}, "geometry": {"type": "Polygon", "coordinates": [[[-82.62669090970407, 27.739945454788092], [-82.62530000015721, 27.726427272892057], [-82.62795454535294, 27.72031818211424], [-82.63090909064512, 27.720163636380498], [-82.62669090970407, 27.739945454788092]]]}}, {"type": "Feature", "properties": {"code": "8.5", "name": "MISSISSIPPI ALLUVIAL AND SOUTHEAST USA COASTAL PLAINS"}, "geometry": {"type": "Polygon", "coordinates": [[[-82.64694545496472, 28.79406363688928], [-82.64205454613172, 28.782309090832523], [-82.6964000005509, 28.77195454577968], [-82.69778181888441, 28.78206363557553], [-82.64694545496472, 28.79406363688928]]]}}, {"type": "Feature", "properties": {"code": "8.5", "name": "MISSISSIPPI ALLUVIAL AND SOUTHEAST USA COASTAL PLAINS"}, "geometry": {"type": "Polygon", "coordinates": [[[-82.64757272726892, 28.77988181880261], [-82.64445454622152, 28.759981818281112], [-82.68651818206476, 28.760881818196562], [-82.68211818161053, 28.772136363842925], [-82.64757272726892, 28.77988181880261]]]}}, {"type": "Feature", "properties": {"code": "8.5", "name": "MISSISSIPPI ALLUVIAL AND SOUTHEAST USA COASTAL PLAINS"}, "geometry": {"type": "Polygon", "coordinates": [[[-82.65361818221899, 28.821936363400113], [-82.648763636279, 28.795927271998387], [-82.6827454540132, 28.796363636657194], [-82.6854727276009, 28.80968181808468], [-82.68750909111864, 28.801109090666838], [-82.6908363641265, 28.79979999972368], [-82.68940909056164, 28.81400909132718], [-82.6807909093837, 28.80903636442046], [-82.67067272765351, 28.811172728039626], [-82.66699999957802, 28.813963637343416], [-82.68812727299942, 28.814354544948305], [-82.67922727341636, 28.822145453687586], [-82.65361818221899, 28.821936363400113]]]}}, {"type": "Feature", "properties": {"code": "8.5", "name": "MISSISSIPPI ALLUVIAL AND SOUTHEAST USA COASTAL PLAINS"}, "geometry": {"type": "Polygon", "coordinates": [[[-82.66443636338093, 28.880972726684124], [-82.639172727707, 28.8794363635145], [-82.64247272789763, 28.853609091016267], [-82.64657272668113, 28.875599999854202], [-82.66443636338093, 28.880972726684124]]]}}, {"type": "Feature", "properties": {"code": "8.5", "name": "MISSISSIPPI ALLUVIAL AND SOUTHEAST USA COASTAL PLAINS"}, "geometry": {"type": "Polygon", "coordinates": [[[-82.66595454546045, 28.84339090930105], [-82.63880909132159, 28.84279090896687], [-82.6623090904782, 28.824254544676403], [-82.66595454546045, 28.84339090930105]]]}}, {"type": "Feature", "properties": {"code": "8.5", "name": "MISSISSIPPI ALLUVIAL AND SOUTHEAST USA COASTAL PLAINS"}, "geometry": {"type": "Polygon", "coordinates": [[[-82.67060909024283, 28.732863637266696], [-82.65123636299907, 28.725754545308007], [-82.66740909068398, 28.71250909058177], [-82.67060909024283, 28.732863637266696]]]}}, {"type": "Feature", "properties": {"code": "8.5", "name": "MISSISSIPPI ALLUVIAL AND SOUTHEAST USA COASTAL PLAINS"}, "geometry": {"type": "Polygon", "coordinates": [[[-82.671572727226, 28.864090910135918], [-82.65874545382198, 28.851318181597453], [-82.66730909104395, 28.82402727201135], [-82.72056363663248, 28.827690909154498], [-82.72338181810898, 28.854409091088552], [-82.671572727226, 28.864090910135918]]]}}, {"type": "Feature", "properties": {"code": "8.5", "name": "MISSISSIPPI ALLUVIAL AND SOUTHEAST USA COASTAL PLAINS"}, "geometry": {"type": "Polygon", "coordinates": [[[-82.67420909046125, 28.86725454509391], [-82.67019090984208, 28.873345453713096], [-82.6643363640784, 28.865645454580502], [-82.67420909046125, 28.86725454509391]]]}}, {"type": "Feature", "properties": {"code": "8.5", "name": "MISSISSIPPI ALLUVIAL AND SOUTHEAST USA COASTAL PLAINS"}, "geometry": {"type": "Polygon", "coordinates": [[[-82.68326363560125, 28.795336363927575], [-82.67254545457443, 28.787954545267034], [-82.68799999956912, 28.790218181804622], [-82.68326363560125, 28.795336363927575]]]}}, {"type": "Feature", "properties": {"code": "8.5", "name": "MISSISSIPPI ALLUVIAL AND SOUTHEAST USA COASTAL PLAINS"}, "geometry": {"type": "Polygon", "coordinates": [[[-82.6897818186883, 27.43453636356142], [-82.65469090942399, 27.419354546245163], [-82.62955454564731, 27.373354545794133], [-82.63024545422698, 27.386018181724477], [-82.61650000014484, 27.378663636813258], [-82.60621818096163, 27.35027272674359], [-82.58151818228073, 27.338281818999846], [-82.58890909102301, 27.328227273454313], [-82.6897818186883, 27.43453636356142]]]}}, {"type": "Feature", "properties": {"code": "8.5", "name": "MISSISSIPPI ALLUVIAL AND SOUTHEAST USA COASTAL PLAINS"}, "geometry": {"type": "Polygon", "coordinates": [[[-82.69720909120747, 27.709127272783466], [-82.69566363637391, 27.714154546496324], [-82.6925727267609, 27.71034545361687], [-82.69720909120747, 27.709127272783466]]]}}, {"type": "Feature", "properties": {"code": "8.5", "name": "MISSISSIPPI ALLUVIAL AND SOUTHEAST USA COASTAL PLAINS"}, "geometry": {"type": "Polygon", "coordinates": [[[-82.697909090705, 27.708781817616657], [-82.70556363746425, 27.709472728243487], [-82.6978181822282, 27.710472727119857], [-82.697909090705, 27.708781817616657]]]}}, {"type": "Feature", "properties": {"code": "8.5", "name": "MISSISSIPPI ALLUVIAL AND SOUTHEAST USA COASTAL PLAINS"}, "geometry": {"type": "Polygon", "coordinates": [[[-82.69974545533194, 27.718436364136878], [-82.70575454520667, 27.713900000326635], [-82.70656363620199, 27.716636364337347], [-82.69974545533194, 27.718436364136878]]]}}, {"type": "Feature", "properties": {"code": "8.5", "name": "MISSISSIPPI ALLUVIAL AND SOUTHEAST USA COASTAL PLAINS"}, "geometry": {"type": "Polygon", "coordinates": [[[-82.70787272815129, 27.71590909068303], [-82.71444545458068, 27.69659090898259], [-82.71689090944064, 27.69497272718491], [-82.72229090916042, 27.712763636690863], [-82.70787272815129, 27.71590909068303]]]}}, {"type": "Feature", "properties": {"code": "8.5", "name": "MISSISSIPPI ALLUVIAL AND SOUTHEAST USA COASTAL PLAINS"}, "geometry": {"type": "Polygon", "coordinates": [[[-82.71334545500048, 27.647300000209967], [-82.715318182156, 27.625999999651697], [-82.71134545459935, 27.642690908565], [-82.70739090880414, 27.627354545846277], [-82.69768181759441, 27.639009091365715], [-82.70333636395995, 27.627009090624874], [-82.73694545467293, 27.61231818179176], [-82.7417090909855, 27.64372727341487], [-82.72475454596749, 27.62051818202991], [-82.71334545500048, 27.647300000209967]]]}}, {"type": "Feature", "properties": {"code": "8.5", "name": "MISSISSIPPI ALLUVIAL AND SOUTHEAST USA COASTAL PLAINS"}, "geometry": {"type": "Polygon", "coordinates": [[[-82.7209090906175, 27.693127272023247], [-82.72488181763428, 27.665045454182817], [-82.71804545542896, 27.65794545530773], [-82.71649090893133, 27.651054545889462], [-82.73182727251775, 27.674700000087107], [-82.7209090906175, 27.693127272023247]]]}}, {"type": "Feature", "properties": {"code": "8.5", "name": "MISSISSIPPI ALLUVIAL AND SOUTHEAST USA COASTAL PLAINS"}, "geometry": {"type": "Polygon", "coordinates": [[[-82.72923636404083, 27.723263636174156], [-82.73062727210825, 27.724745454916246], [-82.72880909129964, 27.72383636273374], [-82.72923636404083, 27.723263636174156]]]}}, {"type": "Feature", "properties": {"code": "8.5", "name": "MISSISSIPPI ALLUVIAL AND SOUTHEAST USA COASTAL PLAINS"}, "geometry": {"type": "Polygon", "coordinates": [[[-82.72971818212739, 27.706118182240708], [-82.73792727282665, 27.682418181935248], [-82.7601545459886, 27.758436363787055], [-82.73239999988934, 27.73567272737337], [-82.74189999991036, 27.729254544571678], [-82.72971818212739, 27.706118182240708]]]}}, {"type": "Feature", "properties": {"code": "8.5", "name": "MISSISSIPPI ALLUVIAL AND SOUTHEAST USA COASTAL PLAINS"}, "geometry": {"type": "Polygon", "coordinates": [[[-82.73433636334535, 27.703190909055973], [-82.72622727261287, 27.70171818189734], [-82.73414545446087, 27.69462727331602], [-82.73433636334535, 27.703190909055973]]]}}, {"type": "Feature", "properties": {"code": "8.5", "name": "MISSISSIPPI ALLUVIAL AND SOUTHEAST USA COASTAL PLAINS"}, "geometry": {"type": "Polygon", "coordinates": [[[-82.74017272675765, 27.746227272593885], [-82.73383636408053, 27.746200000325853], [-82.73345454449469, 27.744172727181], [-82.74017272675765, 27.746227272593885]]]}}, {"type": "Feature", "properties": {"code": "8.5", "name": "MISSISSIPPI ALLUVIAL AND SOUTHEAST USA COASTAL PLAINS"}, "geometry": {"type": "Polygon", "coordinates": [[[-82.74777272681935, 27.53819999966503], [-82.7077909103033, 27.523072727048003], [-82.6891000004602, 27.44421818215471], [-82.74777272681935, 27.53819999966503]]]}}, {"type": "Feature", "properties": {"code": "8.5", "name": "MISSISSIPPI ALLUVIAL AND SOUTHEAST USA COASTAL PLAINS"}, "geometry": {"type": "Polygon", "coordinates": [[[-82.75139999962296, 27.753563636231938], [-82.74449999990637, 27.7488818181357], [-82.74514545353821, 27.747472726940277], [-82.75139999962296, 27.753563636231938]]]}}, {"type": "Feature", "properties": {"code": "8.5", "name": "MISSISSIPPI ALLUVIAL AND SOUTHEAST USA COASTAL PLAINS"}, "geometry": {"type": "Polygon", "coordinates": [[[-82.75174545362104, 27.77085454519311], [-82.74601818182238, 27.75879090889041], [-82.75383636353313, 27.754263636287682], [-82.75174545362104, 27.77085454519311]]]}}, {"type": "Feature", "properties": {"code": "8.5", "name": "MISSISSIPPI ALLUVIAL AND SOUTHEAST USA COASTAL PLAINS"}, "geometry": {"type": "Polygon", "coordinates": [[[-82.75650909094767, 27.576199999862915], [-82.76510000005572, 27.588027273388395], [-82.76204545423361, 27.602936363911866], [-82.75856363672322, 27.59988181864916], [-82.75650909094767, 27.576199999862915]]]}}, {"type": "Feature", "properties": {"code": "8.5", "name": "MISSISSIPPI ALLUVIAL AND SOUTHEAST USA COASTAL PLAINS"}, "geometry": {"type": "Polygon", "coordinates": [[[-82.76296363737879, 27.77128181844846], [-82.75789090905394, 27.76089090882597], [-82.76339090910017, 27.75925454512738], [-82.76296363737879, 27.77128181844846]]]}}, {"type": "Feature", "properties": {"code": "8.5", "name": "MISSISSIPPI ALLUVIAL AND SOUTHEAST USA COASTAL PLAINS"}, "geometry": {"type": "Polygon", "coordinates": [[[-82.76619090924794, 27.784836363635215], [-82.77226363571833, 27.77619090937376], [-82.76120909094483, 27.781172726855196], [-82.75746363666197, 27.77776363580189], [-82.77096363543389, 27.775818182323224], [-82.75651818173351, 27.738609090581164], [-82.78324545414058, 27.780018181995814], [-82.76619090924794, 27.784836363635215]]]}}, {"type": "Feature", "properties": {"code": "8.5", "name": "MISSISSIPPI ALLUVIAL AND SOUTHEAST USA COASTAL PLAINS"}, "geometry": {"type": "Polygon", "coordinates": [[[-82.78483636415258, 28.052581817870564], [-82.78927272696002, 28.048954544972048], [-82.79367272781673, 28.05113636383815], [-82.78483636415258, 28.052581817870564]]]}}, {"type": "Feature", "properties": {"code": "8.5", "name": "MISSISSIPPI ALLUVIAL AND SOUTHEAST USA COASTAL PLAINS"}, "geometry": {"type": "Polygon", "coordinates": [[[-82.79696363580886, 28.15310909072011], [-82.79986363664386, 28.15270000021412], [-82.80123636402693, 28.153445454020297], [-82.79696363580886, 28.15310909072011]]]}}, {"type": "Feature", "properties": {"code": "8.5", "name": "MISSISSIPPI ALLUVIAL AND SOUTHEAST USA COASTAL PLAINS"}, "geometry": {"type": "Polygon", "coordinates": [[[-82.8049363643207, 28.156063637363232], [-82.80654545489583, 28.152745454148562], [-82.80695454550946, 28.155481818092408], [-82.8049363643207, 28.156063637363232]]]}}, {"type": "Feature", "properties": {"code": "8.5", "name": "MISSISSIPPI ALLUVIAL AND SOUTHEAST USA COASTAL PLAINS"}, "geometry": {"type": "Polygon", "coordinates": [[[-82.81100000016168, 28.059345454152435], [-82.79707272761277, 28.050881817944617], [-82.80169091003553, 28.05157272765143], [-82.81100000016168, 28.059345454152435]]]}}, {"type": "Feature", "properties": {"code": "8.5", "name": "MISSISSIPPI ALLUVIAL AND SOUTHEAST USA COASTAL PLAINS"}, "geometry": {"type": "Polygon", "coordinates": [[[-82.81529090906815, 27.986899999980725], [-82.81912727296863, 27.996527273398037], [-82.81862727271356, 27.99703636360434], [-82.81529090906815, 27.986899999980725]]]}}, {"type": "Feature", "properties": {"code": "8.5", "name": "MISSISSIPPI ALLUVIAL AND SOUTHEAST USA COASTAL PLAINS"}, "geometry": {"type": "Polygon", "coordinates": [[[-82.81746363670854, 28.04539090877232], [-82.81360908991311, 28.029918182424325], [-82.82106363609589, 28.009736362785773], [-82.82799090873985, 28.018809091046485], [-82.81746363670854, 28.04539090877232]]]}}, {"type": "Feature", "properties": {"code": "8.5", "name": "MISSISSIPPI ALLUVIAL AND SOUTHEAST USA COASTAL PLAINS"}, "geometry": {"type": "Polygon", "coordinates": [[[-82.81829999994522, 27.993563636275457], [-82.81840909125945, 27.987090909418857], [-82.81905454583642, 27.993899999806832], [-82.81829999994522, 27.993563636275457]]]}}, {"type": "Feature", "properties": {"code": "8.5", "name": "MISSISSIPPI ALLUVIAL AND SOUTHEAST USA COASTAL PLAINS"}, "geometry": {"type": "Polygon", "coordinates": [[[-82.81950909057846, 27.996909091116077], [-82.82216363615676, 27.98975454626574], [-82.82073636367184, 27.99711818162334], [-82.81950909057846, 27.996909091116077]]]}}, {"type": "Feature", "properties": {"code": "8.5", "name": "MISSISSIPPI ALLUVIAL AND SOUTHEAST USA COASTAL PLAINS"}, "geometry": {"type": "Polygon", "coordinates": [[[-82.8226363641731, 27.924518182260424], [-82.82590909092637, 27.925490909302106], [-82.82245454651833, 27.925254545710384], [-82.8226363641731, 27.924518182260424]]]}}, {"type": "Feature", "properties": {"code": "8.5", "name": "MISSISSIPPI ALLUVIAL AND SOUTHEAST USA COASTAL PLAINS"}, "geometry": {"type": "Polygon", "coordinates": [[[-82.82275454546432, 28.001927273040437], [-82.8220090901488, 27.964263636637362], [-82.82869090882181, 28.01078181821632], [-82.82275454546432, 28.001927273040437]]]}}, {"type": "Feature", "properties": {"code": "8.5", "name": "MISSISSIPPI ALLUVIAL AND SOUTHEAST USA COASTAL PLAINS"}, "geometry": {"type": "Polygon", "coordinates": [[[-82.8234545459478, 27.97729090912741], [-82.81024545397877, 27.975563637241606], [-82.81759999893694, 27.97472727306323], [-82.80709090883687, 27.9668909091516], [-82.8234545459478, 27.97729090912741]]]}}, {"type": "Feature", "properties": {"code": "8.5", "name": "MISSISSIPPI ALLUVIAL AND SOUTHEAST USA COASTAL PLAINS"}, "geometry": {"type": "Polygon", "coordinates": [[[-82.82414545411267, 27.926645454010362], [-82.82433636415807, 27.927781817696875], [-82.82026363744164, 27.92747272837495], [-82.82414545411267, 27.926645454010362]]]}}, {"type": "Feature", "properties": {"code": "8.5", "name": "MISSISSIPPI ALLUVIAL AND SOUTHEAST USA COASTAL PLAINS"}, "geometry": {"type": "Polygon", "coordinates": [[[-82.82818181840445, 28.083390909501855], [-82.82769091011602, 28.06268181828268], [-82.81539999956479, 28.05473636290436], [-82.83371818086053, 28.06476363571209], [-82.82818181840445, 28.083390909501855]]]}}, {"type": "Feature", "properties": {"code": "8.5", "name": "MISSISSIPPI ALLUVIAL AND SOUTHEAST USA COASTAL PLAINS"}, "geometry": {"type": "Polygon", "coordinates": [[[-82.82990909062495, 27.91598181828624], [-82.82873636368414, 27.91025454521662], [-82.8318909086843, 27.910881817960835], [-82.82990909062495, 27.91598181828624]]]}}, {"type": "Feature", "properties": {"code": "8.5", "name": "MISSISSIPPI ALLUVIAL AND SOUTHEAST USA COASTAL PLAINS"}, "geometry": {"type": "Polygon", "coordinates": [[[-82.83012727313528, 27.910109090828687], [-82.83218181761389, 27.906454546252725], [-82.83412727334796, 27.902754545277613], [-82.83285454479076, 27.907590910147693], [-82.83012727313528, 27.910109090828687]]]}}, {"type": "Feature", "properties": {"code": "8.5", "name": "MISSISSIPPI ALLUVIAL AND SOUTHEAST USA COASTAL PLAINS"}, "geometry": {"type": "Polygon", "coordinates": [[[-82.83234545362498, 27.965136364092473], [-82.82342727222188, 27.958572727047443], [-82.84966363614532, 27.870736363091975], [-82.81763636264091, 27.81545454592599], [-82.77937272676706, 27.800990909114706], [-82.79214545535015, 27.794363636169354], [-82.78394545466166, 27.782909091313243], [-82.82890909099979, 27.82209999981082], [-82.84879090881405, 27.860027272542872], [-82.85125454527484, 27.890227273098777], [-82.83234545362498, 27.965136364092473]]]}}, {"type": "Feature", "properties": {"code": "8.5", "name": "MISSISSIPPI ALLUVIAL AND SOUTHEAST USA COASTAL PLAINS"}, "geometry": {"type": "Polygon", "coordinates": [[[-82.83538181762397, 27.929390908511063], [-82.8353545461292, 27.925372727410334], [-82.83949090899165, 27.92350909113738], [-82.8379090913976, 27.92901818210106], [-82.83538181762397, 27.929390908511063]]]}}, {"type": "Feature", "properties": {"code": "8.5", "name": "MISSISSIPPI ALLUVIAL AND SOUTHEAST USA COASTAL PLAINS"}, "geometry": {"type": "Polygon", "coordinates": [[[-82.83570000012683, 27.934881817949552], [-82.83799090864714, 27.935618181938533], [-82.83533636453053, 27.93543636389218], [-82.83570000012683, 27.934881817949552]]]}}, {"type": "Feature", "properties": {"code": "8.5", "name": "MISSISSIPPI ALLUVIAL AND SOUTHEAST USA COASTAL PLAINS"}, "geometry": {"type": "Polygon", "coordinates": [[[-82.83650909089792, 27.916563635745057], [-82.8395363641238, 27.91732727202237], [-82.83281818254102, 27.91698181777562], [-82.83650909089792, 27.916563635745057]]]}}, {"type": "Feature", "properties": {"code": "8.5", "name": "MISSISSIPPI ALLUVIAL AND SOUTHEAST USA COASTAL PLAINS"}, "geometry": {"type": "Polygon", "coordinates": [[[-83.02698181940346, 29.095881818333414], [-83.03158181900145, 29.096172727875278], [-83.03259999959732, 29.098763635575914], [-83.02698181940346, 29.095881818333414]]]}}, {"type": "Feature", "properties": {"code": "8.5", "name": "MISSISSIPPI ALLUVIAL AND SOUTHEAST USA COASTAL PLAINS"}, "geometry": {"type": "Polygon", "coordinates": [[[-83.03371818258289, 29.149281817669326], [-83.03047272721963, 29.14117272738113], [-83.03526363679214, 29.141736362706176], [-83.03371818258289, 29.149281817669326]]]}}, {"type": "Feature", "properties": {"code": "8.5", "name": "MISSISSIPPI ALLUVIAL AND SOUTHEAST USA COASTAL PLAINS"}, "geometry": {"type": "Polygon", "coordinates": [[[-83.03375454630653, 29.097172728333394], [-83.03412727239451, 29.0965727276691], [-83.0305272716346, 29.09554545508603], [-83.0351272722254, 29.096418181918388], [-83.03375454630653, 29.097172728333394]]]}}, {"type": "Feature", "properties": {"code": "8.5", "name": "MISSISSIPPI ALLUVIAL AND SOUTHEAST USA COASTAL PLAINS"}, "geometry": {"type": "Polygon", "coordinates": [[[-83.03426363587657, 29.156427272961793], [-83.03086363736347, 29.150590908892543], [-83.03297272773611, 29.15081818159253], [-83.03426363587657, 29.156427272961793]]]}}, {"type": "Feature", "properties": {"code": "8.5", "name": "MISSISSIPPI ALLUVIAL AND SOUTHEAST USA COASTAL PLAINS"}, "geometry": {"type": "Polygon", "coordinates": [[[-83.04226363557346, 29.13987272833672], [-83.04382727302267, 29.13590909094127], [-83.05109090957968, 29.132627271644953], [-83.05078181821361, 29.12724545476098], [-83.05620909104172, 29.12935454504477], [-83.04226363557346, 29.13987272833672]]]}}, {"type": "Feature", "properties": {"code": "8.5", "name": "MISSISSIPPI ALLUVIAL AND SOUTHEAST USA COASTAL PLAINS"}, "geometry": {"type": "Polygon", "coordinates": [[[-83.04655454630507, 29.155009090648413], [-83.02687272707752, 29.139063637341756], [-83.02959090847442, 29.135027272338174], [-83.0544454550428, 29.137336364390183], [-83.04655454630507, 29.155009090648413]]]}}, {"type": "Feature", "properties": {"code": "8.5", "name": "MISSISSIPPI ALLUVIAL AND SOUTHEAST USA COASTAL PLAINS"}, "geometry": {"type": "Polygon", "coordinates": [[[-83.07639999989406, 29.100727271863608], [-83.0616090914026, 29.09750000042086], [-83.06535454624684, 29.095718182035345], [-83.07030000002968, 29.09666363594936], [-83.07639999989406, 29.100727271863608]]]}}, {"type": "Feature", "properties": {"code": "8.5", "name": "MISSISSIPPI ALLUVIAL AND SOUTHEAST USA COASTAL PLAINS"}, "geometry": {"type": "Polygon", "coordinates": [[[-83.14164545388653, 29.32152727183319], [-83.12004545466914, 29.31541818232947], [-83.11283636427474, 29.279172727421194], [-83.12585454476732, 29.2777999997394], [-83.11835454544291, 29.28429090919584], [-83.12044545508195, 29.28432727272606], [-83.1176272734985, 29.290127272931873], [-83.12045454463237, 29.296336363667518], [-83.12063636328394, 29.285381818496514], [-83.13416363653667, 29.28470000030338], [-83.12581818210415, 29.292009090746106], [-83.13352727214567, 29.304200000131708], [-83.1363090910882, 29.283390909264842], [-83.14050909117368, 29.296663636847352], [-83.15885454632584, 29.293227272787888], [-83.14164545388653, 29.32152727183319]]]}}, {"type": "Feature", "properties": {"code": "8.5", "name": "MISSISSIPPI ALLUVIAL AND SOUTHEAST USA COASTAL PLAINS"}, "geometry": {"type": "Polygon", "coordinates": [[[-84.57243636402123, 29.825327273221774], [-84.57981818116794, 29.806536362845083], [-84.62489999972824, 29.788027273264362], [-84.64859090912312, 29.781681817764646], [-84.66694545538033, 29.778081818316853], [-84.67353636321933, 29.782000000234834], [-84.62490000018688, 29.789136362760107], [-84.57243636402123, 29.825327273221774]]]}}, {"type": "Feature", "properties": {"code": "8.5", "name": "MISSISSIPPI ALLUVIAL AND SOUTHEAST USA COASTAL PLAINS"}, "geometry": {"type": "Polygon", "coordinates": [[[-84.69564545551214, 29.769499999872124], [-84.7691545453385, 29.69665454562246], [-84.7921000004425, 29.68463636332304], [-84.99990909143042, 29.59896363628416], [-85.05069090870204, 29.58679090850661], [-85.09702727189223, 29.62487272788288], [-85.00894545461472, 29.59965454577767], [-84.92034545467871, 29.648654545972313], [-84.77427272727022, 29.696290908969885], [-84.75923636380493, 29.711499999612123], [-84.77670909140303, 29.707972727077777], [-84.69564545551214, 29.769499999872124]]]}}, {"type": "Feature", "properties": {"code": "8.5", "name": "MISSISSIPPI ALLUVIAL AND SOUTHEAST USA COASTAL PLAINS"}, "geometry": {"type": "Polygon", "coordinates": [[[-85.11433636425272, 29.68826363559121], [-85.06742727352109, 29.672718180808186], [-85.09721818218989, 29.6330090914172], [-85.12166363696053, 29.628463637252157], [-85.22276363695528, 29.678354546078026], [-85.11433636425272, 29.68826363559121]]]}}, {"type": "Feature", "properties": {"code": "8.5", "name": "MISSISSIPPI ALLUVIAL AND SOUTHEAST USA COASTAL PLAINS"}, "geometry": {"type": "Polygon", "coordinates": [[[-85.62385860700532, 30.069869207020545], [-85.62613114336179, 30.066838750076638], [-85.63279211111492, 30.073130147102095], [-85.62385860700532, 30.069869207020545]]]}}, {"type": "Feature", "properties": {"code": "8.5", "name": "MISSISSIPPI ALLUVIAL AND SOUTHEAST USA COASTAL PLAINS"}, "geometry": {"type": "Polygon", "coordinates": [[[-86.75561818151387, 30.400300000387304], [-86.51557272841953, 30.38701818164136], [-86.75015454528376, 30.39191818198765], [-87.21637272691994, 30.319699999841234], [-87.26879090863495, 30.315563635852527], [-87.30186363717446, 30.329254545899623], [-87.21030000038671, 30.322181818168872], [-87.15000909100455, 30.344354544768503], [-87.13009999968011, 30.335809090832196], [-86.75561818151387, 30.400300000387304]]]}}, {"type": "Feature", "properties": {"code": "8.5", "name": "MISSISSIPPI ALLUVIAL AND SOUTHEAST USA COASTAL PLAINS"}, "geometry": {"type": "Polygon", "coordinates": [[[-87.31359090933516, 30.326827273451038], [-87.32088181757844, 30.317172727169858], [-87.54486363639633, 30.27472727303602], [-87.5495545452733, 30.278236364124858], [-87.45203636378646, 30.296145454094177], [-87.43608181871501, 30.31253636386433], [-87.40770909119918, 30.301481819365524], [-87.31359090933516, 30.326827273451038]]]}}, {"type": "Feature", "properties": {"code": "8.5", "name": "MISSISSIPPI ALLUVIAL AND SOUTHEAST USA COASTAL PLAINS"}, "geometry": {"type": "Polygon", "coordinates": [[[-87.45809090903313, 30.3039999996748], [-87.49902727162558, 30.28917272689241], [-87.54267272832077, 30.280427272920118], [-87.50118181848633, 30.29995454480538], [-87.45809090903313, 30.3039999996748]]]}}]}